Unity Editor version:    2022.3.57f1 (9d8bd91adc0a)
Branch:                  2022.3/staging
Build type:              Release
Batch mode:              YES
macOS version:           Version 15.5 (Build 24F74)
Darwin version:          24.5.0
Architecture:            arm64
Running under Rosetta:   NO
Available memory:        24576 MB
Using pre-set license
Pro License: YES

COMMAND LINE ARGUMENTS:
/Applications/Unity/Hub/Editor/2022.3.57f1/Unity.app/Contents/MacOS/Unity
-adb2
-batchMode
-noUpm
-name
AssetImportWorker2
-projectPath
/Users/physallia/Desktop/YesChef/YesChef
-logFile
Logs/AssetImportWorker2.log
-srvPort
58902
Successfully changed project path to: /Users/physallia/Desktop/YesChef/YesChef
/Users/physallia/Desktop/YesChef/YesChef
[UnityMemory] Configuration Parameters - Can be set up in boot.config
    "memorysetup-bucket-allocator-granularity=16"
    "memorysetup-bucket-allocator-bucket-count=8"
    "memorysetup-bucket-allocator-block-size=33554432"
    "memorysetup-bucket-allocator-block-count=8"
    "memorysetup-main-allocator-block-size=16777216"
    "memorysetup-thread-allocator-block-size=16777216"
    "memorysetup-gfx-main-allocator-block-size=16777216"
    "memorysetup-gfx-thread-allocator-block-size=16777216"
    "memorysetup-cache-allocator-block-size=4194304"
    "memorysetup-typetree-allocator-block-size=2097152"
    "memorysetup-profiler-bucket-allocator-granularity=16"
    "memorysetup-profiler-bucket-allocator-bucket-count=8"
    "memorysetup-profiler-bucket-allocator-block-size=33554432"
    "memorysetup-profiler-bucket-allocator-block-count=8"
    "memorysetup-profiler-allocator-block-size=16777216"
    "memorysetup-profiler-editor-allocator-block-size=1048576"
    "memorysetup-temp-allocator-size-main=16777216"
    "memorysetup-job-temp-allocator-block-size=2097152"
    "memorysetup-job-temp-allocator-block-size-background=1048576"
    "memorysetup-job-temp-allocator-reduction-small-platforms=262144"
    "memorysetup-allocator-temp-initial-block-size-main=262144"
    "memorysetup-allocator-temp-initial-block-size-worker=262144"
    "memorysetup-temp-allocator-size-background-worker=32768"
    "memorysetup-temp-allocator-size-job-worker=262144"
    "memorysetup-temp-allocator-size-preload-manager=33554432"
    "memorysetup-temp-allocator-size-nav-mesh-worker=65536"
    "memorysetup-temp-allocator-size-audio-worker=65536"
    "memorysetup-temp-allocator-size-cloud-worker=32768"
    "memorysetup-temp-allocator-size-gi-baking-worker=262144"
    "memorysetup-temp-allocator-size-gfx=262144"
Player connection [8432148224]  Target information:

Player connection [8432148224]  * "[IP] 192.168.1.78 [Port] 0 [Flags] 2 [Guid] 4056093366 [EditorId] 4056093366 [Version] 1048832 [Id] OSXEditor(0,physallias-MacBook-Pro.local) [Debug] 1 [PackageName] OSXEditor [ProjectName] Editor" 

Player connection [8432148224]  * "[IP] 10.66.152.243 [Port] 0 [Flags] 2 [Guid] 4056093366 [EditorId] 4056093366 [Version] 1048832 [Id] OSXEditor(0,physallias-MacBook-Pro.local) [Debug] 1 [PackageName] OSXEditor [ProjectName] Editor" 

Player connection [8432148224] Host joined multi-casting on [225.0.0.222:54997]...
Player connection [8432148224] Host joined alternative multi-casting on [225.0.0.222:34997]...
Input System module state changed to: Initialized.
[PhysX] Initialized MultithreadedTaskDispatcher with 12 workers.
Refreshing native plugins compatible for Editor in 7.69 ms, found 2 plugins.
Preloading 0 native plugins for Editor in 0.00 ms.
Initialize engine version: 2022.3.57f1 (9d8bd91adc0a)
[Subsystems] Discovering subsystems at path /Applications/Unity/Hub/Editor/2022.3.57f1/Unity.app/Contents/Resources/UnitySubsystems
[Subsystems] Discovering subsystems at path /Users/physallia/Desktop/YesChef/YesChef/Assets
GfxDevice: creating device client; threaded=0; jobified=0
 preferred device: Apple M4 Pro (high power)
Metal devices available: 1
0: Apple M4 Pro (high power)
Using device Apple M4 Pro (high power)
Initializing Metal device caps: Apple M4 Pro
Initialize mono
Mono path[0] = '/Applications/Unity/Hub/Editor/2022.3.57f1/Unity.app/Contents/Managed'
Mono path[1] = '/Applications/Unity/Hub/Editor/2022.3.57f1/Unity.app/Contents/MonoBleedingEdge/lib/mono/unityjit-macos'
Mono config path = '/Applications/Unity/Hub/Editor/2022.3.57f1/Unity.app/Contents/MonoBleedingEdge/etc'
Using monoOptions --debugger-agent=transport=dt_socket,embedding=1,server=y,suspend=n,address=127.0.0.1:56430
Begin MonoManager ReloadAssembly
Registering precompiled unity dll's ...
Register platform support module: /Applications/Unity/Hub/Editor/2022.3.57f1/Unity.app/Contents/PlaybackEngines/MacStandaloneSupport/UnityEditor.OSXStandalone.Extensions.dll
Register platform support module: /Applications/Unity/Hub/Editor/2022.3.57f1/PlaybackEngines/AndroidPlayer/UnityEditor.Android.Extensions.dll
Registered in 0.002167 seconds.
- Loaded All Assemblies, in  0.163 seconds
Native extension for Android target not found
Android Extension - Scanning For ADB Devices 45 ms
Native extension for OSXStandalone target not found
Mono: successfully reloaded assembly
- Finished resetting the current domain, in  0.157 seconds
Domain Reload Profiling: 320ms
	BeginReloadAssembly (54ms)
		ExecutionOrderSort (0ms)
		DisableScriptedObjects (0ms)
		BackupInstance (0ms)
		ReleaseScriptingObjects (0ms)
		CreateAndSetChildDomain (0ms)
	RebuildCommonClasses (15ms)
	RebuildNativeTypeToScriptingClass (5ms)
	initialDomainReloadingComplete (21ms)
	LoadAllAssembliesAndSetupDomain (68ms)
		LoadAssemblies (55ms)
		RebuildTransferFunctionScriptingTraits (0ms)
		AnalyzeDomain (66ms)
			TypeCache.Refresh (65ms)
				TypeCache.ScanAssembly (59ms)
			ScanForSourceGeneratedMonoScriptInfo (0ms)
			ResolveRequiredComponents (0ms)
	FinalizeReload (157ms)
		ReleaseScriptCaches (0ms)
		RebuildScriptCaches (0ms)
		SetupLoadedEditorAssemblies (138ms)
			LogAssemblyErrors (0ms)
			InitializePlatformSupportModulesInManaged (80ms)
			SetLoadedEditorAssemblies (2ms)
			RefreshPlugins (0ms)
			BeforeProcessingInitializeOnLoad (1ms)
			ProcessInitializeOnLoadAttributes (40ms)
			ProcessInitializeOnLoadMethodAttributes (15ms)
			AfterProcessingInitializeOnLoad (0ms)
			EditorAssembliesLoaded (0ms)
		ExecutionOrderSort2 (0ms)
		AwakeInstancesAfterBackupRestoration (0ms)
========================================================================
Worker process is ready to serve import requests
Caller must complete domain reload
Begin MonoManager ReloadAssembly
- Loaded All Assemblies, in  0.254 seconds
Native extension for Android target not found
Native extension for OSXStandalone target not found
Mono: successfully reloaded assembly
- Finished resetting the current domain, in  0.264 seconds
Domain Reload Profiling: 519ms
	BeginReloadAssembly (50ms)
		ExecutionOrderSort (0ms)
		DisableScriptedObjects (2ms)
		BackupInstance (0ms)
		ReleaseScriptingObjects (0ms)
		CreateAndSetChildDomain (12ms)
	RebuildCommonClasses (15ms)
	RebuildNativeTypeToScriptingClass (5ms)
	initialDomainReloadingComplete (16ms)
	LoadAllAssembliesAndSetupDomain (169ms)
		LoadAssemblies (111ms)
		RebuildTransferFunctionScriptingTraits (0ms)
		AnalyzeDomain (79ms)
			TypeCache.Refresh (71ms)
				TypeCache.ScanAssembly (62ms)
			ScanForSourceGeneratedMonoScriptInfo (5ms)
			ResolveRequiredComponents (2ms)
	FinalizeReload (264ms)
		ReleaseScriptCaches (0ms)
		RebuildScriptCaches (0ms)
		SetupLoadedEditorAssemblies (199ms)
			LogAssemblyErrors (0ms)
			InitializePlatformSupportModulesInManaged (5ms)
			SetLoadedEditorAssemblies (2ms)
			RefreshPlugins (0ms)
			BeforeProcessingInitializeOnLoad (22ms)
			ProcessInitializeOnLoadAttributes (161ms)
			ProcessInitializeOnLoadMethodAttributes (8ms)
			AfterProcessingInitializeOnLoad (0ms)
			EditorAssembliesLoaded (0ms)
		ExecutionOrderSort2 (0ms)
		AwakeInstancesAfterBackupRestoration (1ms)
Launching external process: /Applications/Unity/Hub/Editor/2022.3.57f1/Unity.app/Contents/Tools/UnityShaderCompiler
Launched and connected shader compiler UnityShaderCompiler after 0.02 seconds
Refreshing native plugins compatible for Editor in 0.49 ms, found 2 plugins.
Preloading 0 native plugins for Editor in 0.00 ms.
Unloading 3103 Unused Serialized files (Serialized files now loaded: 0)
Unloading 19 unused Assets / (48.5 KB). Loaded Objects now: 3571.
Memory consumption went from 125.1 MB to 125.1 MB.
Total: 1.750417 ms (FindLiveObjects: 0.061542 ms CreateObjectMapping: 0.023125 ms MarkObjects: 1.604500 ms  DeleteObjects: 0.060833 ms)

AssetImportParameters requested are different than current active one (requested -> active):
  custom:container-demuxer-ogg: 62fdf1f143b41e24485cea50d1cbac27 -> 
  custom:video-decoder-ogg-theora: a1e56fd34408186e4bbccfd4996cb3dc -> 
  custom:CustomObjectIndexerAttribute: 9a22284fe3817be447336de3de66b15e -> 
  custom:container-demuxer-webm: 4f35f7cbe854078d1ac9338744f61a02 -> 
  custom:container-muxer-webm: aa71ff27fc2769a1b78a27578f13a17b -> 
  custom:video-decoder-webm-vp8: 9c59270c3fd7afecdb556c50c9e8de78 -> 
  custom:SearchIndexIgnoredProperties: e643bd26f0fe6173181afceb89e7c659 -> 
  custom:AudioImporter_EditorPlatform: 3918e3fc78b5a79bad01e8451be0beb8 -> 
  custom:framework-osx-AVFoundation: e770b220cccbd017edd2c1fefb359320 -> 
  custom:video-encoder-webm-vp8: eb34c28f22e8b96e1ab97ce403110664 -> 
  custom:audio-decoder-ogg-vorbis: bf7c407c2cedff20999df2af8eb42d56 -> 
  custom:audio-encoder-webm-vorbis: bf7c407c2cedff20999df2af8eb42d56 -> 
========================================================================
Received Import Request.
  Time since last request: 64610.891510 seconds.
  path: Assets/Art/KayKit_Restaurant_Bits_1.0_FREE/Assets/fbx (unity)/food_ingredient_onion.fbx
  artifactKey: Guid(f5bf1a02cfeb24244b35302f5f06d5c2) Importer(815301076,1909f56bfc062723c751e8b465ee728b)
Start importing Assets/Art/KayKit_Restaurant_Bits_1.0_FREE/Assets/fbx (unity)/food_ingredient_onion.fbx using Guid(f5bf1a02cfeb24244b35302f5f06d5c2) Importer(815301076,1909f56bfc062723c751e8b465ee728b) [PhysX] Initialized MultithreadedTaskDispatcher with 12 workers.
[PhysX] Initialized MultithreadedTaskDispatcher with 12 workers.
[PhysX] Initialized MultithreadedTaskDispatcher with 12 workers.
[PhysX] Initialized MultithreadedTaskDispatcher with 12 workers.
 -> (artifact id: '199b69062f84e70bbed28a2e607a24ba') in 0.159746 seconds
Number of updated asset objects reloaded before import = 0
Number of asset objects unloaded after import = 9
========================================================================
Received Import Request.
  Time since last request: 0.000028 seconds.
  path: Assets/Art/KayKit_Restaurant_Bits_1.0_FREE/Assets/fbx (unity)/jar_B_large.fbx
  artifactKey: Guid(fdfd4fc98edae4aabbec589ef3da0b49) Importer(815301076,1909f56bfc062723c751e8b465ee728b)
Start importing Assets/Art/KayKit_Restaurant_Bits_1.0_FREE/Assets/fbx (unity)/jar_B_large.fbx using Guid(fdfd4fc98edae4aabbec589ef3da0b49) Importer(815301076,1909f56bfc062723c751e8b465ee728b) [PhysX] Initialized MultithreadedTaskDispatcher with 12 workers.
[PhysX] Initialized MultithreadedTaskDispatcher with 12 workers.
[PhysX] Initialized MultithreadedTaskDispatcher with 12 workers.
[PhysX] Initialized MultithreadedTaskDispatcher with 12 workers.
 -> (artifact id: '84a60261add4536da708cafbdb8e92fe') in 0.007946 seconds
Number of updated asset objects reloaded before import = 0
Number of asset objects unloaded after import = 9
========================================================================
Received Import Request.
  Time since last request: 0.000056 seconds.
  path: Assets/Art/KayKit_Restaurant_Bits_1.0_FREE/Assets/fbx (unity)/fridge_B.fbx
  artifactKey: Guid(98e1b6078401441f083cd43a71a0a7b6) Importer(815301076,1909f56bfc062723c751e8b465ee728b)
Start importing Assets/Art/KayKit_Restaurant_Bits_1.0_FREE/Assets/fbx (unity)/fridge_B.fbx using Guid(98e1b6078401441f083cd43a71a0a7b6) Importer(815301076,1909f56bfc062723c751e8b465ee728b) [PhysX] Initialized MultithreadedTaskDispatcher with 12 workers.
[PhysX] Initialized MultithreadedTaskDispatcher with 12 workers.
[PhysX] Initialized MultithreadedTaskDispatcher with 12 workers.
[PhysX] Initialized MultithreadedTaskDispatcher with 12 workers.
[PhysX] Initialized MultithreadedTaskDispatcher with 12 workers.
[PhysX] Initialized MultithreadedTaskDispatcher with 12 workers.
 -> (artifact id: '9e9988ffd2c8b6fa1bc3a9e4a09973a6') in 0.011533 seconds
Number of updated asset objects reloaded before import = 0
Number of asset objects unloaded after import = 14
========================================================================
Received Import Request.
  Time since last request: 0.817458 seconds.
  path: Assets/Art/KayKit_Restaurant_Bits_1.0_FREE/Assets/fbx (unity)/jar_B_medium.fbx
  artifactKey: Guid(e8db0b0d0e46242639f6704c7a1bdb86) Importer(815301076,1909f56bfc062723c751e8b465ee728b)
Start importing Assets/Art/KayKit_Restaurant_Bits_1.0_FREE/Assets/fbx (unity)/jar_B_medium.fbx using Guid(e8db0b0d0e46242639f6704c7a1bdb86) Importer(815301076,1909f56bfc062723c751e8b465ee728b) [PhysX] Initialized MultithreadedTaskDispatcher with 12 workers.
[PhysX] Initialized MultithreadedTaskDispatcher with 12 workers.
[PhysX] Initialized MultithreadedTaskDispatcher with 12 workers.
[PhysX] Initialized MultithreadedTaskDispatcher with 12 workers.
 -> (artifact id: '7c1271137f1d54e7d9ceb8c71625995b') in 0.009261 seconds
Number of updated asset objects reloaded before import = 0
Number of asset objects unloaded after import = 9
========================================================================
Received Import Request.
  Time since last request: 0.000045 seconds.
  path: Assets/Art/KayKit_Restaurant_Bits_1.0_FREE/Assets/fbx (unity)/kitchencabinet.fbx
  artifactKey: Guid(acd1cf86cc80940f09ba2dbd159d29e7) Importer(815301076,1909f56bfc062723c751e8b465ee728b)
Start importing Assets/Art/KayKit_Restaurant_Bits_1.0_FREE/Assets/fbx (unity)/kitchencabinet.fbx using Guid(acd1cf86cc80940f09ba2dbd159d29e7) Importer(815301076,1909f56bfc062723c751e8b465ee728b) [PhysX] Initialized MultithreadedTaskDispatcher with 12 workers.
[PhysX] Initialized MultithreadedTaskDispatcher with 12 workers.
[PhysX] Initialized MultithreadedTaskDispatcher with 12 workers.
[PhysX] Initialized MultithreadedTaskDispatcher with 12 workers.
 -> (artifact id: 'cb2e329643dfc930244db5489d7747ec') in 0.008075 seconds
Number of updated asset objects reloaded before import = 0
Number of asset objects unloaded after import = 9
========================================================================
Received Import Request.
  Time since last request: 0.000045 seconds.
  path: Assets/Art/KayKit_Restaurant_Bits_1.0_FREE/Assets/fbx (unity)/jar_D_large.fbx
  artifactKey: Guid(7d8fefdb422954661b56c3a9eb1ed44f) Importer(815301076,1909f56bfc062723c751e8b465ee728b)
Start importing Assets/Art/KayKit_Restaurant_Bits_1.0_FREE/Assets/fbx (unity)/jar_D_large.fbx using Guid(7d8fefdb422954661b56c3a9eb1ed44f) Importer(815301076,1909f56bfc062723c751e8b465ee728b) [PhysX] Initialized MultithreadedTaskDispatcher with 12 workers.
[PhysX] Initialized MultithreadedTaskDispatcher with 12 workers.
[PhysX] Initialized MultithreadedTaskDispatcher with 12 workers.
[PhysX] Initialized MultithreadedTaskDispatcher with 12 workers.
 -> (artifact id: 'c3c5c401651f59b8beefc1b46e58b40d') in 0.008237 seconds
Number of updated asset objects reloaded before import = 0
Number of asset objects unloaded after import = 9
========================================================================
Received Import Request.
  Time since last request: 0.000082 seconds.
  path: Assets/Art/KayKit_Restaurant_Bits_1.0_FREE/Assets/fbx (unity)/jar_C_medium.fbx
  artifactKey: Guid(985e303e226834f30be4f2cf8992abc7) Importer(815301076,1909f56bfc062723c751e8b465ee728b)
Start importing Assets/Art/KayKit_Restaurant_Bits_1.0_FREE/Assets/fbx (unity)/jar_C_medium.fbx using Guid(985e303e226834f30be4f2cf8992abc7) Importer(815301076,1909f56bfc062723c751e8b465ee728b) [PhysX] Initialized MultithreadedTaskDispatcher with 12 workers.
[PhysX] Initialized MultithreadedTaskDispatcher with 12 workers.
[PhysX] Initialized MultithreadedTaskDispatcher with 12 workers.
[PhysX] Initialized MultithreadedTaskDispatcher with 12 workers.
 -> (artifact id: '6e85d99f167dda993cf50901fa692399') in 0.007963 seconds
Number of updated asset objects reloaded before import = 0
Number of asset objects unloaded after import = 9
========================================================================
Received Import Request.
  Time since last request: 0.292238 seconds.
  path: Assets/Art/KayKit_Restaurant_Bits_1.0_FREE/Assets/fbx (unity)/kitchencabinet_corner_half.fbx
  artifactKey: Guid(1171b65d927e64f43a946cf2d23e9f27) Importer(815301076,1909f56bfc062723c751e8b465ee728b)
Start importing Assets/Art/KayKit_Restaurant_Bits_1.0_FREE/Assets/fbx (unity)/kitchencabinet_corner_half.fbx using Guid(1171b65d927e64f43a946cf2d23e9f27) Importer(815301076,1909f56bfc062723c751e8b465ee728b) [PhysX] Initialized MultithreadedTaskDispatcher with 12 workers.
[PhysX] Initialized MultithreadedTaskDispatcher with 12 workers.
[PhysX] Initialized MultithreadedTaskDispatcher with 12 workers.
[PhysX] Initialized MultithreadedTaskDispatcher with 12 workers.
 -> (artifact id: '198aecf50637269f4deafcb34d2133f3') in 0.009184 seconds
Number of updated asset objects reloaded before import = 0
Number of asset objects unloaded after import = 9
========================================================================
Received Import Request.
  Time since last request: 0.000058 seconds.
  path: Assets/Art/KayKit_Restaurant_Bits_1.0_FREE/Assets/fbx (unity)/kitchencounter_outercorner_backsplash.fbx
  artifactKey: Guid(90cb9bd81d15c4435b5508ffa085d2e4) Importer(815301076,1909f56bfc062723c751e8b465ee728b)
Start importing Assets/Art/KayKit_Restaurant_Bits_1.0_FREE/Assets/fbx (unity)/kitchencounter_outercorner_backsplash.fbx using Guid(90cb9bd81d15c4435b5508ffa085d2e4) Importer(815301076,1909f56bfc062723c751e8b465ee728b) [PhysX] Initialized MultithreadedTaskDispatcher with 12 workers.
[PhysX] Initialized MultithreadedTaskDispatcher with 12 workers.
[PhysX] Initialized MultithreadedTaskDispatcher with 12 workers.
[PhysX] Initialized MultithreadedTaskDispatcher with 12 workers.
 -> (artifact id: '194183ba7d7fb224b025d16f26f010e7') in 0.007569 seconds
Number of updated asset objects reloaded before import = 0
Number of asset objects unloaded after import = 9
========================================================================
Received Import Request.
  Time since last request: 0.000082 seconds.
  path: Assets/Art/KayKit_Restaurant_Bits_1.0_FREE/Assets/fbx (unity)/kitchencounter_sink_backsplash.fbx
  artifactKey: Guid(47e11b57a5f394f749f06918bc56a2a1) Importer(815301076,1909f56bfc062723c751e8b465ee728b)
Start importing Assets/Art/KayKit_Restaurant_Bits_1.0_FREE/Assets/fbx (unity)/kitchencounter_sink_backsplash.fbx using Guid(47e11b57a5f394f749f06918bc56a2a1) Importer(815301076,1909f56bfc062723c751e8b465ee728b) [PhysX] Initialized MultithreadedTaskDispatcher with 12 workers.
[PhysX] Initialized MultithreadedTaskDispatcher with 12 workers.
[PhysX] Initialized MultithreadedTaskDispatcher with 12 workers.
[PhysX] Initialized MultithreadedTaskDispatcher with 12 workers.
 -> (artifact id: '9aa997739df7d6fb0573d25bb81c088e') in 0.007934 seconds
Number of updated asset objects reloaded before import = 0
Number of asset objects unloaded after import = 9
========================================================================
Received Import Request.
  Time since last request: 0.000059 seconds.
  path: Assets/Art/KayKit_Restaurant_Bits_1.0_FREE/Assets/fbx (unity)/kitchencounter_straight_A_backsplash.fbx
  artifactKey: Guid(c156d9f8daff7420fa52a55e5e60b64c) Importer(815301076,1909f56bfc062723c751e8b465ee728b)
Start importing Assets/Art/KayKit_Restaurant_Bits_1.0_FREE/Assets/fbx (unity)/kitchencounter_straight_A_backsplash.fbx using Guid(c156d9f8daff7420fa52a55e5e60b64c) Importer(815301076,1909f56bfc062723c751e8b465ee728b) [PhysX] Initialized MultithreadedTaskDispatcher with 12 workers.
[PhysX] Initialized MultithreadedTaskDispatcher with 12 workers.
[PhysX] Initialized MultithreadedTaskDispatcher with 12 workers.
[PhysX] Initialized MultithreadedTaskDispatcher with 12 workers.
 -> (artifact id: 'b9db74958fb8403c78189fe2ce709b21') in 0.007428 seconds
Number of updated asset objects reloaded before import = 0
Number of asset objects unloaded after import = 9
========================================================================
Received Import Request.
  Time since last request: 1.643673 seconds.
  path: Assets/Art/KayKit_Restaurant_Bits_1.0_FREE/Assets/fbx (unity)/kitchencounter_straight_B.fbx
  artifactKey: Guid(e64ee47845aba44088b73f0795536fb4) Importer(815301076,1909f56bfc062723c751e8b465ee728b)
Start importing Assets/Art/KayKit_Restaurant_Bits_1.0_FREE/Assets/fbx (unity)/kitchencounter_straight_B.fbx using Guid(e64ee47845aba44088b73f0795536fb4) Importer(815301076,1909f56bfc062723c751e8b465ee728b) [PhysX] Initialized MultithreadedTaskDispatcher with 12 workers.
[PhysX] Initialized MultithreadedTaskDispatcher with 12 workers.
[PhysX] Initialized MultithreadedTaskDispatcher with 12 workers.
[PhysX] Initialized MultithreadedTaskDispatcher with 12 workers.
 -> (artifact id: '4777441a75b432d688f10e3d072853b8') in 0.014436 seconds
Number of updated asset objects reloaded before import = 0
Number of asset objects unloaded after import = 9
========================================================================
Received Import Request.
  Time since last request: 0.000105 seconds.
  path: Assets/Art/KayKit_Restaurant_Bits_1.0_FREE/Assets/fbx (unity)/kitchentable_sink_large.fbx
  artifactKey: Guid(5c0a3f8c8d02a4b0db1ba8dad3b0c8e7) Importer(815301076,1909f56bfc062723c751e8b465ee728b)
Start importing Assets/Art/KayKit_Restaurant_Bits_1.0_FREE/Assets/fbx (unity)/kitchentable_sink_large.fbx using Guid(5c0a3f8c8d02a4b0db1ba8dad3b0c8e7) Importer(815301076,1909f56bfc062723c751e8b465ee728b) [PhysX] Initialized MultithreadedTaskDispatcher with 12 workers.
[PhysX] Initialized MultithreadedTaskDispatcher with 12 workers.
[PhysX] Initialized MultithreadedTaskDispatcher with 12 workers.
[PhysX] Initialized MultithreadedTaskDispatcher with 12 workers.
 -> (artifact id: 'dacf86dad98d7070b7eaf1dc17f32709') in 0.007309 seconds
Number of updated asset objects reloaded before import = 0
Number of asset objects unloaded after import = 9
========================================================================
Received Import Request.
  Time since last request: 0.000042 seconds.
  path: Assets/Art/KayKit_Restaurant_Bits_1.0_FREE/Assets/fbx (unity)/kitchentable_A.fbx
  artifactKey: Guid(f929922c4af2a476abc47ebc4ada2299) Importer(815301076,1909f56bfc062723c751e8b465ee728b)
Start importing Assets/Art/KayKit_Restaurant_Bits_1.0_FREE/Assets/fbx (unity)/kitchentable_A.fbx using Guid(f929922c4af2a476abc47ebc4ada2299) Importer(815301076,1909f56bfc062723c751e8b465ee728b) [PhysX] Initialized MultithreadedTaskDispatcher with 12 workers.
[PhysX] Initialized MultithreadedTaskDispatcher with 12 workers.
[PhysX] Initialized MultithreadedTaskDispatcher with 12 workers.
[PhysX] Initialized MultithreadedTaskDispatcher with 12 workers.
 -> (artifact id: '9b92cece02f6053c9e69e8e7a63ce491') in 0.007381 seconds
Number of updated asset objects reloaded before import = 0
Number of asset objects unloaded after import = 9
========================================================================
Received Import Request.
  Time since last request: 0.000032 seconds.
  path: Assets/Art/KayKit_Restaurant_Bits_1.0_FREE/Assets/fbx (unity)/kitchentable_B.fbx
  artifactKey: Guid(73b9de76cd72a481a9ac97d7be671fb2) Importer(815301076,1909f56bfc062723c751e8b465ee728b)
Start importing Assets/Art/KayKit_Restaurant_Bits_1.0_FREE/Assets/fbx (unity)/kitchentable_B.fbx using Guid(73b9de76cd72a481a9ac97d7be671fb2) Importer(815301076,1909f56bfc062723c751e8b465ee728b) [PhysX] Initialized MultithreadedTaskDispatcher with 12 workers.
[PhysX] Initialized MultithreadedTaskDispatcher with 12 workers.
[PhysX] Initialized MultithreadedTaskDispatcher with 12 workers.
[PhysX] Initialized MultithreadedTaskDispatcher with 12 workers.
 -> (artifact id: '3af6bfa3a5bd11ef3716dc6cb419700a') in 0.007173 seconds
Number of updated asset objects reloaded before import = 0
Number of asset objects unloaded after import = 9
========================================================================
Received Import Request.
  Time since last request: 0.247156 seconds.
  path: Assets/Art/KayKit_Restaurant_Bits_1.0_FREE/Assets/fbx (unity)/knife.fbx
  artifactKey: Guid(8ff1f56e5cd7243d6972207500bd5025) Importer(815301076,1909f56bfc062723c751e8b465ee728b)
Start importing Assets/Art/KayKit_Restaurant_Bits_1.0_FREE/Assets/fbx (unity)/knife.fbx using Guid(8ff1f56e5cd7243d6972207500bd5025) Importer(815301076,1909f56bfc062723c751e8b465ee728b) [PhysX] Initialized MultithreadedTaskDispatcher with 12 workers.
[PhysX] Initialized MultithreadedTaskDispatcher with 12 workers.
[PhysX] Initialized MultithreadedTaskDispatcher with 12 workers.
[PhysX] Initialized MultithreadedTaskDispatcher with 12 workers.
 -> (artifact id: '792f5765f1aa947f81f2b2d10d6bb884') in 0.008197 seconds
Number of updated asset objects reloaded before import = 0
Number of asset objects unloaded after import = 9
========================================================================
Received Import Request.
  Time since last request: 0.000087 seconds.
  path: Assets/Art/KayKit_Restaurant_Bits_1.0_FREE/Assets/fbx (unity)/papertowel.fbx
  artifactKey: Guid(ce10c15e7e2bb439ab8882242a0e1abf) Importer(815301076,1909f56bfc062723c751e8b465ee728b)
Start importing Assets/Art/KayKit_Restaurant_Bits_1.0_FREE/Assets/fbx (unity)/papertowel.fbx using Guid(ce10c15e7e2bb439ab8882242a0e1abf) Importer(815301076,1909f56bfc062723c751e8b465ee728b) [PhysX] Initialized MultithreadedTaskDispatcher with 12 workers.
[PhysX] Initialized MultithreadedTaskDispatcher with 12 workers.
[PhysX] Initialized MultithreadedTaskDispatcher with 12 workers.
[PhysX] Initialized MultithreadedTaskDispatcher with 12 workers.
 -> (artifact id: '10d50085ad3905f28adf2d9e6fe42b3c') in 0.008396 seconds
Number of updated asset objects reloaded before import = 0
Number of asset objects unloaded after import = 9
========================================================================
Received Import Request.
  Time since last request: 0.000034 seconds.
  path: Assets/Art/KayKit_Restaurant_Bits_1.0_FREE/Assets/fbx (unity)/mustard.fbx
  artifactKey: Guid(1065ff573dde546b98aa6911798c80cd) Importer(815301076,1909f56bfc062723c751e8b465ee728b)
Start importing Assets/Art/KayKit_Restaurant_Bits_1.0_FREE/Assets/fbx (unity)/mustard.fbx using Guid(1065ff573dde546b98aa6911798c80cd) Importer(815301076,1909f56bfc062723c751e8b465ee728b) [PhysX] Initialized MultithreadedTaskDispatcher with 12 workers.
[PhysX] Initialized MultithreadedTaskDispatcher with 12 workers.
[PhysX] Initialized MultithreadedTaskDispatcher with 12 workers.
[PhysX] Initialized MultithreadedTaskDispatcher with 12 workers.
 -> (artifact id: 'f7e0043920f360b1a84f14bf80f21cd0') in 0.007883 seconds
Number of updated asset objects reloaded before import = 0
Number of asset objects unloaded after import = 9
========================================================================
Received Import Request.
  Time since last request: 0.000037 seconds.
  path: Assets/Art/KayKit_Restaurant_Bits_1.0_FREE/Assets/fbx (unity)/pan_B.fbx
  artifactKey: Guid(12f1c46673cb9463ab0525f666b56b03) Importer(815301076,1909f56bfc062723c751e8b465ee728b)
Start importing Assets/Art/KayKit_Restaurant_Bits_1.0_FREE/Assets/fbx (unity)/pan_B.fbx using Guid(12f1c46673cb9463ab0525f666b56b03) Importer(815301076,1909f56bfc062723c751e8b465ee728b) [PhysX] Initialized MultithreadedTaskDispatcher with 12 workers.
[PhysX] Initialized MultithreadedTaskDispatcher with 12 workers.
[PhysX] Initialized MultithreadedTaskDispatcher with 12 workers.
[PhysX] Initialized MultithreadedTaskDispatcher with 12 workers.
 -> (artifact id: 'a9b7aaace29783ed4e7df6ad976e6084') in 0.007305 seconds
Number of updated asset objects reloaded before import = 0
Number of asset objects unloaded after import = 9
========================================================================
Received Import Request.
  Time since last request: 20.100412 seconds.
  path: Assets/Art/KayKit_Restaurant_Bits_1.0_FREE/Assets/fbx (unity)/pillar_A.fbx
  artifactKey: Guid(fab127832c8f544caaf1495c372481a0) Importer(815301076,1909f56bfc062723c751e8b465ee728b)
Start importing Assets/Art/KayKit_Restaurant_Bits_1.0_FREE/Assets/fbx (unity)/pillar_A.fbx using Guid(fab127832c8f544caaf1495c372481a0) Importer(815301076,1909f56bfc062723c751e8b465ee728b) [PhysX] Initialized MultithreadedTaskDispatcher with 12 workers.
[PhysX] Initialized MultithreadedTaskDispatcher with 12 workers.
[PhysX] Initialized MultithreadedTaskDispatcher with 12 workers.
[PhysX] Initialized MultithreadedTaskDispatcher with 12 workers.
 -> (artifact id: 'bcbfe27aecdc8e8e333eabdbc9bc964d') in 0.012920 seconds
Number of updated asset objects reloaded before import = 0
Number of asset objects unloaded after import = 9
========================================================================
Received Import Request.
  Time since last request: 0.000074 seconds.
  path: Assets/Art/KayKit_Restaurant_Bits_1.0_FREE/Assets/fbx (unity)/plate_dirty.fbx
  artifactKey: Guid(a9d6645afb20949678e971dd5c64db67) Importer(815301076,1909f56bfc062723c751e8b465ee728b)
Start importing Assets/Art/KayKit_Restaurant_Bits_1.0_FREE/Assets/fbx (unity)/plate_dirty.fbx using Guid(a9d6645afb20949678e971dd5c64db67) Importer(815301076,1909f56bfc062723c751e8b465ee728b) [PhysX] Initialized MultithreadedTaskDispatcher with 12 workers.
[PhysX] Initialized MultithreadedTaskDispatcher with 12 workers.
[PhysX] Initialized MultithreadedTaskDispatcher with 12 workers.
[PhysX] Initialized MultithreadedTaskDispatcher with 12 workers.
 -> (artifact id: '3f1daa5d2fe60b6173d852b996c0625b') in 0.008303 seconds
Number of updated asset objects reloaded before import = 0
Number of asset objects unloaded after import = 9
========================================================================
Received Import Request.
  Time since last request: 0.000034 seconds.
  path: Assets/Art/KayKit_Restaurant_Bits_1.0_FREE/Assets/fbx (unity)/plate_small.fbx
  artifactKey: Guid(c9ad9446b86674fe5bd7255f6acc3c2e) Importer(815301076,1909f56bfc062723c751e8b465ee728b)
Start importing Assets/Art/KayKit_Restaurant_Bits_1.0_FREE/Assets/fbx (unity)/plate_small.fbx using Guid(c9ad9446b86674fe5bd7255f6acc3c2e) Importer(815301076,1909f56bfc062723c751e8b465ee728b) [PhysX] Initialized MultithreadedTaskDispatcher with 12 workers.
[PhysX] Initialized MultithreadedTaskDispatcher with 12 workers.
[PhysX] Initialized MultithreadedTaskDispatcher with 12 workers.
[PhysX] Initialized MultithreadedTaskDispatcher with 12 workers.
 -> (artifact id: '2514e87be3bb15ad241142fbb1af0773') in 0.006528 seconds
Number of updated asset objects reloaded before import = 0
Number of asset objects unloaded after import = 9
========================================================================
Received Import Request.
  Time since last request: 0.000042 seconds.
  path: Assets/Art/KayKit_Restaurant_Bits_1.0_FREE/Assets/fbx (unity)/stew_pot.fbx
  artifactKey: Guid(7e821fb6cb9784d41b30c130802d8d3c) Importer(815301076,1909f56bfc062723c751e8b465ee728b)
Start importing Assets/Art/KayKit_Restaurant_Bits_1.0_FREE/Assets/fbx (unity)/stew_pot.fbx using Guid(7e821fb6cb9784d41b30c130802d8d3c) Importer(815301076,1909f56bfc062723c751e8b465ee728b) [PhysX] Initialized MultithreadedTaskDispatcher with 12 workers.
[PhysX] Initialized MultithreadedTaskDispatcher with 12 workers.
[PhysX] Initialized MultithreadedTaskDispatcher with 12 workers.
[PhysX] Initialized MultithreadedTaskDispatcher with 12 workers.
 -> (artifact id: 'c61b51fbbff2c463f233bc6d0173a76b') in 0.007207 seconds
Number of updated asset objects reloaded before import = 0
Number of asset objects unloaded after import = 9
========================================================================
Received Import Request.
  Time since last request: 0.000051 seconds.
  path: Assets/Art/KayKit_Restaurant_Bits_1.0_FREE/Assets/fbx (unity)/stove_multi_countertop.fbx
  artifactKey: Guid(7b31c66882cc0479e9ac29e42da4f5a9) Importer(815301076,1909f56bfc062723c751e8b465ee728b)
Start importing Assets/Art/KayKit_Restaurant_Bits_1.0_FREE/Assets/fbx (unity)/stove_multi_countertop.fbx using Guid(7b31c66882cc0479e9ac29e42da4f5a9) Importer(815301076,1909f56bfc062723c751e8b465ee728b) [PhysX] Initialized MultithreadedTaskDispatcher with 12 workers.
[PhysX] Initialized MultithreadedTaskDispatcher with 12 workers.
[PhysX] Initialized MultithreadedTaskDispatcher with 12 workers.
[PhysX] Initialized MultithreadedTaskDispatcher with 12 workers.
 -> (artifact id: '5cc549fc0430f1398a74e41a476eecd9') in 0.007216 seconds
Number of updated asset objects reloaded before import = 0
Number of asset objects unloaded after import = 9
========================================================================
Received Import Request.
  Time since last request: 0.000057 seconds.
  path: Assets/Art/KayKit_Restaurant_Bits_1.0_FREE/Assets/fbx (unity)/stove_multi_decorated.fbx
  artifactKey: Guid(2e9130a352a804e28bde5770a552770c) Importer(815301076,1909f56bfc062723c751e8b465ee728b)
Start importing Assets/Art/KayKit_Restaurant_Bits_1.0_FREE/Assets/fbx (unity)/stove_multi_decorated.fbx using Guid(2e9130a352a804e28bde5770a552770c) Importer(815301076,1909f56bfc062723c751e8b465ee728b) [PhysX] Initialized MultithreadedTaskDispatcher with 12 workers.
[PhysX] Initialized MultithreadedTaskDispatcher with 12 workers.
[PhysX] Initialized MultithreadedTaskDispatcher with 12 workers.
[PhysX] Initialized MultithreadedTaskDispatcher with 12 workers.
 -> (artifact id: 'b0f0977419c1dda477ee219f520442bd') in 0.006657 seconds
Number of updated asset objects reloaded before import = 0
Number of asset objects unloaded after import = 9
========================================================================
Received Import Request.
  Time since last request: 0.000036 seconds.
  path: Assets/Art/KayKit_Restaurant_Bits_1.0_FREE/Assets/fbx (unity)/wall_window_closed.fbx
  artifactKey: Guid(937b97f0c455f479999aebb384dc6600) Importer(815301076,1909f56bfc062723c751e8b465ee728b)
Start importing Assets/Art/KayKit_Restaurant_Bits_1.0_FREE/Assets/fbx (unity)/wall_window_closed.fbx using Guid(937b97f0c455f479999aebb384dc6600) Importer(815301076,1909f56bfc062723c751e8b465ee728b) [PhysX] Initialized MultithreadedTaskDispatcher with 12 workers.
[PhysX] Initialized MultithreadedTaskDispatcher with 12 workers.
[PhysX] Initialized MultithreadedTaskDispatcher with 12 workers.
[PhysX] Initialized MultithreadedTaskDispatcher with 12 workers.
 -> (artifact id: '63561ed67fc29c8dd436c6bffc6077b2') in 0.006813 seconds
Number of updated asset objects reloaded before import = 0
Number of asset objects unloaded after import = 9
========================================================================
Received Import Request.
  Time since last request: 0.000024 seconds.
  path: Assets/Art/KayKit_Restaurant_Bits_1.0_FREE/Assets/fbx (unity)/wall_orderwindow.fbx
  artifactKey: Guid(e998eafef590644d0813914e300eb9ac) Importer(815301076,1909f56bfc062723c751e8b465ee728b)
Start importing Assets/Art/KayKit_Restaurant_Bits_1.0_FREE/Assets/fbx (unity)/wall_orderwindow.fbx using Guid(e998eafef590644d0813914e300eb9ac) Importer(815301076,1909f56bfc062723c751e8b465ee728b) [PhysX] Initialized MultithreadedTaskDispatcher with 12 workers.
[PhysX] Initialized MultithreadedTaskDispatcher with 12 workers.
[PhysX] Initialized MultithreadedTaskDispatcher with 12 workers.
[PhysX] Initialized MultithreadedTaskDispatcher with 12 workers.
 -> (artifact id: '50687d5b0c64eb384394f0845db3eddf') in 0.006001 seconds
Number of updated asset objects reloaded before import = 0
Number of asset objects unloaded after import = 9
========================================================================
Received Import Request.
  Time since last request: 0.000043 seconds.
  path: Assets/Art/KayKit_Restaurant_Bits_1.0_FREE/Assets/fbx (unity)/wall_half.fbx
  artifactKey: Guid(67e7d6414dc0c44218557172961ac298) Importer(815301076,1909f56bfc062723c751e8b465ee728b)
Start importing Assets/Art/KayKit_Restaurant_Bits_1.0_FREE/Assets/fbx (unity)/wall_half.fbx using Guid(67e7d6414dc0c44218557172961ac298) Importer(815301076,1909f56bfc062723c751e8b465ee728b) [PhysX] Initialized MultithreadedTaskDispatcher with 12 workers.
[PhysX] Initialized MultithreadedTaskDispatcher with 12 workers.
[PhysX] Initialized MultithreadedTaskDispatcher with 12 workers.
[PhysX] Initialized MultithreadedTaskDispatcher with 12 workers.
 -> (artifact id: '93fcffb246015b81a15fd33133c70a48') in 0.005790 seconds
Number of updated asset objects reloaded before import = 0
Number of asset objects unloaded after import = 9
========================================================================
Received Import Request.
  Time since last request: 0.000051 seconds.
  path: Assets/Art/KayKit_Restaurant_Bits_1.0_FREE/Assets/fbx (unity)/stove_multi.fbx
  artifactKey: Guid(3c77171c7342b4d79b00c0b0150eab12) Importer(815301076,1909f56bfc062723c751e8b465ee728b)
Start importing Assets/Art/KayKit_Restaurant_Bits_1.0_FREE/Assets/fbx (unity)/stove_multi.fbx using Guid(3c77171c7342b4d79b00c0b0150eab12) Importer(815301076,1909f56bfc062723c751e8b465ee728b) [PhysX] Initialized MultithreadedTaskDispatcher with 12 workers.
[PhysX] Initialized MultithreadedTaskDispatcher with 12 workers.
[PhysX] Initialized MultithreadedTaskDispatcher with 12 workers.
[PhysX] Initialized MultithreadedTaskDispatcher with 12 workers.
 -> (artifact id: '01a0d967ed130a4f2cabaacf8a52dfdf') in 0.005580 seconds
Number of updated asset objects reloaded before import = 0
Number of asset objects unloaded after import = 9
========================================================================
Received Import Request.
  Time since last request: 0.000027 seconds.
  path: Assets/Art/KayKit_Restaurant_Bits_1.0_FREE/Assets/fbx (unity)/pot_large.fbx
  artifactKey: Guid(3457c9559ab2c43d6ac4ac0a81702fc9) Importer(815301076,1909f56bfc062723c751e8b465ee728b)
Start importing Assets/Art/KayKit_Restaurant_Bits_1.0_FREE/Assets/fbx (unity)/pot_large.fbx using Guid(3457c9559ab2c43d6ac4ac0a81702fc9) Importer(815301076,1909f56bfc062723c751e8b465ee728b) [PhysX] Initialized MultithreadedTaskDispatcher with 12 workers.
[PhysX] Initialized MultithreadedTaskDispatcher with 12 workers.
[PhysX] Initialized MultithreadedTaskDispatcher with 12 workers.
[PhysX] Initialized MultithreadedTaskDispatcher with 12 workers.
 -> (artifact id: '52cbf1b1c682ec90d2800a66c19d47e2') in 0.005625 seconds
Number of updated asset objects reloaded before import = 0
Number of asset objects unloaded after import = 9
========================================================================
Received Import Request.
  Time since last request: 0.001834 seconds.
  path: Assets/Art/KayKit_Restaurant_Bits_1.0_FREE/Assets/fbx (unity)/wall_window_open.fbx
  artifactKey: Guid(febf2b90cb4c24ef6a16d2ea9c5b3dc4) Importer(815301076,1909f56bfc062723c751e8b465ee728b)
Start importing Assets/Art/KayKit_Restaurant_Bits_1.0_FREE/Assets/fbx (unity)/wall_window_open.fbx using Guid(febf2b90cb4c24ef6a16d2ea9c5b3dc4) Importer(815301076,1909f56bfc062723c751e8b465ee728b) [PhysX] Initialized MultithreadedTaskDispatcher with 12 workers.
[PhysX] Initialized MultithreadedTaskDispatcher with 12 workers.
[PhysX] Initialized MultithreadedTaskDispatcher with 12 workers.
[PhysX] Initialized MultithreadedTaskDispatcher with 12 workers.
 -> (artifact id: 'bebb2bc7861e96f3bbf6b04cd11b96a3') in 0.005891 seconds
Number of updated asset objects reloaded before import = 0
Number of asset objects unloaded after import = 9
========================================================================
Received Import Request.
  Time since last request: 64089.943877 seconds.
  path: Assets/Scenes/SampleScene.unity
  artifactKey: Guid(9fc0d4010bbf28b4594072e72b8655ab) Importer(2089858483,0ecaa5967403d082aa24f35e1b516d23)
Start importing Assets/Scenes/SampleScene.unity using Guid(9fc0d4010bbf28b4594072e72b8655ab) Importer(2089858483,0ecaa5967403d082aa24f35e1b516d23) [PhysX] Initialized MultithreadedTaskDispatcher with 12 workers.
 -> (artifact id: '2da380f9a3afc1db6660fcc1881d6019') in 0.020493 seconds
Number of updated asset objects reloaded before import = 0
Number of asset objects unloaded after import = 1
========================================================================
Received Import Request.
  Time since last request: 0.000067 seconds.
  path: Assets/Art/KayKit_Restaurant_Bits_1.0_FREE/Assets/fbx/food_ingredient_burger_trash.fbx
  artifactKey: Guid(6a972a072c0794aaa8f4f23ac99c5a95) Importer(2089858483,0ecaa5967403d082aa24f35e1b516d23)
Start importing Assets/Art/KayKit_Restaurant_Bits_1.0_FREE/Assets/fbx/food_ingredient_burger_trash.fbx using Guid(6a972a072c0794aaa8f4f23ac99c5a95) Importer(2089858483,0ecaa5967403d082aa24f35e1b516d23) [PhysX] Initialized MultithreadedTaskDispatcher with 12 workers.
 -> (artifact id: '23751a9478e1fddda999e3f4d8852062') in 0.034746 seconds
Number of updated asset objects reloaded before import = 0
Number of asset objects unloaded after import = 9
========================================================================
Received Import Request.
  Time since last request: 0.000064 seconds.
  path: Assets/Art/KayKit_Restaurant_Bits_1.0_FREE/Assets/fbx/crate_potatoes.fbx
  artifactKey: Guid(444d335de80e74fbd9813436d00c1b02) Importer(2089858483,0ecaa5967403d082aa24f35e1b516d23)
Start importing Assets/Art/KayKit_Restaurant_Bits_1.0_FREE/Assets/fbx/crate_potatoes.fbx using Guid(444d335de80e74fbd9813436d00c1b02) Importer(2089858483,0ecaa5967403d082aa24f35e1b516d23) [PhysX] Initialized MultithreadedTaskDispatcher with 12 workers.
 -> (artifact id: '2018ce15caf9c580ee09204bfbcc1683') in 0.007246 seconds
Number of updated asset objects reloaded before import = 0
Number of asset objects unloaded after import = 9
========================================================================
Received Import Request.
  Time since last request: 0.000035 seconds.
  path: Assets/Art/KayKit_Restaurant_Bits_1.0_FREE/Patreon.url
  artifactKey: Guid(92cad6e9a10594e38812186cb56ed9e1) Importer(2089858483,0ecaa5967403d082aa24f35e1b516d23)
Start importing Assets/Art/KayKit_Restaurant_Bits_1.0_FREE/Patreon.url using Guid(92cad6e9a10594e38812186cb56ed9e1) Importer(2089858483,0ecaa5967403d082aa24f35e1b516d23) [PhysX] Initialized MultithreadedTaskDispatcher with 12 workers.
 -> (artifact id: '0bcc22c742621fdb78deb0668292ebe2') in 0.001216 seconds
Number of updated asset objects reloaded before import = 0
Number of asset objects unloaded after import = 1
========================================================================
Received Import Request.
  Time since last request: 0.000084 seconds.
  path: Assets/Art/KayKit_Restaurant_Bits_1.0_FREE/Assets/fbx/kitchencounter_straight_B.fbx
  artifactKey: Guid(6e1be5f36ee24491da4f8e48e90036c2) Importer(2089858483,0ecaa5967403d082aa24f35e1b516d23)
Start importing Assets/Art/KayKit_Restaurant_Bits_1.0_FREE/Assets/fbx/kitchencounter_straight_B.fbx using Guid(6e1be5f36ee24491da4f8e48e90036c2) Importer(2089858483,0ecaa5967403d082aa24f35e1b516d23) [PhysX] Initialized MultithreadedTaskDispatcher with 12 workers.
 -> (artifact id: '5ffd2a90e4ebfac5a6517895e54d18d3') in 0.007132 seconds
Number of updated asset objects reloaded before import = 0
Number of asset objects unloaded after import = 9
========================================================================
Received Import Request.
  Time since last request: 0.000041 seconds.
  path: Assets/Art/KayKit_Restaurant_Bits_1.0_FREE/Assets/fbx/food_ingredient_onion.fbx
  artifactKey: Guid(302bf8a8fd1e14505ad4ef5df4488391) Importer(2089858483,0ecaa5967403d082aa24f35e1b516d23)
Start importing Assets/Art/KayKit_Restaurant_Bits_1.0_FREE/Assets/fbx/food_ingredient_onion.fbx using Guid(302bf8a8fd1e14505ad4ef5df4488391) Importer(2089858483,0ecaa5967403d082aa24f35e1b516d23) [PhysX] Initialized MultithreadedTaskDispatcher with 12 workers.
 -> (artifact id: '49405f368b43715df6d5547ed4726cbe') in 0.007103 seconds
Number of updated asset objects reloaded before import = 0
Number of asset objects unloaded after import = 9
========================================================================
Received Import Request.
  Time since last request: 0.000033 seconds.
  path: Assets/Art/KayKit_Restaurant_Bits_1.0_FREE/Assets/fbx/food_stew.fbx
  artifactKey: Guid(2f5eee4f4ad5e4118b375803a7d3a7f1) Importer(2089858483,0ecaa5967403d082aa24f35e1b516d23)
Start importing Assets/Art/KayKit_Restaurant_Bits_1.0_FREE/Assets/fbx/food_stew.fbx using Guid(2f5eee4f4ad5e4118b375803a7d3a7f1) Importer(2089858483,0ecaa5967403d082aa24f35e1b516d23) [PhysX] Initialized MultithreadedTaskDispatcher with 12 workers.
 -> (artifact id: 'e2c753a5882a96a3d6452f956986313c') in 0.008068 seconds
Number of updated asset objects reloaded before import = 0
Number of asset objects unloaded after import = 9
========================================================================
Received Import Request.
  Time since last request: 0.000056 seconds.
  path: Assets/Art/KayKit_Restaurant_Bits_1.0_FREE/Assets/fbx/jar_B_medium.fbx
  artifactKey: Guid(6bd4a4c1bc55248fbbab8fd90afd4b7c) Importer(2089858483,0ecaa5967403d082aa24f35e1b516d23)
Start importing Assets/Art/KayKit_Restaurant_Bits_1.0_FREE/Assets/fbx/jar_B_medium.fbx using Guid(6bd4a4c1bc55248fbbab8fd90afd4b7c) Importer(2089858483,0ecaa5967403d082aa24f35e1b516d23) [PhysX] Initialized MultithreadedTaskDispatcher with 12 workers.
 -> (artifact id: 'ddbf87073ef40d7e733ef4f176813e79') in 0.006631 seconds
Number of updated asset objects reloaded before import = 0
Number of asset objects unloaded after import = 9
========================================================================
Received Import Request.
  Time since last request: 0.000064 seconds.
  path: Assets/Art/KayKit_Restaurant_Bits_1.0_FREE/Assets/fbx/jar_C_large.fbx
  artifactKey: Guid(9010f8387a4f849e7a68a18d8969fd2d) Importer(2089858483,0ecaa5967403d082aa24f35e1b516d23)
Start importing Assets/Art/KayKit_Restaurant_Bits_1.0_FREE/Assets/fbx/jar_C_large.fbx using Guid(9010f8387a4f849e7a68a18d8969fd2d) Importer(2089858483,0ecaa5967403d082aa24f35e1b516d23) [PhysX] Initialized MultithreadedTaskDispatcher with 12 workers.
 -> (artifact id: '8db29b330293e7ca63398041d111f0a6') in 0.006130 seconds
Number of updated asset objects reloaded before import = 0
Number of asset objects unloaded after import = 9
========================================================================
Received Import Request.
  Time since last request: 0.000071 seconds.
  path: Assets/Art/KayKit_Restaurant_Bits_1.0_FREE/Assets/fbx/food_ingredient_vegetableburger_cooked.fbx
  artifactKey: Guid(15d51bcf799b44d29847d99f3e4a5892) Importer(2089858483,0ecaa5967403d082aa24f35e1b516d23)
Start importing Assets/Art/KayKit_Restaurant_Bits_1.0_FREE/Assets/fbx/food_ingredient_vegetableburger_cooked.fbx using Guid(15d51bcf799b44d29847d99f3e4a5892) Importer(2089858483,0ecaa5967403d082aa24f35e1b516d23) [PhysX] Initialized MultithreadedTaskDispatcher with 12 workers.
 -> (artifact id: 'd0711520d60111b7f3c43eb1daf939bc') in 0.006887 seconds
Number of updated asset objects reloaded before import = 0
Number of asset objects unloaded after import = 9
========================================================================
Received Import Request.
  Time since last request: 0.000042 seconds.
  path: Assets/Art/KayKit_Restaurant_Bits_1.0_FREE/Assets/fbx/food_ingredient_cheese.fbx
  artifactKey: Guid(e77eeb375430c4599a966c36f6eb6160) Importer(2089858483,0ecaa5967403d082aa24f35e1b516d23)
Start importing Assets/Art/KayKit_Restaurant_Bits_1.0_FREE/Assets/fbx/food_ingredient_cheese.fbx using Guid(e77eeb375430c4599a966c36f6eb6160) Importer(2089858483,0ecaa5967403d082aa24f35e1b516d23) [PhysX] Initialized MultithreadedTaskDispatcher with 12 workers.
 -> (artifact id: '85e348834611e4c3486315313f59a013') in 0.006711 seconds
Number of updated asset objects reloaded before import = 0
Number of asset objects unloaded after import = 9
========================================================================
Received Import Request.
  Time since last request: 0.000040 seconds.
  path: Assets/Art/KayKit_Restaurant_Bits_1.0_FREE/Assets/fbx/food_ingredient_carrot_pieces.fbx
  artifactKey: Guid(e8e35d96ca35e48b8b9de8ae57882ffc) Importer(2089858483,0ecaa5967403d082aa24f35e1b516d23)
Start importing Assets/Art/KayKit_Restaurant_Bits_1.0_FREE/Assets/fbx/food_ingredient_carrot_pieces.fbx using Guid(e8e35d96ca35e48b8b9de8ae57882ffc) Importer(2089858483,0ecaa5967403d082aa24f35e1b516d23) [PhysX] Initialized MultithreadedTaskDispatcher with 12 workers.
 -> (artifact id: '10799ac25b8b09c59ac805791228a38d') in 0.006825 seconds
Number of updated asset objects reloaded before import = 0
Number of asset objects unloaded after import = 9
========================================================================
Received Import Request.
  Time since last request: 0.000039 seconds.
  path: Assets/Art/KayKit_Restaurant_Bits_1.0_FREE/Assets/fbx/kitchencounter_innercorner_backsplash.fbx
  artifactKey: Guid(bb09e4bf86d734d0690e74fdf2acc91b) Importer(2089858483,0ecaa5967403d082aa24f35e1b516d23)
Start importing Assets/Art/KayKit_Restaurant_Bits_1.0_FREE/Assets/fbx/kitchencounter_innercorner_backsplash.fbx using Guid(bb09e4bf86d734d0690e74fdf2acc91b) Importer(2089858483,0ecaa5967403d082aa24f35e1b516d23) [PhysX] Initialized MultithreadedTaskDispatcher with 12 workers.
 -> (artifact id: 'e0aca4faa855800e738224c9f7815b01') in 0.007664 seconds
Number of updated asset objects reloaded before import = 0
Number of asset objects unloaded after import = 9
========================================================================
Received Import Request.
  Time since last request: 0.000033 seconds.
  path: Assets/Art/KayKit_Restaurant_Bits_1.0_FREE/Assets/fbx/kitchencounter_straight_A_decorated.fbx
  artifactKey: Guid(bac7ee7ae81b041a98daa2f424ef7665) Importer(2089858483,0ecaa5967403d082aa24f35e1b516d23)
Start importing Assets/Art/KayKit_Restaurant_Bits_1.0_FREE/Assets/fbx/kitchencounter_straight_A_decorated.fbx using Guid(bac7ee7ae81b041a98daa2f424ef7665) Importer(2089858483,0ecaa5967403d082aa24f35e1b516d23) [PhysX] Initialized MultithreadedTaskDispatcher with 12 workers.
 -> (artifact id: 'e8dd1dc1ae84ecc0040dee74133c6253') in 0.007644 seconds
Number of updated asset objects reloaded before import = 0
Number of asset objects unloaded after import = 9
========================================================================
Received Import Request.
  Time since last request: 0.000029 seconds.
  path: Assets/Art/KayKit_Restaurant_Bits_1.0_FREE/Assets/fbx/kitchencounter_sink.fbx
  artifactKey: Guid(3d6521a9e533d477eb3f91966b4036a2) Importer(2089858483,0ecaa5967403d082aa24f35e1b516d23)
Start importing Assets/Art/KayKit_Restaurant_Bits_1.0_FREE/Assets/fbx/kitchencounter_sink.fbx using Guid(3d6521a9e533d477eb3f91966b4036a2) Importer(2089858483,0ecaa5967403d082aa24f35e1b516d23) [PhysX] Initialized MultithreadedTaskDispatcher with 12 workers.
 -> (artifact id: 'd543828cedf4009dd5a6a7292316cd16') in 0.007216 seconds
Number of updated asset objects reloaded before import = 0
Number of asset objects unloaded after import = 9
========================================================================
Received Import Request.
  Time since last request: 0.000028 seconds.
  path: Assets/Art/KayKit_Restaurant_Bits_1.0_FREE/Assets/fbx/food_ingredient_tomato_slices.fbx
  artifactKey: Guid(e46586a19f2364de7aaf3d62abb0d27d) Importer(2089858483,0ecaa5967403d082aa24f35e1b516d23)
Start importing Assets/Art/KayKit_Restaurant_Bits_1.0_FREE/Assets/fbx/food_ingredient_tomato_slices.fbx using Guid(e46586a19f2364de7aaf3d62abb0d27d) Importer(2089858483,0ecaa5967403d082aa24f35e1b516d23) [PhysX] Initialized MultithreadedTaskDispatcher with 12 workers.
 -> (artifact id: 'b5694ff00d8b9c70a2d77930b08e3b75') in 0.007263 seconds
Number of updated asset objects reloaded before import = 0
Number of asset objects unloaded after import = 9
========================================================================
Received Import Request.
  Time since last request: 0.000020 seconds.
  path: Assets/Art/KayKit_Restaurant_Bits_1.0_FREE/Assets/fbx/crate_buns.fbx
  artifactKey: Guid(f6e1e1ac10f1840efa8a21fa847bbad0) Importer(2089858483,0ecaa5967403d082aa24f35e1b516d23)
Start importing Assets/Art/KayKit_Restaurant_Bits_1.0_FREE/Assets/fbx/crate_buns.fbx using Guid(f6e1e1ac10f1840efa8a21fa847bbad0) Importer(2089858483,0ecaa5967403d082aa24f35e1b516d23) [PhysX] Initialized MultithreadedTaskDispatcher with 12 workers.
 -> (artifact id: 'f9735a5e459cee99c7b37e8a85daa514') in 0.007389 seconds
Number of updated asset objects reloaded before import = 0
Number of asset objects unloaded after import = 9
========================================================================
Received Import Request.
  Time since last request: 0.000098 seconds.
  path: Assets/Art/KayKit_Restaurant_Bits_1.0_FREE/Assets/fbx/food_ingredient_vegetableburger_uncooked.fbx
  artifactKey: Guid(e99d7b9f9c7ca402ab2137d3d79212ac) Importer(2089858483,0ecaa5967403d082aa24f35e1b516d23)
Start importing Assets/Art/KayKit_Restaurant_Bits_1.0_FREE/Assets/fbx/food_ingredient_vegetableburger_uncooked.fbx using Guid(e99d7b9f9c7ca402ab2137d3d79212ac) Importer(2089858483,0ecaa5967403d082aa24f35e1b516d23) [PhysX] Initialized MultithreadedTaskDispatcher with 12 workers.
 -> (artifact id: '6af8c5c5a399b954bfabb6adb8a9275b') in 0.008146 seconds
Number of updated asset objects reloaded before import = 0
Number of asset objects unloaded after import = 9
========================================================================
Received Import Request.
  Time since last request: 0.000038 seconds.
  path: Assets/Art/KayKit_Restaurant_Bits_1.0_FREE/Assets/fbx/food_ingredient_potato.fbx
  artifactKey: Guid(9948a271db0eb4a0a9b4fadcf6479d7a) Importer(2089858483,0ecaa5967403d082aa24f35e1b516d23)
Start importing Assets/Art/KayKit_Restaurant_Bits_1.0_FREE/Assets/fbx/food_ingredient_potato.fbx using Guid(9948a271db0eb4a0a9b4fadcf6479d7a) Importer(2089858483,0ecaa5967403d082aa24f35e1b516d23) [PhysX] Initialized MultithreadedTaskDispatcher with 12 workers.
 -> (artifact id: '6d166d78ac63525bf697ca8cb0d2e967') in 0.007133 seconds
Number of updated asset objects reloaded before import = 0
Number of asset objects unloaded after import = 9
========================================================================
Received Import Request.
  Time since last request: 0.000035 seconds.
  path: Assets/Art/KayKit_Restaurant_Bits_1.0_FREE/Assets/fbx/food_ingredient_onion_rings.fbx
  artifactKey: Guid(d96080f591b5e430b90ef1af8637c019) Importer(2089858483,0ecaa5967403d082aa24f35e1b516d23)
Start importing Assets/Art/KayKit_Restaurant_Bits_1.0_FREE/Assets/fbx/food_ingredient_onion_rings.fbx using Guid(d96080f591b5e430b90ef1af8637c019) Importer(2089858483,0ecaa5967403d082aa24f35e1b516d23) [PhysX] Initialized MultithreadedTaskDispatcher with 12 workers.
 -> (artifact id: 'b81bc94763b72abbc8fe3ac1b0bde6df') in 0.006867 seconds
Number of updated asset objects reloaded before import = 0
Number of asset objects unloaded after import = 9
========================================================================
Received Import Request.
  Time since last request: 0.000068 seconds.
  path: Assets/Art/KayKit_Restaurant_Bits_1.0_FREE/Assets/fbx/food_ingredient_lettuce_slice.fbx
  artifactKey: Guid(5aa89c647904343a892c6db166a98ac7) Importer(2089858483,0ecaa5967403d082aa24f35e1b516d23)
Start importing Assets/Art/KayKit_Restaurant_Bits_1.0_FREE/Assets/fbx/food_ingredient_lettuce_slice.fbx using Guid(5aa89c647904343a892c6db166a98ac7) Importer(2089858483,0ecaa5967403d082aa24f35e1b516d23) [PhysX] Initialized MultithreadedTaskDispatcher with 12 workers.
 -> (artifact id: 'd61328489dde2cb902fd169d9d864838') in 0.007124 seconds
Number of updated asset objects reloaded before import = 0
Number of asset objects unloaded after import = 9
========================================================================
Received Import Request.
  Time since last request: 0.000049 seconds.
  path: Assets/Art/KayKit_Restaurant_Bits_1.0_FREE/Assets/fbx/food_ingredient_bun.fbx
  artifactKey: Guid(39335d85d465f43878469161eb842315) Importer(2089858483,0ecaa5967403d082aa24f35e1b516d23)
Start importing Assets/Art/KayKit_Restaurant_Bits_1.0_FREE/Assets/fbx/food_ingredient_bun.fbx using Guid(39335d85d465f43878469161eb842315) Importer(2089858483,0ecaa5967403d082aa24f35e1b516d23) [PhysX] Initialized MultithreadedTaskDispatcher with 12 workers.
 -> (artifact id: 'f8874b96b6c88f93991b46d194f3ab8f') in 0.007342 seconds
Number of updated asset objects reloaded before import = 0
Number of asset objects unloaded after import = 9
========================================================================
Received Import Request.
  Time since last request: 0.000027 seconds.
  path: Assets/Art/KayKit_Restaurant_Bits_1.0_FREE/Assets/fbx/food_ingredient_bun_bottom.fbx
  artifactKey: Guid(a89a5b574a1794c298e16b4cbc09ba70) Importer(2089858483,0ecaa5967403d082aa24f35e1b516d23)
Start importing Assets/Art/KayKit_Restaurant_Bits_1.0_FREE/Assets/fbx/food_ingredient_bun_bottom.fbx using Guid(a89a5b574a1794c298e16b4cbc09ba70) Importer(2089858483,0ecaa5967403d082aa24f35e1b516d23) [PhysX] Initialized MultithreadedTaskDispatcher with 12 workers.
 -> (artifact id: '1a2025408584281470f3ed3fe0181ceb') in 0.006966 seconds
Number of updated asset objects reloaded before import = 0
Number of asset objects unloaded after import = 9
========================================================================
Received Import Request.
  Time since last request: 0.000024 seconds.
  path: Assets/Art/KayKit_Restaurant_Bits_1.0_FREE/Assets/fbx/jar_A_large.fbx
  artifactKey: Guid(8efe3eeb52bcb4dabb21dd13b7950c19) Importer(2089858483,0ecaa5967403d082aa24f35e1b516d23)
Start importing Assets/Art/KayKit_Restaurant_Bits_1.0_FREE/Assets/fbx/jar_A_large.fbx using Guid(8efe3eeb52bcb4dabb21dd13b7950c19) Importer(2089858483,0ecaa5967403d082aa24f35e1b516d23) [PhysX] Initialized MultithreadedTaskDispatcher with 12 workers.
 -> (artifact id: '020ab7637f14c5d1436475a288cbef4c') in 0.006618 seconds
Number of updated asset objects reloaded before import = 0
Number of asset objects unloaded after import = 9
========================================================================
Received Import Request.
  Time since last request: 0.000026 seconds.
  path: Assets/Art/KayKit_Restaurant_Bits_1.0_FREE/contents.png
  artifactKey: Guid(8c3034249846142629984138001b2200) Importer(2089858483,0ecaa5967403d082aa24f35e1b516d23)
Start importing Assets/Art/KayKit_Restaurant_Bits_1.0_FREE/contents.png using Guid(8c3034249846142629984138001b2200) Importer(2089858483,0ecaa5967403d082aa24f35e1b516d23) [PhysX] Initialized MultithreadedTaskDispatcher with 12 workers.
 -> (artifact id: '929c33f6385e0a70e32b4abd5ca4bbbf') in 0.018355 seconds
Number of updated asset objects reloaded before import = 0
Number of asset objects unloaded after import = 1
========================================================================
Received Import Request.
  Time since last request: 0.000048 seconds.
  path: Assets/Art/KayKit_Restaurant_Bits_1.0_FREE/Assets/fbx/food_ingredient_onion_chopped.fbx
  artifactKey: Guid(68b180d6a5c224eb48d26dda923a85d4) Importer(2089858483,0ecaa5967403d082aa24f35e1b516d23)
Start importing Assets/Art/KayKit_Restaurant_Bits_1.0_FREE/Assets/fbx/food_ingredient_onion_chopped.fbx using Guid(68b180d6a5c224eb48d26dda923a85d4) Importer(2089858483,0ecaa5967403d082aa24f35e1b516d23) [PhysX] Initialized MultithreadedTaskDispatcher with 12 workers.
 -> (artifact id: '3b6359dd9e892d0dc3c2a1f44bdf3133') in 0.007329 seconds
Number of updated asset objects reloaded before import = 0
Number of asset objects unloaded after import = 9
========================================================================
Received Import Request.
  Time since last request: 0.000034 seconds.
  path: Assets/Art/KayKit_Restaurant_Bits_1.0_FREE/Assets/fbx/food_ingredient_carrot_chopped.fbx
  artifactKey: Guid(f52f3ac86a50742aca1944605e1881ea) Importer(2089858483,0ecaa5967403d082aa24f35e1b516d23)
Start importing Assets/Art/KayKit_Restaurant_Bits_1.0_FREE/Assets/fbx/food_ingredient_carrot_chopped.fbx using Guid(f52f3ac86a50742aca1944605e1881ea) Importer(2089858483,0ecaa5967403d082aa24f35e1b516d23) [PhysX] Initialized MultithreadedTaskDispatcher with 12 workers.
 -> (artifact id: '3d6bc093eaa3a112248334466978cae5') in 0.008563 seconds
Number of updated asset objects reloaded before import = 0
Number of asset objects unloaded after import = 9
========================================================================
Received Import Request.
  Time since last request: 0.000066 seconds.
  path: Assets/Art/KayKit_Restaurant_Bits_1.0_FREE/Assets/fbx/food_ingredient_potato_chopped.fbx
  artifactKey: Guid(bebb8b14faf0049cfbcb6fb957bd079b) Importer(2089858483,0ecaa5967403d082aa24f35e1b516d23)
Start importing Assets/Art/KayKit_Restaurant_Bits_1.0_FREE/Assets/fbx/food_ingredient_potato_chopped.fbx using Guid(bebb8b14faf0049cfbcb6fb957bd079b) Importer(2089858483,0ecaa5967403d082aa24f35e1b516d23) [PhysX] Initialized MultithreadedTaskDispatcher with 12 workers.
 -> (artifact id: '2c7c205b4cff1e27fbe51af542912901') in 0.007273 seconds
Number of updated asset objects reloaded before import = 0
Number of asset objects unloaded after import = 9
========================================================================
Received Import Request.
  Time since last request: 0.000027 seconds.
  path: Assets/Art/KayKit_Restaurant_Bits_1.0_FREE/Assets/fbx/food_ingredient_potato_mashed.fbx
  artifactKey: Guid(79162f8425077404a8e465c1bff6c80c) Importer(2089858483,0ecaa5967403d082aa24f35e1b516d23)
Start importing Assets/Art/KayKit_Restaurant_Bits_1.0_FREE/Assets/fbx/food_ingredient_potato_mashed.fbx using Guid(79162f8425077404a8e465c1bff6c80c) Importer(2089858483,0ecaa5967403d082aa24f35e1b516d23) [PhysX] Initialized MultithreadedTaskDispatcher with 12 workers.
 -> (artifact id: '826f65d94863dc743f1ca145b56b2342') in 0.006480 seconds
Number of updated asset objects reloaded before import = 0
Number of asset objects unloaded after import = 9
========================================================================
Received Import Request.
  Time since last request: 0.000087 seconds.
  path: Assets/Art/KayKit_Restaurant_Bits_1.0_FREE/Assets/fbx/kitchentable_A_large.fbx
  artifactKey: Guid(b653d4f45c9084f12a7aec88ec1e702a) Importer(2089858483,0ecaa5967403d082aa24f35e1b516d23)
Start importing Assets/Art/KayKit_Restaurant_Bits_1.0_FREE/Assets/fbx/kitchentable_A_large.fbx using Guid(b653d4f45c9084f12a7aec88ec1e702a) Importer(2089858483,0ecaa5967403d082aa24f35e1b516d23) [PhysX] Initialized MultithreadedTaskDispatcher with 12 workers.
 -> (artifact id: '20fb8eac7eb04e951b77f868f21cecff') in 0.007493 seconds
Number of updated asset objects reloaded before import = 0
Number of asset objects unloaded after import = 9
========================================================================
Received Import Request.
  Time since last request: 0.000040 seconds.
  path: Assets/Art/KayKit_Restaurant_Bits_1.0_FREE/Assets/fbx/fridge_A_decorated.fbx
  artifactKey: Guid(eadbea6dd3f9d4843ad67df1990e9374) Importer(2089858483,0ecaa5967403d082aa24f35e1b516d23)
Start importing Assets/Art/KayKit_Restaurant_Bits_1.0_FREE/Assets/fbx/fridge_A_decorated.fbx using Guid(eadbea6dd3f9d4843ad67df1990e9374) Importer(2089858483,0ecaa5967403d082aa24f35e1b516d23) [PhysX] Initialized MultithreadedTaskDispatcher with 12 workers.
 -> (artifact id: '20b698438247ae27505ebc7c953989e6') in 0.011381 seconds
Number of updated asset objects reloaded before import = 0
Number of asset objects unloaded after import = 19
========================================================================
Received Import Request.
  Time since last request: 0.000036 seconds.
  path: Assets/Art/KayKit_Restaurant_Bits_1.0_FREE/Assets/fbx/crate.fbx
  artifactKey: Guid(9851390161ecb4c12a089d4353c9e93f) Importer(2089858483,0ecaa5967403d082aa24f35e1b516d23)
Start importing Assets/Art/KayKit_Restaurant_Bits_1.0_FREE/Assets/fbx/crate.fbx using Guid(9851390161ecb4c12a089d4353c9e93f) Importer(2089858483,0ecaa5967403d082aa24f35e1b516d23) [PhysX] Initialized MultithreadedTaskDispatcher with 12 workers.
 -> (artifact id: '6fe7955b7993320ad870fa0b807622f0') in 0.006881 seconds
Number of updated asset objects reloaded before import = 0
Number of asset objects unloaded after import = 9
========================================================================
Received Import Request.
  Time since last request: 0.000034 seconds.
  path: Assets/Art/KayKit_Restaurant_Bits_1.0_FREE/Assets/fbx/fridge_A.fbx
  artifactKey: Guid(11bd575fa3f3f49c1b3013af901518be) Importer(2089858483,0ecaa5967403d082aa24f35e1b516d23)
Start importing Assets/Art/KayKit_Restaurant_Bits_1.0_FREE/Assets/fbx/fridge_A.fbx using Guid(11bd575fa3f3f49c1b3013af901518be) Importer(2089858483,0ecaa5967403d082aa24f35e1b516d23) [PhysX] Initialized MultithreadedTaskDispatcher with 12 workers.
 -> (artifact id: 'd4d319c167ecfb293c9d3997d9e15a89') in 0.008407 seconds
Number of updated asset objects reloaded before import = 0
Number of asset objects unloaded after import = 19
========================================================================
Received Import Request.
  Time since last request: 0.000029 seconds.
  path: Assets/Art/KayKit_Restaurant_Bits_1.0_FREE/Assets/fbx/crate_lettuce.fbx
  artifactKey: Guid(e93bf21187d8a4337b89d690a2247082) Importer(2089858483,0ecaa5967403d082aa24f35e1b516d23)
Start importing Assets/Art/KayKit_Restaurant_Bits_1.0_FREE/Assets/fbx/crate_lettuce.fbx using Guid(e93bf21187d8a4337b89d690a2247082) Importer(2089858483,0ecaa5967403d082aa24f35e1b516d23) [PhysX] Initialized MultithreadedTaskDispatcher with 12 workers.
 -> (artifact id: 'ddcd98e2f8a8b3901d091a5d76da938d') in 0.007324 seconds
Number of updated asset objects reloaded before import = 0
Number of asset objects unloaded after import = 9
========================================================================
Received Import Request.
  Time since last request: 0.000043 seconds.
  path: Assets/Art/KayKit_Restaurant_Bits_1.0_FREE/Assets/fbx/kitchencounter_outercorner_backsplash.fbx
  artifactKey: Guid(2adee14a514124f61a152a8d170747a9) Importer(2089858483,0ecaa5967403d082aa24f35e1b516d23)
Start importing Assets/Art/KayKit_Restaurant_Bits_1.0_FREE/Assets/fbx/kitchencounter_outercorner_backsplash.fbx using Guid(2adee14a514124f61a152a8d170747a9) Importer(2089858483,0ecaa5967403d082aa24f35e1b516d23) [PhysX] Initialized MultithreadedTaskDispatcher with 12 workers.
 -> (artifact id: '5569aabfcb0933dd126ad677e1ba7b0a') in 0.006774 seconds
Number of updated asset objects reloaded before import = 0
Number of asset objects unloaded after import = 9
========================================================================
Received Import Request.
  Time since last request: 0.000058 seconds.
  path: Assets/Art/KayKit_Restaurant_Bits_1.0_FREE/Assets/fbx/kitchencounter_straight_A.fbx
  artifactKey: Guid(5523a210e155d40a0a0a397eaa91b674) Importer(2089858483,0ecaa5967403d082aa24f35e1b516d23)
Start importing Assets/Art/KayKit_Restaurant_Bits_1.0_FREE/Assets/fbx/kitchencounter_straight_A.fbx using Guid(5523a210e155d40a0a0a397eaa91b674) Importer(2089858483,0ecaa5967403d082aa24f35e1b516d23) [PhysX] Initialized MultithreadedTaskDispatcher with 12 workers.
 -> (artifact id: 'b14917d9a34d9caea59607fc859716cb') in 0.007333 seconds
Number of updated asset objects reloaded before import = 0
Number of asset objects unloaded after import = 9
========================================================================
Received Import Request.
  Time since last request: 0.000028 seconds.
  path: Assets/Art/KayKit_Restaurant_Bits_1.0_FREE/Assets/fbx/kitchencounter_straight_decorated.fbx
  artifactKey: Guid(15fc22e31a912477289a23761b730f18) Importer(2089858483,0ecaa5967403d082aa24f35e1b516d23)
Start importing Assets/Art/KayKit_Restaurant_Bits_1.0_FREE/Assets/fbx/kitchencounter_straight_decorated.fbx using Guid(15fc22e31a912477289a23761b730f18) Importer(2089858483,0ecaa5967403d082aa24f35e1b516d23) [PhysX] Initialized MultithreadedTaskDispatcher with 12 workers.
 -> (artifact id: '41d92912641d1284ad8425f95329a91f') in 0.007702 seconds
Number of updated asset objects reloaded before import = 0
Number of asset objects unloaded after import = 9
========================================================================
Received Import Request.
  Time since last request: 0.000034 seconds.
  path: Assets/Art/KayKit_Restaurant_Bits_1.0_FREE/Assets/fbx/food_ingredient_bun_top.fbx
  artifactKey: Guid(0d872f08fe42f41c89b5fe6f44dd1625) Importer(2089858483,0ecaa5967403d082aa24f35e1b516d23)
Start importing Assets/Art/KayKit_Restaurant_Bits_1.0_FREE/Assets/fbx/food_ingredient_bun_top.fbx using Guid(0d872f08fe42f41c89b5fe6f44dd1625) Importer(2089858483,0ecaa5967403d082aa24f35e1b516d23) [PhysX] Initialized MultithreadedTaskDispatcher with 12 workers.
 -> (artifact id: 'b0e17f590d8a72fbb8691c3f25889124') in 0.007019 seconds
Number of updated asset objects reloaded before import = 0
Number of asset objects unloaded after import = 9
========================================================================
Received Import Request.
  Time since last request: 0.000028 seconds.
  path: Assets/Art/KayKit_Restaurant_Bits_1.0_FREE/Assets/fbx/kitchencounter_innercorner.fbx
  artifactKey: Guid(20e27e89af8f143e3bd31cabfb91133b) Importer(2089858483,0ecaa5967403d082aa24f35e1b516d23)
Start importing Assets/Art/KayKit_Restaurant_Bits_1.0_FREE/Assets/fbx/kitchencounter_innercorner.fbx using Guid(20e27e89af8f143e3bd31cabfb91133b) Importer(2089858483,0ecaa5967403d082aa24f35e1b516d23) [PhysX] Initialized MultithreadedTaskDispatcher with 12 workers.
 -> (artifact id: 'eeb7cb86cae7296f4094b6ad6119bbbb') in 0.007406 seconds
Number of updated asset objects reloaded before import = 0
Number of asset objects unloaded after import = 9
========================================================================
Received Import Request.
  Time since last request: 0.000028 seconds.
  path: Assets/Art/KayKit_Restaurant_Bits_1.0_FREE/Assets/fbx/food_ingredient_ham_cooked.fbx
  artifactKey: Guid(69ec5d2de7bad493997d78dd21d57371) Importer(2089858483,0ecaa5967403d082aa24f35e1b516d23)
Start importing Assets/Art/KayKit_Restaurant_Bits_1.0_FREE/Assets/fbx/food_ingredient_ham_cooked.fbx using Guid(69ec5d2de7bad493997d78dd21d57371) Importer(2089858483,0ecaa5967403d082aa24f35e1b516d23) [PhysX] Initialized MultithreadedTaskDispatcher with 12 workers.
 -> (artifact id: '50653654f7e6e471af2fd2c8ac9d2513') in 0.006809 seconds
Number of updated asset objects reloaded before import = 0
Number of asset objects unloaded after import = 9
========================================================================
Received Import Request.
  Time since last request: 0.000051 seconds.
  path: Assets/Art/KayKit_Restaurant_Bits_1.0_FREE/Assets/fbx/food_ingredient_lettuce_chopped.fbx
  artifactKey: Guid(f722b39504f2d4b509657ec5e211d7e9) Importer(2089858483,0ecaa5967403d082aa24f35e1b516d23)
Start importing Assets/Art/KayKit_Restaurant_Bits_1.0_FREE/Assets/fbx/food_ingredient_lettuce_chopped.fbx using Guid(f722b39504f2d4b509657ec5e211d7e9) Importer(2089858483,0ecaa5967403d082aa24f35e1b516d23) [PhysX] Initialized MultithreadedTaskDispatcher with 12 workers.
 -> (artifact id: '1b6886076b4b092925e8453fad1082fc') in 0.007286 seconds
Number of updated asset objects reloaded before import = 0
Number of asset objects unloaded after import = 9
========================================================================
Received Import Request.
  Time since last request: 0.000028 seconds.
  path: Assets/Art/KayKit_Restaurant_Bits_1.0_FREE/Assets/fbx/food_ingredient_steak_pieces.fbx
  artifactKey: Guid(445573e8dad754d40bb3a0fa294fae07) Importer(2089858483,0ecaa5967403d082aa24f35e1b516d23)
Start importing Assets/Art/KayKit_Restaurant_Bits_1.0_FREE/Assets/fbx/food_ingredient_steak_pieces.fbx using Guid(445573e8dad754d40bb3a0fa294fae07) Importer(2089858483,0ecaa5967403d082aa24f35e1b516d23) [PhysX] Initialized MultithreadedTaskDispatcher with 12 workers.
 -> (artifact id: '623d0f7ccc8eb946c2b14dc3a72dcfb1') in 0.007978 seconds
Number of updated asset objects reloaded before import = 0
Number of asset objects unloaded after import = 9
========================================================================
Received Import Request.
  Time since last request: 0.000034 seconds.
  path: Assets/Art/KayKit_Restaurant_Bits_1.0_FREE/Assets/fbx/jar_C_medium.fbx
  artifactKey: Guid(773025c83002a439aaedfc50193c4b96) Importer(2089858483,0ecaa5967403d082aa24f35e1b516d23)
Start importing Assets/Art/KayKit_Restaurant_Bits_1.0_FREE/Assets/fbx/jar_C_medium.fbx using Guid(773025c83002a439aaedfc50193c4b96) Importer(2089858483,0ecaa5967403d082aa24f35e1b516d23) [PhysX] Initialized MultithreadedTaskDispatcher with 12 workers.
 -> (artifact id: '1672f20f8412ec13016fe3676afcf49b') in 0.006592 seconds
Number of updated asset objects reloaded before import = 0
Number of asset objects unloaded after import = 9
========================================================================
Received Import Request.
  Time since last request: 0.000033 seconds.
  path: Assets/Art/KayKit_Restaurant_Bits_1.0_FREE/Assets/fbx/cuttingboard.fbx
  artifactKey: Guid(cf95a0e6e4d7649c4845508a93d6db85) Importer(2089858483,0ecaa5967403d082aa24f35e1b516d23)
Start importing Assets/Art/KayKit_Restaurant_Bits_1.0_FREE/Assets/fbx/cuttingboard.fbx using Guid(cf95a0e6e4d7649c4845508a93d6db85) Importer(2089858483,0ecaa5967403d082aa24f35e1b516d23) [PhysX] Initialized MultithreadedTaskDispatcher with 12 workers.
 -> (artifact id: '5b9cafeded132e560964c54f46624177') in 0.006639 seconds
Number of updated asset objects reloaded before import = 0
Number of asset objects unloaded after import = 9
========================================================================
Received Import Request.
  Time since last request: 0.000030 seconds.
  path: Assets/Art/KayKit_Restaurant_Bits_1.0_FREE/Assets/fbx/floor_kitchen.fbx
  artifactKey: Guid(5aca56ec9628d4e4f8a3af0b4bcb437f) Importer(2089858483,0ecaa5967403d082aa24f35e1b516d23)
Start importing Assets/Art/KayKit_Restaurant_Bits_1.0_FREE/Assets/fbx/floor_kitchen.fbx using Guid(5aca56ec9628d4e4f8a3af0b4bcb437f) Importer(2089858483,0ecaa5967403d082aa24f35e1b516d23) [PhysX] Initialized MultithreadedTaskDispatcher with 12 workers.
 -> (artifact id: 'abb24a224e1890ceda478c44b173d2c3') in 0.006248 seconds
Number of updated asset objects reloaded before import = 0
Number of asset objects unloaded after import = 9
========================================================================
Received Import Request.
  Time since last request: 0.000036 seconds.
  path: Assets/Art/KayKit_Restaurant_Bits_1.0_FREE/Assets/fbx/kitchencounter_sink_backsplash.fbx
  artifactKey: Guid(f24136549b52f4a248f51c6f85df3983) Importer(2089858483,0ecaa5967403d082aa24f35e1b516d23)
Start importing Assets/Art/KayKit_Restaurant_Bits_1.0_FREE/Assets/fbx/kitchencounter_sink_backsplash.fbx using Guid(f24136549b52f4a248f51c6f85df3983) Importer(2089858483,0ecaa5967403d082aa24f35e1b516d23) [PhysX] Initialized MultithreadedTaskDispatcher with 12 workers.
 -> (artifact id: '97f5b3aae10475c89d640c638c0f2baa') in 0.007175 seconds
Number of updated asset objects reloaded before import = 0
Number of asset objects unloaded after import = 9
========================================================================
Received Import Request.
  Time since last request: 0.000029 seconds.
  path: Assets/Art/KayKit_Restaurant_Bits_1.0_FREE/Assets/fbx/jar_D_small.fbx
  artifactKey: Guid(89af6581ca61141bb9f26fd4b0fc2868) Importer(2089858483,0ecaa5967403d082aa24f35e1b516d23)
Start importing Assets/Art/KayKit_Restaurant_Bits_1.0_FREE/Assets/fbx/jar_D_small.fbx using Guid(89af6581ca61141bb9f26fd4b0fc2868) Importer(2089858483,0ecaa5967403d082aa24f35e1b516d23) [PhysX] Initialized MultithreadedTaskDispatcher with 12 workers.
 -> (artifact id: '2e18b0b3aa5e5ac7cdedadf070719665') in 0.006405 seconds
Number of updated asset objects reloaded before import = 0
Number of asset objects unloaded after import = 9
========================================================================
Received Import Request.
  Time since last request: 0.495797 seconds.
  path: Assets/Art/KayKit_Restaurant_Bits_1.0_FREE/Assets/fbx/kitchentable_A_large_decorated.fbx
  artifactKey: Guid(e7ed8755149b9409381538723c75fcd4) Importer(2089858483,0ecaa5967403d082aa24f35e1b516d23)
Start importing Assets/Art/KayKit_Restaurant_Bits_1.0_FREE/Assets/fbx/kitchentable_A_large_decorated.fbx using Guid(e7ed8755149b9409381538723c75fcd4) Importer(2089858483,0ecaa5967403d082aa24f35e1b516d23) [PhysX] Initialized MultithreadedTaskDispatcher with 12 workers.
 -> (artifact id: 'a9fb5499adc56334ee4f0e84519c6ec7') in 0.007260 seconds
Number of updated asset objects reloaded before import = 0
Number of asset objects unloaded after import = 9
========================================================================
Received Import Request.
  Time since last request: 0.000045 seconds.
  path: Assets/Art/KayKit_Restaurant_Bits_1.0_FREE/Assets/fbx (unity)/food_ingredient_ham_trash.fbx
  artifactKey: Guid(b335e642417494d2e9119af5bee0d65e) Importer(2089858483,0ecaa5967403d082aa24f35e1b516d23)
Start importing Assets/Art/KayKit_Restaurant_Bits_1.0_FREE/Assets/fbx (unity)/food_ingredient_ham_trash.fbx using Guid(b335e642417494d2e9119af5bee0d65e) Importer(2089858483,0ecaa5967403d082aa24f35e1b516d23) [PhysX] Initialized MultithreadedTaskDispatcher with 12 workers.
 -> (artifact id: 'b2671622c9751e64373f321af1436c73') in 0.007476 seconds
Number of updated asset objects reloaded before import = 0
Number of asset objects unloaded after import = 9
========================================================================
Received Import Request.
  Time since last request: 0.000059 seconds.
  path: Assets/Art/KayKit_Restaurant_Bits_1.0_FREE/Assets/fbx (unity)/bowl_dirty.fbx
  artifactKey: Guid(5be73b7801c8d4aaa81713bf3c5f3d91) Importer(2089858483,0ecaa5967403d082aa24f35e1b516d23)
Start importing Assets/Art/KayKit_Restaurant_Bits_1.0_FREE/Assets/fbx (unity)/bowl_dirty.fbx using Guid(5be73b7801c8d4aaa81713bf3c5f3d91) Importer(2089858483,0ecaa5967403d082aa24f35e1b516d23) [PhysX] Initialized MultithreadedTaskDispatcher with 12 workers.
 -> (artifact id: 'a55a5e6d2e59e8516d9f18f93a4049b1') in 0.006209 seconds
Number of updated asset objects reloaded before import = 0
Number of asset objects unloaded after import = 9
========================================================================
Received Import Request.
  Time since last request: 0.000053 seconds.
  path: Assets/Art/KayKit_Restaurant_Bits_1.0_FREE/Assets/fbx/oven.fbx
  artifactKey: Guid(3f5bf3e9a9fec4d3384cde681ad33848) Importer(2089858483,0ecaa5967403d082aa24f35e1b516d23)
Start importing Assets/Art/KayKit_Restaurant_Bits_1.0_FREE/Assets/fbx/oven.fbx using Guid(3f5bf3e9a9fec4d3384cde681ad33848) Importer(2089858483,0ecaa5967403d082aa24f35e1b516d23) [PhysX] Initialized MultithreadedTaskDispatcher with 12 workers.
 -> (artifact id: '7dd36e7f5b8b165df6c971c3505e575a') in 0.007370 seconds
Number of updated asset objects reloaded before import = 0
Number of asset objects unloaded after import = 14
========================================================================
Received Import Request.
  Time since last request: 0.000036 seconds.
  path: Assets/Art/KayKit_Restaurant_Bits_1.0_FREE/Assets/fbx (unity)/crate_buns.fbx
  artifactKey: Guid(5e29558845f2845c08a38a0e8ff84202) Importer(2089858483,0ecaa5967403d082aa24f35e1b516d23)
Start importing Assets/Art/KayKit_Restaurant_Bits_1.0_FREE/Assets/fbx (unity)/crate_buns.fbx using Guid(5e29558845f2845c08a38a0e8ff84202) Importer(2089858483,0ecaa5967403d082aa24f35e1b516d23) [PhysX] Initialized MultithreadedTaskDispatcher with 12 workers.
 -> (artifact id: 'b7733813b665fd1144fd42d3f3f7334b') in 0.007392 seconds
Number of updated asset objects reloaded before import = 0
Number of asset objects unloaded after import = 9
========================================================================
Received Import Request.
  Time since last request: 0.000057 seconds.
  path: Assets/Art/KayKit_Restaurant_Bits_1.0_FREE/Assets/fbx (unity)/dishrack_plates.fbx
  artifactKey: Guid(0d64d6f75c131473fa715e776f9f579b) Importer(2089858483,0ecaa5967403d082aa24f35e1b516d23)
Start importing Assets/Art/KayKit_Restaurant_Bits_1.0_FREE/Assets/fbx (unity)/dishrack_plates.fbx using Guid(0d64d6f75c131473fa715e776f9f579b) Importer(2089858483,0ecaa5967403d082aa24f35e1b516d23) [PhysX] Initialized MultithreadedTaskDispatcher with 12 workers.
 -> (artifact id: '654f05bc52eedaae8dd024be93da5dbf') in 0.006368 seconds
Number of updated asset objects reloaded before import = 0
Number of asset objects unloaded after import = 9
========================================================================
Received Import Request.
  Time since last request: 0.000039 seconds.
  path: Assets/Art/KayKit_Restaurant_Bits_1.0_FREE/Assets/fbx/kitchentable_B_large.fbx
  artifactKey: Guid(28bab73421b7c4e79b7018c9cd724592) Importer(2089858483,0ecaa5967403d082aa24f35e1b516d23)
Start importing Assets/Art/KayKit_Restaurant_Bits_1.0_FREE/Assets/fbx/kitchentable_B_large.fbx using Guid(28bab73421b7c4e79b7018c9cd724592) Importer(2089858483,0ecaa5967403d082aa24f35e1b516d23) [PhysX] Initialized MultithreadedTaskDispatcher with 12 workers.
 -> (artifact id: 'f6be3a636e81743ee2a059e3164f0a71') in 0.007462 seconds
Number of updated asset objects reloaded before import = 0
Number of asset objects unloaded after import = 9
========================================================================
Received Import Request.
  Time since last request: 0.000029 seconds.
  path: Assets/Art/KayKit_Restaurant_Bits_1.0_FREE/Assets/fbx (unity)/food_ingredient_ham.fbx
  artifactKey: Guid(12589bd9a5bf345c2989958f86603752) Importer(2089858483,0ecaa5967403d082aa24f35e1b516d23)
Start importing Assets/Art/KayKit_Restaurant_Bits_1.0_FREE/Assets/fbx (unity)/food_ingredient_ham.fbx using Guid(12589bd9a5bf345c2989958f86603752) Importer(2089858483,0ecaa5967403d082aa24f35e1b516d23) [PhysX] Initialized MultithreadedTaskDispatcher with 12 workers.
 -> (artifact id: 'a1b80589bdc3dd1c33267706edb06e99') in 0.007463 seconds
Number of updated asset objects reloaded before import = 0
Number of asset objects unloaded after import = 9
========================================================================
Received Import Request.
  Time since last request: 0.000032 seconds.
  path: Assets/Art/KayKit_Restaurant_Bits_1.0_FREE/Assets/fbx/wall.fbx
  artifactKey: Guid(4e4d15130667d4331be003276721d165) Importer(2089858483,0ecaa5967403d082aa24f35e1b516d23)
Start importing Assets/Art/KayKit_Restaurant_Bits_1.0_FREE/Assets/fbx/wall.fbx using Guid(4e4d15130667d4331be003276721d165) Importer(2089858483,0ecaa5967403d082aa24f35e1b516d23) [PhysX] Initialized MultithreadedTaskDispatcher with 12 workers.
 -> (artifact id: 'cdd40c88cd0faf4e0494c3de9955d168') in 0.006732 seconds
Number of updated asset objects reloaded before import = 0
Number of asset objects unloaded after import = 9
========================================================================
Received Import Request.
  Time since last request: 0.000062 seconds.
  path: Assets/Art/KayKit_Restaurant_Bits_1.0_FREE/Assets/fbx (unity)/chair_B.fbx
  artifactKey: Guid(3f366ca1aacf74c1788332cf3b13c00c) Importer(2089858483,0ecaa5967403d082aa24f35e1b516d23)
Start importing Assets/Art/KayKit_Restaurant_Bits_1.0_FREE/Assets/fbx (unity)/chair_B.fbx using Guid(3f366ca1aacf74c1788332cf3b13c00c) Importer(2089858483,0ecaa5967403d082aa24f35e1b516d23) [PhysX] Initialized MultithreadedTaskDispatcher with 12 workers.
 -> (artifact id: 'ed4206b4d05ed76fdb0784aa287a6e92') in 0.006053 seconds
Number of updated asset objects reloaded before import = 0
Number of asset objects unloaded after import = 9
========================================================================
Received Import Request.
  Time since last request: 0.000028 seconds.
  path: Assets/Art/KayKit_Restaurant_Bits_1.0_FREE/Assets/fbx (unity)/crate_lid.fbx
  artifactKey: Guid(1249c979023364352b0c97482d28cc7b) Importer(2089858483,0ecaa5967403d082aa24f35e1b516d23)
Start importing Assets/Art/KayKit_Restaurant_Bits_1.0_FREE/Assets/fbx (unity)/crate_lid.fbx using Guid(1249c979023364352b0c97482d28cc7b) Importer(2089858483,0ecaa5967403d082aa24f35e1b516d23) [PhysX] Initialized MultithreadedTaskDispatcher with 12 workers.
 -> (artifact id: '02449c7509acea7d239864399f70f44d') in 0.006604 seconds
Number of updated asset objects reloaded before import = 0
Number of asset objects unloaded after import = 9
========================================================================
Received Import Request.
  Time since last request: 0.000039 seconds.
  path: Assets/Art/KayKit_Restaurant_Bits_1.0_FREE/Assets/fbx/table_round_A_small.fbx
  artifactKey: Guid(12307310e54c544288889c24aadd8dcb) Importer(2089858483,0ecaa5967403d082aa24f35e1b516d23)
Start importing Assets/Art/KayKit_Restaurant_Bits_1.0_FREE/Assets/fbx/table_round_A_small.fbx using Guid(12307310e54c544288889c24aadd8dcb) Importer(2089858483,0ecaa5967403d082aa24f35e1b516d23) [PhysX] Initialized MultithreadedTaskDispatcher with 12 workers.
 -> (artifact id: 'e4bffbe69e4ea9282d6894d3ce4a3391') in 0.006776 seconds
Number of updated asset objects reloaded before import = 0
Number of asset objects unloaded after import = 9
========================================================================
Received Import Request.
  Time since last request: 0.000024 seconds.
  path: Assets/Art/KayKit_Restaurant_Bits_1.0_FREE/Assets/fbx/wall_decorated.fbx
  artifactKey: Guid(6b52fdfd6862a4fd6a6505cfd963cdb3) Importer(2089858483,0ecaa5967403d082aa24f35e1b516d23)
Start importing Assets/Art/KayKit_Restaurant_Bits_1.0_FREE/Assets/fbx/wall_decorated.fbx using Guid(6b52fdfd6862a4fd6a6505cfd963cdb3) Importer(2089858483,0ecaa5967403d082aa24f35e1b516d23) [PhysX] Initialized MultithreadedTaskDispatcher with 12 workers.
 -> (artifact id: '417fc44dc9b82a99a45de0497a960ce9') in 0.006892 seconds
Number of updated asset objects reloaded before import = 0
Number of asset objects unloaded after import = 9
========================================================================
Received Import Request.
  Time since last request: 0.000029 seconds.
  path: Assets/Art/KayKit_Restaurant_Bits_1.0_FREE/Assets/fbx/plate.fbx
  artifactKey: Guid(bba9d4d8269d0469688a7c88c7a1dcec) Importer(2089858483,0ecaa5967403d082aa24f35e1b516d23)
Start importing Assets/Art/KayKit_Restaurant_Bits_1.0_FREE/Assets/fbx/plate.fbx using Guid(bba9d4d8269d0469688a7c88c7a1dcec) Importer(2089858483,0ecaa5967403d082aa24f35e1b516d23) [PhysX] Initialized MultithreadedTaskDispatcher with 12 workers.
 -> (artifact id: '804dc9e4c58659a4a682dee7947248a2') in 0.006009 seconds
Number of updated asset objects reloaded before import = 0
Number of asset objects unloaded after import = 9
========================================================================
Received Import Request.
  Time since last request: 0.000035 seconds.
  path: Assets/Art/KayKit_Restaurant_Bits_1.0_FREE/Assets/fbx/towelrail.fbx
  artifactKey: Guid(aa5a27e16122f4f5a958239013241b7d) Importer(2089858483,0ecaa5967403d082aa24f35e1b516d23)
Start importing Assets/Art/KayKit_Restaurant_Bits_1.0_FREE/Assets/fbx/towelrail.fbx using Guid(aa5a27e16122f4f5a958239013241b7d) Importer(2089858483,0ecaa5967403d082aa24f35e1b516d23) [PhysX] Initialized MultithreadedTaskDispatcher with 12 workers.
 -> (artifact id: 'b3b293b69fd72f31f51b5052d9ca49d7') in 0.006831 seconds
Number of updated asset objects reloaded before import = 0
Number of asset objects unloaded after import = 9
========================================================================
Received Import Request.
  Time since last request: 0.000041 seconds.
  path: Assets/Art/KayKit_Restaurant_Bits_1.0_FREE/Assets/fbx (unity)/food_ingredient_carrot_chopped.fbx
  artifactKey: Guid(266d1fdcde71c4dcab11df9129e92b32) Importer(2089858483,0ecaa5967403d082aa24f35e1b516d23)
Start importing Assets/Art/KayKit_Restaurant_Bits_1.0_FREE/Assets/fbx (unity)/food_ingredient_carrot_chopped.fbx using Guid(266d1fdcde71c4dcab11df9129e92b32) Importer(2089858483,0ecaa5967403d082aa24f35e1b516d23) [PhysX] Initialized MultithreadedTaskDispatcher with 12 workers.
 -> (artifact id: 'd9623cbae5b18613c43f89edc27810a2') in 0.007020 seconds
Number of updated asset objects reloaded before import = 0
Number of asset objects unloaded after import = 9
========================================================================
Received Import Request.
  Time since last request: 0.000035 seconds.
  path: Assets/Art/KayKit_Restaurant_Bits_1.0_FREE/Assets/fbx/stove_multi.fbx
  artifactKey: Guid(0232ede437cf248a5a6381c20789d8ec) Importer(2089858483,0ecaa5967403d082aa24f35e1b516d23)
Start importing Assets/Art/KayKit_Restaurant_Bits_1.0_FREE/Assets/fbx/stove_multi.fbx using Guid(0232ede437cf248a5a6381c20789d8ec) Importer(2089858483,0ecaa5967403d082aa24f35e1b516d23) [PhysX] Initialized MultithreadedTaskDispatcher with 12 workers.
 -> (artifact id: '044808ff7bd3b5d340d679a5f7f09560') in 0.006778 seconds
Number of updated asset objects reloaded before import = 0
Number of asset objects unloaded after import = 9
========================================================================
Received Import Request.
  Time since last request: 0.000038 seconds.
  path: Assets/Art/KayKit_Restaurant_Bits_1.0_FREE/Assets/fbx (unity)/bowl_small.fbx
  artifactKey: Guid(4705b69a49ede45928338651d7782c5d) Importer(2089858483,0ecaa5967403d082aa24f35e1b516d23)
Start importing Assets/Art/KayKit_Restaurant_Bits_1.0_FREE/Assets/fbx (unity)/bowl_small.fbx using Guid(4705b69a49ede45928338651d7782c5d) Importer(2089858483,0ecaa5967403d082aa24f35e1b516d23) [PhysX] Initialized MultithreadedTaskDispatcher with 12 workers.
 -> (artifact id: '3db59ad38bc8f784affe59061ebbee38') in 0.006374 seconds
Number of updated asset objects reloaded before import = 0
Number of asset objects unloaded after import = 9
========================================================================
Received Import Request.
  Time since last request: 0.000030 seconds.
  path: Assets/Art/KayKit_Restaurant_Bits_1.0_FREE/Assets/fbx/pillar_A.fbx
  artifactKey: Guid(9b906d953a7cb48cb8f376b351c09590) Importer(2089858483,0ecaa5967403d082aa24f35e1b516d23)
Start importing Assets/Art/KayKit_Restaurant_Bits_1.0_FREE/Assets/fbx/pillar_A.fbx using Guid(9b906d953a7cb48cb8f376b351c09590) Importer(2089858483,0ecaa5967403d082aa24f35e1b516d23) [PhysX] Initialized MultithreadedTaskDispatcher with 12 workers.
 -> (artifact id: '0fac98bf6bb7502316035f0be1baf127') in 0.006036 seconds
Number of updated asset objects reloaded before import = 0
Number of asset objects unloaded after import = 9
========================================================================
Received Import Request.
  Time since last request: 0.000038 seconds.
  path: Assets/Art/KayKit_Restaurant_Bits_1.0_FREE/Assets/fbx (unity)/cuttingboard.fbx
  artifactKey: Guid(f720e7dfdc2b542b795953ba0bc9cfe6) Importer(2089858483,0ecaa5967403d082aa24f35e1b516d23)
Start importing Assets/Art/KayKit_Restaurant_Bits_1.0_FREE/Assets/fbx (unity)/cuttingboard.fbx using Guid(f720e7dfdc2b542b795953ba0bc9cfe6) Importer(2089858483,0ecaa5967403d082aa24f35e1b516d23) [PhysX] Initialized MultithreadedTaskDispatcher with 12 workers.
 -> (artifact id: 'f7f74d2f3c94118133cd00ffd1a147e5') in 0.006573 seconds
Number of updated asset objects reloaded before import = 0
Number of asset objects unloaded after import = 9
========================================================================
Received Import Request.
  Time since last request: 0.000031 seconds.
  path: Assets/Art/KayKit_Restaurant_Bits_1.0_FREE/Assets/fbx/pan_006.fbx
  artifactKey: Guid(b4c85b473c5e147f784e3f9c1ea1d595) Importer(2089858483,0ecaa5967403d082aa24f35e1b516d23)
Start importing Assets/Art/KayKit_Restaurant_Bits_1.0_FREE/Assets/fbx/pan_006.fbx using Guid(b4c85b473c5e147f784e3f9c1ea1d595) Importer(2089858483,0ecaa5967403d082aa24f35e1b516d23) [PhysX] Initialized MultithreadedTaskDispatcher with 12 workers.
 -> (artifact id: 'c3980915a01570de3c5f559e9323c08a') in 0.006491 seconds
Number of updated asset objects reloaded before import = 0
Number of asset objects unloaded after import = 9
========================================================================
Received Import Request.
  Time since last request: 0.000037 seconds.
  path: Assets/Art/KayKit_Restaurant_Bits_1.0_FREE/Assets/fbx/wall_doorway.fbx
  artifactKey: Guid(7c5d1899b4a6a491ba8f08eadad39378) Importer(2089858483,0ecaa5967403d082aa24f35e1b516d23)
Start importing Assets/Art/KayKit_Restaurant_Bits_1.0_FREE/Assets/fbx/wall_doorway.fbx using Guid(7c5d1899b4a6a491ba8f08eadad39378) Importer(2089858483,0ecaa5967403d082aa24f35e1b516d23) [PhysX] Initialized MultithreadedTaskDispatcher with 12 workers.
 -> (artifact id: '1bef12e030258a714cacdc13e16da6ac') in 0.007544 seconds
Number of updated asset objects reloaded before import = 0
Number of asset objects unloaded after import = 9
========================================================================
Received Import Request.
  Time since last request: 0.000031 seconds.
  path: Assets/Art/KayKit_Restaurant_Bits_1.0_FREE/Assets/fbx (unity)/food_ingredient_lettuce_slice.fbx
  artifactKey: Guid(46d5a51db4f8545bbaf9e0f57cf51ac1) Importer(2089858483,0ecaa5967403d082aa24f35e1b516d23)
Start importing Assets/Art/KayKit_Restaurant_Bits_1.0_FREE/Assets/fbx (unity)/food_ingredient_lettuce_slice.fbx using Guid(46d5a51db4f8545bbaf9e0f57cf51ac1) Importer(2089858483,0ecaa5967403d082aa24f35e1b516d23) [PhysX] Initialized MultithreadedTaskDispatcher with 12 workers.
 -> (artifact id: 'a32b162f11b5570127b2f6ef61249b38') in 0.007131 seconds
Number of updated asset objects reloaded before import = 0
Number of asset objects unloaded after import = 9
========================================================================
Received Import Request.
  Time since last request: 0.000028 seconds.
  path: Assets/Art/KayKit_Restaurant_Bits_1.0_FREE/Assets/fbx (unity)/crate_potatoes.fbx
  artifactKey: Guid(3796a195f1b604b77b4905fb026173f8) Importer(2089858483,0ecaa5967403d082aa24f35e1b516d23)
Start importing Assets/Art/KayKit_Restaurant_Bits_1.0_FREE/Assets/fbx (unity)/crate_potatoes.fbx using Guid(3796a195f1b604b77b4905fb026173f8) Importer(2089858483,0ecaa5967403d082aa24f35e1b516d23) [PhysX] Initialized MultithreadedTaskDispatcher with 12 workers.
 -> (artifact id: '030db2df974a7453b6235ce38db09188') in 0.007102 seconds
Number of updated asset objects reloaded before import = 0
Number of asset objects unloaded after import = 9
========================================================================
Received Import Request.
  Time since last request: 0.000063 seconds.
  path: Assets/Art/KayKit_Restaurant_Bits_1.0_FREE/Assets/fbx (unity)/floor_kitchen_small.fbx
  artifactKey: Guid(584ecb3f9534541c4afe8ef8d5990093) Importer(2089858483,0ecaa5967403d082aa24f35e1b516d23)
Start importing Assets/Art/KayKit_Restaurant_Bits_1.0_FREE/Assets/fbx (unity)/floor_kitchen_small.fbx using Guid(584ecb3f9534541c4afe8ef8d5990093) Importer(2089858483,0ecaa5967403d082aa24f35e1b516d23) [PhysX] Initialized MultithreadedTaskDispatcher with 12 workers.
 -> (artifact id: '00ecdff6f7e9c62ea03356897886e3de') in 0.006638 seconds
Number of updated asset objects reloaded before import = 0
Number of asset objects unloaded after import = 9
========================================================================
Received Import Request.
  Time since last request: 0.000050 seconds.
  path: Assets/Art/KayKit_Restaurant_Bits_1.0_FREE/Assets/fbx (unity)/food_ingredient_bun_top.fbx
  artifactKey: Guid(73377e363f4e748b3b30626611499abb) Importer(2089858483,0ecaa5967403d082aa24f35e1b516d23)
Start importing Assets/Art/KayKit_Restaurant_Bits_1.0_FREE/Assets/fbx (unity)/food_ingredient_bun_top.fbx using Guid(73377e363f4e748b3b30626611499abb) Importer(2089858483,0ecaa5967403d082aa24f35e1b516d23) [PhysX] Initialized MultithreadedTaskDispatcher with 12 workers.
 -> (artifact id: 'd49eec06ba1c18c3014d68a48e9bfeb2') in 0.006474 seconds
Number of updated asset objects reloaded before import = 0
Number of asset objects unloaded after import = 9
========================================================================
Received Import Request.
  Time since last request: 0.000028 seconds.
  path: Assets/Art/KayKit_Restaurant_Bits_1.0_FREE/Assets/fbx/lid_large.fbx
  artifactKey: Guid(077f6f9e05efd4885940a5c564e30e66) Importer(2089858483,0ecaa5967403d082aa24f35e1b516d23)
Start importing Assets/Art/KayKit_Restaurant_Bits_1.0_FREE/Assets/fbx/lid_large.fbx using Guid(077f6f9e05efd4885940a5c564e30e66) Importer(2089858483,0ecaa5967403d082aa24f35e1b516d23) [PhysX] Initialized MultithreadedTaskDispatcher with 12 workers.
 -> (artifact id: '65727e92133a6cf3dfe4c73a9fb949a9') in 0.006991 seconds
Number of updated asset objects reloaded before import = 0
Number of asset objects unloaded after import = 9
========================================================================
Received Import Request.
  Time since last request: 0.000026 seconds.
  path: Assets/Art/KayKit_Restaurant_Bits_1.0_FREE/Assets/fbx (unity)/crate_cheese.fbx
  artifactKey: Guid(a4873c3f069dc4986a2f0551ec862191) Importer(2089858483,0ecaa5967403d082aa24f35e1b516d23)
Start importing Assets/Art/KayKit_Restaurant_Bits_1.0_FREE/Assets/fbx (unity)/crate_cheese.fbx using Guid(a4873c3f069dc4986a2f0551ec862191) Importer(2089858483,0ecaa5967403d082aa24f35e1b516d23) [PhysX] Initialized MultithreadedTaskDispatcher with 12 workers.
 -> (artifact id: '1f13f1605b4e8d1ed0c1d9141cee672d') in 0.006916 seconds
Number of updated asset objects reloaded before import = 0
Number of asset objects unloaded after import = 9
========================================================================
Received Import Request.
  Time since last request: 0.000034 seconds.
  path: Assets/Art/KayKit_Restaurant_Bits_1.0_FREE/Assets/fbx (unity)/food_ingredient_bun.fbx
  artifactKey: Guid(64464d0f56f064beabe2b7a1a5283fef) Importer(2089858483,0ecaa5967403d082aa24f35e1b516d23)
Start importing Assets/Art/KayKit_Restaurant_Bits_1.0_FREE/Assets/fbx (unity)/food_ingredient_bun.fbx using Guid(64464d0f56f064beabe2b7a1a5283fef) Importer(2089858483,0ecaa5967403d082aa24f35e1b516d23) [PhysX] Initialized MultithreadedTaskDispatcher with 12 workers.
 -> (artifact id: '3c1e6f9de9b9a3a457ca13146282350f') in 0.007032 seconds
Number of updated asset objects reloaded before import = 0
Number of asset objects unloaded after import = 9
========================================================================
Received Import Request.
  Time since last request: 0.000041 seconds.
  path: Assets/Art/KayKit_Restaurant_Bits_1.0_FREE/Assets/fbx (unity)/food_burger.fbx
  artifactKey: Guid(e48461eeddd2c4bb4a26077582e8d141) Importer(2089858483,0ecaa5967403d082aa24f35e1b516d23)
Start importing Assets/Art/KayKit_Restaurant_Bits_1.0_FREE/Assets/fbx (unity)/food_burger.fbx using Guid(e48461eeddd2c4bb4a26077582e8d141) Importer(2089858483,0ecaa5967403d082aa24f35e1b516d23) [PhysX] Initialized MultithreadedTaskDispatcher with 12 workers.
 -> (artifact id: 'de2f4f8b8095e35c77b5ea37fe71baf1') in 0.006682 seconds
Number of updated asset objects reloaded before import = 0
Number of asset objects unloaded after import = 9
========================================================================
Received Import Request.
  Time since last request: 0.000038 seconds.
  path: Assets/Art/KayKit_Restaurant_Bits_1.0_FREE/Assets/fbx/pot_B.fbx
  artifactKey: Guid(3533d7af23e2d464998ca0e8eaf059ff) Importer(2089858483,0ecaa5967403d082aa24f35e1b516d23)
Start importing Assets/Art/KayKit_Restaurant_Bits_1.0_FREE/Assets/fbx/pot_B.fbx using Guid(3533d7af23e2d464998ca0e8eaf059ff) Importer(2089858483,0ecaa5967403d082aa24f35e1b516d23) [PhysX] Initialized MultithreadedTaskDispatcher with 12 workers.
 -> (artifact id: 'd9b89942f018ed83930e5d2699bc8d76') in 0.006389 seconds
Number of updated asset objects reloaded before import = 0
Number of asset objects unloaded after import = 9
========================================================================
Received Import Request.
  Time since last request: 0.000049 seconds.
  path: Assets/Art/KayKit_Restaurant_Bits_1.0_FREE/Assets/fbx (unity)/food_ingredient_lettuce.fbx
  artifactKey: Guid(a0e16dfb175ee4610bc41a78721192d5) Importer(2089858483,0ecaa5967403d082aa24f35e1b516d23)
Start importing Assets/Art/KayKit_Restaurant_Bits_1.0_FREE/Assets/fbx (unity)/food_ingredient_lettuce.fbx using Guid(a0e16dfb175ee4610bc41a78721192d5) Importer(2089858483,0ecaa5967403d082aa24f35e1b516d23) [PhysX] Initialized MultithreadedTaskDispatcher with 12 workers.
 -> (artifact id: '288d9025fc5bbc1d4e98592e75623fbd') in 0.007417 seconds
Number of updated asset objects reloaded before import = 0
Number of asset objects unloaded after import = 9
========================================================================
Received Import Request.
  Time since last request: 0.000034 seconds.
  path: Assets/Art/KayKit_Restaurant_Bits_1.0_FREE/Assets/fbx/menu.fbx
  artifactKey: Guid(e8ea4705fd0584236926f67bca90143c) Importer(2089858483,0ecaa5967403d082aa24f35e1b516d23)
Start importing Assets/Art/KayKit_Restaurant_Bits_1.0_FREE/Assets/fbx/menu.fbx using Guid(e8ea4705fd0584236926f67bca90143c) Importer(2089858483,0ecaa5967403d082aa24f35e1b516d23) [PhysX] Initialized MultithreadedTaskDispatcher with 12 workers.
 -> (artifact id: 'cad29d8484917cfc175cd2dbb16b7449') in 0.006614 seconds
Number of updated asset objects reloaded before import = 0
Number of asset objects unloaded after import = 9
========================================================================
Received Import Request.
  Time since last request: 0.000042 seconds.
  path: Assets/Art/KayKit_Restaurant_Bits_1.0_FREE/Assets/fbx/table_round_A_small_decorated.fbx
  artifactKey: Guid(d954db28afad540af9090ee4e40c816c) Importer(2089858483,0ecaa5967403d082aa24f35e1b516d23)
Start importing Assets/Art/KayKit_Restaurant_Bits_1.0_FREE/Assets/fbx/table_round_A_small_decorated.fbx using Guid(d954db28afad540af9090ee4e40c816c) Importer(2089858483,0ecaa5967403d082aa24f35e1b516d23) [PhysX] Initialized MultithreadedTaskDispatcher with 12 workers.
 -> (artifact id: 'd882af40fd8c86522a81acc6adf0ac61') in 0.006588 seconds
Number of updated asset objects reloaded before import = 0
Number of asset objects unloaded after import = 9
========================================================================
Received Import Request.
  Time since last request: 0.000033 seconds.
  path: Assets/Art/KayKit_Restaurant_Bits_1.0_FREE/Assets/fbx (unity)/chair_stool.fbx
  artifactKey: Guid(76d694897750b4e44adb09dd10ca302e) Importer(2089858483,0ecaa5967403d082aa24f35e1b516d23)
Start importing Assets/Art/KayKit_Restaurant_Bits_1.0_FREE/Assets/fbx (unity)/chair_stool.fbx using Guid(76d694897750b4e44adb09dd10ca302e) Importer(2089858483,0ecaa5967403d082aa24f35e1b516d23) [PhysX] Initialized MultithreadedTaskDispatcher with 12 workers.
 -> (artifact id: '5525b3047b4c7c622eee56263ab2b1a9') in 0.007490 seconds
Number of updated asset objects reloaded before import = 0
Number of asset objects unloaded after import = 9
========================================================================
Received Import Request.
  Time since last request: 0.000029 seconds.
  path: Assets/Art/KayKit_Restaurant_Bits_1.0_FREE/Assets/fbx/stove_multi_decorated.fbx
  artifactKey: Guid(c619e149ab27a487d8e86b7d7086bf63) Importer(2089858483,0ecaa5967403d082aa24f35e1b516d23)
Start importing Assets/Art/KayKit_Restaurant_Bits_1.0_FREE/Assets/fbx/stove_multi_decorated.fbx using Guid(c619e149ab27a487d8e86b7d7086bf63) Importer(2089858483,0ecaa5967403d082aa24f35e1b516d23) [PhysX] Initialized MultithreadedTaskDispatcher with 12 workers.
 -> (artifact id: 'f6568bd954f5c01a9d2b58658e1c7cb1') in 0.006619 seconds
Number of updated asset objects reloaded before import = 0
Number of asset objects unloaded after import = 9
========================================================================
Received Import Request.
  Time since last request: 0.000044 seconds.
  path: Assets/Art/KayKit_Restaurant_Bits_1.0_FREE/Assets/fbx/stove_single_countertop.fbx
  artifactKey: Guid(43260ca7a30d14022b1523add3bd4234) Importer(2089858483,0ecaa5967403d082aa24f35e1b516d23)
Start importing Assets/Art/KayKit_Restaurant_Bits_1.0_FREE/Assets/fbx/stove_single_countertop.fbx using Guid(43260ca7a30d14022b1523add3bd4234) Importer(2089858483,0ecaa5967403d082aa24f35e1b516d23) [PhysX] Initialized MultithreadedTaskDispatcher with 12 workers.
 -> (artifact id: 'f1eb1a31e32c41397d29a46ea120be4d') in 0.006982 seconds
Number of updated asset objects reloaded before import = 0
Number of asset objects unloaded after import = 9
========================================================================
Received Import Request.
  Time since last request: 0.000037 seconds.
  path: Assets/Art/KayKit_Restaurant_Bits_1.0_FREE/Assets/fbx/stove_single.fbx
  artifactKey: Guid(1b258e8eb3247406f9c950acdb0d5fff) Importer(2089858483,0ecaa5967403d082aa24f35e1b516d23)
Start importing Assets/Art/KayKit_Restaurant_Bits_1.0_FREE/Assets/fbx/stove_single.fbx using Guid(1b258e8eb3247406f9c950acdb0d5fff) Importer(2089858483,0ecaa5967403d082aa24f35e1b516d23) [PhysX] Initialized MultithreadedTaskDispatcher with 12 workers.
 -> (artifact id: '2ba21f3e4b5896692dbff75bcb65794f') in 0.006760 seconds
Number of updated asset objects reloaded before import = 0
Number of asset objects unloaded after import = 9
========================================================================
Received Import Request.
  Time since last request: 0.000048 seconds.
  path: Assets/Art/KayKit_Restaurant_Bits_1.0_FREE/Assets/fbx (unity)/food_ingredient_potato.fbx
  artifactKey: Guid(1436ff5f21d234cd6ac2b9bfb88243a9) Importer(2089858483,0ecaa5967403d082aa24f35e1b516d23)
Start importing Assets/Art/KayKit_Restaurant_Bits_1.0_FREE/Assets/fbx (unity)/food_ingredient_potato.fbx using Guid(1436ff5f21d234cd6ac2b9bfb88243a9) Importer(2089858483,0ecaa5967403d082aa24f35e1b516d23) [PhysX] Initialized MultithreadedTaskDispatcher with 12 workers.
 -> (artifact id: '7ba16137927d5ea56257985334ca280d') in 0.007598 seconds
Number of updated asset objects reloaded before import = 0
Number of asset objects unloaded after import = 9
========================================================================
Received Import Request.
  Time since last request: 0.000079 seconds.
  path: Assets/Art/KayKit_Restaurant_Bits_1.0_FREE/Assets/fbx (unity)/bowl.fbx
  artifactKey: Guid(e222e8ee2ad144e7e8cb69b622fbb9ff) Importer(2089858483,0ecaa5967403d082aa24f35e1b516d23)
Start importing Assets/Art/KayKit_Restaurant_Bits_1.0_FREE/Assets/fbx (unity)/bowl.fbx using Guid(e222e8ee2ad144e7e8cb69b622fbb9ff) Importer(2089858483,0ecaa5967403d082aa24f35e1b516d23) [PhysX] Initialized MultithreadedTaskDispatcher with 12 workers.
 -> (artifact id: 'e5ca27c2b4980c9b912a4a6cf109acfa') in 0.006702 seconds
Number of updated asset objects reloaded before import = 0
Number of asset objects unloaded after import = 9
========================================================================
Received Import Request.
  Time since last request: 0.000033 seconds.
  path: Assets/Art/KayKit_Restaurant_Bits_1.0_FREE/Assets/fbx (unity)/chair_A.fbx
  artifactKey: Guid(67108adb467d341198a8fab816ad7c9d) Importer(2089858483,0ecaa5967403d082aa24f35e1b516d23)
Start importing Assets/Art/KayKit_Restaurant_Bits_1.0_FREE/Assets/fbx (unity)/chair_A.fbx using Guid(67108adb467d341198a8fab816ad7c9d) Importer(2089858483,0ecaa5967403d082aa24f35e1b516d23) [PhysX] Initialized MultithreadedTaskDispatcher with 12 workers.
 -> (artifact id: '61cbfff93a9b400ab9b01606e4451044') in 0.006545 seconds
Number of updated asset objects reloaded before import = 0
Number of asset objects unloaded after import = 9
========================================================================
Received Import Request.
  Time since last request: 0.000034 seconds.
  path: Assets/Art/KayKit_Restaurant_Bits_1.0_FREE/Assets/fbx/stew_bowl.fbx
  artifactKey: Guid(af80d935eb50a412a928d845f9a3eb07) Importer(2089858483,0ecaa5967403d082aa24f35e1b516d23)
Start importing Assets/Art/KayKit_Restaurant_Bits_1.0_FREE/Assets/fbx/stew_bowl.fbx using Guid(af80d935eb50a412a928d845f9a3eb07) Importer(2089858483,0ecaa5967403d082aa24f35e1b516d23) [PhysX] Initialized MultithreadedTaskDispatcher with 12 workers.
 -> (artifact id: '7e905bec0ba0b65621db68cda5b44888') in 0.007099 seconds
Number of updated asset objects reloaded before import = 0
Number of asset objects unloaded after import = 9
========================================================================
Received Import Request.
  Time since last request: 0.000031 seconds.
  path: Assets/Art/KayKit_Restaurant_Bits_1.0_FREE/Assets/fbx (unity)/extractorhood.fbx
  artifactKey: Guid(72058e475dd8442adb6246bdd3156419) Importer(2089858483,0ecaa5967403d082aa24f35e1b516d23)
Start importing Assets/Art/KayKit_Restaurant_Bits_1.0_FREE/Assets/fbx (unity)/extractorhood.fbx using Guid(72058e475dd8442adb6246bdd3156419) Importer(2089858483,0ecaa5967403d082aa24f35e1b516d23) [PhysX] Initialized MultithreadedTaskDispatcher with 12 workers.
 -> (artifact id: 'c6becb9e85f91df4f91719ba62f776b5') in 0.006363 seconds
Number of updated asset objects reloaded before import = 0
Number of asset objects unloaded after import = 9
========================================================================
Received Import Request.
  Time since last request: 0.000033 seconds.
  path: Assets/Art/KayKit_Restaurant_Bits_1.0_FREE/Assets/fbx/mustard.fbx
  artifactKey: Guid(cd9d9b28f7d2c4ebd8bd2800110267e1) Importer(2089858483,0ecaa5967403d082aa24f35e1b516d23)
Start importing Assets/Art/KayKit_Restaurant_Bits_1.0_FREE/Assets/fbx/mustard.fbx using Guid(cd9d9b28f7d2c4ebd8bd2800110267e1) Importer(2089858483,0ecaa5967403d082aa24f35e1b516d23) [PhysX] Initialized MultithreadedTaskDispatcher with 12 workers.
 -> (artifact id: '0cfc2fe921d09069efe83ccc05832621') in 0.006242 seconds
Number of updated asset objects reloaded before import = 0
Number of asset objects unloaded after import = 9
========================================================================
Received Import Request.
  Time since last request: 0.000070 seconds.
  path: Assets/Art/KayKit_Restaurant_Bits_1.0_FREE/Assets/fbx/lid_B.fbx
  artifactKey: Guid(cf2273d16d8dd4cbb87cc3176d94bf70) Importer(2089858483,0ecaa5967403d082aa24f35e1b516d23)
Start importing Assets/Art/KayKit_Restaurant_Bits_1.0_FREE/Assets/fbx/lid_B.fbx using Guid(cf2273d16d8dd4cbb87cc3176d94bf70) Importer(2089858483,0ecaa5967403d082aa24f35e1b516d23) [PhysX] Initialized MultithreadedTaskDispatcher with 12 workers.
 -> (artifact id: '7ecbffdb0c87e681f8435721f25266e2') in 0.007917 seconds
Number of updated asset objects reloaded before import = 0
Number of asset objects unloaded after import = 9
========================================================================
Received Import Request.
  Time since last request: 0.000031 seconds.
  path: Assets/Art/KayKit_Restaurant_Bits_1.0_FREE/Assets/fbx/lid_A.fbx
  artifactKey: Guid(11638641f2e1d4f3b980e8c34e3ed35c) Importer(2089858483,0ecaa5967403d082aa24f35e1b516d23)
Start importing Assets/Art/KayKit_Restaurant_Bits_1.0_FREE/Assets/fbx/lid_A.fbx using Guid(11638641f2e1d4f3b980e8c34e3ed35c) Importer(2089858483,0ecaa5967403d082aa24f35e1b516d23) [PhysX] Initialized MultithreadedTaskDispatcher with 12 workers.
 -> (artifact id: '281d309d166d212a4ced1ea835ad3d34') in 0.006339 seconds
Number of updated asset objects reloaded before import = 0
Number of asset objects unloaded after import = 9
========================================================================
Received Import Request.
  Time since last request: 0.000048 seconds.
  path: Assets/Art/KayKit_Restaurant_Bits_1.0_FREE/Assets/fbx/wall_orderwindow_decorated.fbx
  artifactKey: Guid(5884683461fc94b89afc1edda3d9d653) Importer(2089858483,0ecaa5967403d082aa24f35e1b516d23)
Start importing Assets/Art/KayKit_Restaurant_Bits_1.0_FREE/Assets/fbx/wall_orderwindow_decorated.fbx using Guid(5884683461fc94b89afc1edda3d9d653) Importer(2089858483,0ecaa5967403d082aa24f35e1b516d23) [PhysX] Initialized MultithreadedTaskDispatcher with 12 workers.
 -> (artifact id: '6d6e6e8621b26634003f91379160a023') in 0.007519 seconds
Number of updated asset objects reloaded before import = 0
Number of asset objects unloaded after import = 9
========================================================================
Received Import Request.
  Time since last request: 0.460098 seconds.
  path: Assets/Art/KayKit_Restaurant_Bits_1.0_FREE/Assets/fbx (unity)/food_ingredient_potato_chopped.fbx
  artifactKey: Guid(61e942bbce8e6402a9098ed7eec12b1e) Importer(2089858483,0ecaa5967403d082aa24f35e1b516d23)
Start importing Assets/Art/KayKit_Restaurant_Bits_1.0_FREE/Assets/fbx (unity)/food_ingredient_potato_chopped.fbx using Guid(61e942bbce8e6402a9098ed7eec12b1e) Importer(2089858483,0ecaa5967403d082aa24f35e1b516d23) [PhysX] Initialized MultithreadedTaskDispatcher with 12 workers.
 -> (artifact id: '977683f2336452d6cf4ae707cee10762') in 0.007094 seconds
Number of updated asset objects reloaded before import = 0
Number of asset objects unloaded after import = 9
========================================================================
Received Import Request.
  Time since last request: 0.000036 seconds.
  path: Assets/Art/KayKit_Restaurant_Bits_1.0_FREE/Assets/fbx (unity)/food_vegetableburger.fbx
  artifactKey: Guid(9be60108333154c4a9cc9e7ab705bfbd) Importer(2089858483,0ecaa5967403d082aa24f35e1b516d23)
Start importing Assets/Art/KayKit_Restaurant_Bits_1.0_FREE/Assets/fbx (unity)/food_vegetableburger.fbx using Guid(9be60108333154c4a9cc9e7ab705bfbd) Importer(2089858483,0ecaa5967403d082aa24f35e1b516d23) [PhysX] Initialized MultithreadedTaskDispatcher with 12 workers.
 -> (artifact id: '5014fd562c1713f696d11187b8a44672') in 0.007142 seconds
Number of updated asset objects reloaded before import = 0
Number of asset objects unloaded after import = 9
========================================================================
Received Import Request.
  Time since last request: 0.000045 seconds.
  path: Assets/Art/KayKit_Restaurant_Bits_1.0_FREE/Assets/fbx (unity)/kitchentable_sink_large.fbx
  artifactKey: Guid(5c0a3f8c8d02a4b0db1ba8dad3b0c8e7) Importer(2089858483,0ecaa5967403d082aa24f35e1b516d23)
Start importing Assets/Art/KayKit_Restaurant_Bits_1.0_FREE/Assets/fbx (unity)/kitchentable_sink_large.fbx using Guid(5c0a3f8c8d02a4b0db1ba8dad3b0c8e7) Importer(2089858483,0ecaa5967403d082aa24f35e1b516d23) [PhysX] Initialized MultithreadedTaskDispatcher with 12 workers.
 -> (artifact id: 'e551d0d1ae16761023575fb7b8b64816') in 0.007033 seconds
Number of updated asset objects reloaded before import = 0
Number of asset objects unloaded after import = 9
========================================================================
Received Import Request.
  Time since last request: 0.000099 seconds.
  path: Assets/Art/KayKit_Restaurant_Bits_1.0_FREE/Assets/fbx (unity)/table_round_A_small_decorated.fbx
  artifactKey: Guid(705b1bc41dacb43eb9e08b6cf67b2185) Importer(2089858483,0ecaa5967403d082aa24f35e1b516d23)
Start importing Assets/Art/KayKit_Restaurant_Bits_1.0_FREE/Assets/fbx (unity)/table_round_A_small_decorated.fbx using Guid(705b1bc41dacb43eb9e08b6cf67b2185) Importer(2089858483,0ecaa5967403d082aa24f35e1b516d23) [PhysX] Initialized MultithreadedTaskDispatcher with 12 workers.
 -> (artifact id: 'e591923b5b3a51e338d2995b2dade169') in 0.008507 seconds
Number of updated asset objects reloaded before import = 0
Number of asset objects unloaded after import = 9
========================================================================
Received Import Request.
  Time since last request: 0.000041 seconds.
  path: Assets/Art/KayKit_Restaurant_Bits_1.0_FREE/Assets/fbx (unity)/stove_single.fbx
  artifactKey: Guid(00232092d90614c91b6e1fdb61b17e8b) Importer(2089858483,0ecaa5967403d082aa24f35e1b516d23)
Start importing Assets/Art/KayKit_Restaurant_Bits_1.0_FREE/Assets/fbx (unity)/stove_single.fbx using Guid(00232092d90614c91b6e1fdb61b17e8b) Importer(2089858483,0ecaa5967403d082aa24f35e1b516d23) [PhysX] Initialized MultithreadedTaskDispatcher with 12 workers.
 -> (artifact id: '38405b5f92649520ceac91d8ffed20d2') in 0.007100 seconds
Number of updated asset objects reloaded before import = 0
Number of asset objects unloaded after import = 9
========================================================================
Received Import Request.
  Time since last request: 0.000040 seconds.
  path: Assets/Art/KayKit_Restaurant_Bits_1.0_FREE/Assets/gltf/crate_lettuce.gltf
  artifactKey: Guid(309a8e2784fdf4366aa9ed0b73a7b876) Importer(2089858483,0ecaa5967403d082aa24f35e1b516d23)
Start importing Assets/Art/KayKit_Restaurant_Bits_1.0_FREE/Assets/gltf/crate_lettuce.gltf using Guid(309a8e2784fdf4366aa9ed0b73a7b876) Importer(2089858483,0ecaa5967403d082aa24f35e1b516d23) [PhysX] Initialized MultithreadedTaskDispatcher with 12 workers.
 -> (artifact id: '7c9e19b287ae2ded4d8054240fccde7c') in 0.001234 seconds
Number of updated asset objects reloaded before import = 0
Number of asset objects unloaded after import = 1
========================================================================
Received Import Request.
  Time since last request: 0.000086 seconds.
  path: Assets/Art/KayKit_Restaurant_Bits_1.0_FREE/Assets/fbx (unity)/pillar_B.fbx
  artifactKey: Guid(ef2fd10213ed741da935f50fdbf52089) Importer(2089858483,0ecaa5967403d082aa24f35e1b516d23)
Start importing Assets/Art/KayKit_Restaurant_Bits_1.0_FREE/Assets/fbx (unity)/pillar_B.fbx using Guid(ef2fd10213ed741da935f50fdbf52089) Importer(2089858483,0ecaa5967403d082aa24f35e1b516d23) [PhysX] Initialized MultithreadedTaskDispatcher with 12 workers.
 -> (artifact id: 'ab37fe82bb74f75574b15f9e24178f83') in 0.006130 seconds
Number of updated asset objects reloaded before import = 0
Number of asset objects unloaded after import = 9
========================================================================
Received Import Request.
  Time since last request: 0.000032 seconds.
  path: Assets/Art/KayKit_Restaurant_Bits_1.0_FREE/Assets/fbx (unity)/kitchencounter_innercorner.fbx
  artifactKey: Guid(6c102ad7ee086478d8ad44a02ad09976) Importer(2089858483,0ecaa5967403d082aa24f35e1b516d23)
Start importing Assets/Art/KayKit_Restaurant_Bits_1.0_FREE/Assets/fbx (unity)/kitchencounter_innercorner.fbx using Guid(6c102ad7ee086478d8ad44a02ad09976) Importer(2089858483,0ecaa5967403d082aa24f35e1b516d23) [PhysX] Initialized MultithreadedTaskDispatcher with 12 workers.
 -> (artifact id: '181015e4f1bff658ffbf2439c0eecfa5') in 0.007050 seconds
Number of updated asset objects reloaded before import = 0
Number of asset objects unloaded after import = 9
========================================================================
Received Import Request.
  Time since last request: 0.000041 seconds.
  path: Assets/Art/KayKit_Restaurant_Bits_1.0_FREE/Assets/fbx (unity)/menu.fbx
  artifactKey: Guid(761a218e72ca74918bb3c847ca55a36a) Importer(2089858483,0ecaa5967403d082aa24f35e1b516d23)
Start importing Assets/Art/KayKit_Restaurant_Bits_1.0_FREE/Assets/fbx (unity)/menu.fbx using Guid(761a218e72ca74918bb3c847ca55a36a) Importer(2089858483,0ecaa5967403d082aa24f35e1b516d23) [PhysX] Initialized MultithreadedTaskDispatcher with 12 workers.
 -> (artifact id: 'cb33b209a23670d9d54035cdbc7ee965') in 0.006911 seconds
Number of updated asset objects reloaded before import = 0
Number of asset objects unloaded after import = 9
========================================================================
Received Import Request.
  Time since last request: 0.000021 seconds.
  path: Assets/Art/KayKit_Restaurant_Bits_1.0_FREE/Assets/fbx (unity)/kitchentable_B.fbx
  artifactKey: Guid(73b9de76cd72a481a9ac97d7be671fb2) Importer(2089858483,0ecaa5967403d082aa24f35e1b516d23)
Start importing Assets/Art/KayKit_Restaurant_Bits_1.0_FREE/Assets/fbx (unity)/kitchentable_B.fbx using Guid(73b9de76cd72a481a9ac97d7be671fb2) Importer(2089858483,0ecaa5967403d082aa24f35e1b516d23) [PhysX] Initialized MultithreadedTaskDispatcher with 12 workers.
 -> (artifact id: '9514a7a0029a809d687f6a5031428c4c') in 0.006121 seconds
Number of updated asset objects reloaded before import = 0
Number of asset objects unloaded after import = 9
========================================================================
Received Import Request.
  Time since last request: 0.000044 seconds.
  path: Assets/Art/KayKit_Restaurant_Bits_1.0_FREE/Assets/fbx (unity)/mustard.fbx
  artifactKey: Guid(1065ff573dde546b98aa6911798c80cd) Importer(2089858483,0ecaa5967403d082aa24f35e1b516d23)
Start importing Assets/Art/KayKit_Restaurant_Bits_1.0_FREE/Assets/fbx (unity)/mustard.fbx using Guid(1065ff573dde546b98aa6911798c80cd) Importer(2089858483,0ecaa5967403d082aa24f35e1b516d23) [PhysX] Initialized MultithreadedTaskDispatcher with 12 workers.
 -> (artifact id: '3f69b748a7b2416bb3595f6bb68e4860') in 0.007339 seconds
Number of updated asset objects reloaded before import = 0
Number of asset objects unloaded after import = 9
========================================================================
Received Import Request.
  Time since last request: 0.000058 seconds.
  path: Assets/Art/KayKit_Restaurant_Bits_1.0_FREE/Assets/fbx (unity)/jar_D_small.fbx
  artifactKey: Guid(1427c39c5ff19424fa2f0956d8793e83) Importer(2089858483,0ecaa5967403d082aa24f35e1b516d23)
Start importing Assets/Art/KayKit_Restaurant_Bits_1.0_FREE/Assets/fbx (unity)/jar_D_small.fbx using Guid(1427c39c5ff19424fa2f0956d8793e83) Importer(2089858483,0ecaa5967403d082aa24f35e1b516d23) [PhysX] Initialized MultithreadedTaskDispatcher with 12 workers.
 -> (artifact id: '1824b82f0aece44e7ba01651b3de52de') in 0.006249 seconds
Number of updated asset objects reloaded before import = 0
Number of asset objects unloaded after import = 9
========================================================================
Received Import Request.
  Time since last request: 0.000092 seconds.
  path: Assets/Art/KayKit_Restaurant_Bits_1.0_FREE/Assets/fbx (unity)/wall_decorated.fbx
  artifactKey: Guid(f1467f645df2444ac90cb5773e8bda76) Importer(2089858483,0ecaa5967403d082aa24f35e1b516d23)
Start importing Assets/Art/KayKit_Restaurant_Bits_1.0_FREE/Assets/fbx (unity)/wall_decorated.fbx using Guid(f1467f645df2444ac90cb5773e8bda76) Importer(2089858483,0ecaa5967403d082aa24f35e1b516d23) [PhysX] Initialized MultithreadedTaskDispatcher with 12 workers.
 -> (artifact id: '72d54885a642a7a63a864c3041465eb6') in 0.006563 seconds
Number of updated asset objects reloaded before import = 0
Number of asset objects unloaded after import = 9
========================================================================
Received Import Request.
  Time since last request: 0.009111 seconds.
  path: Assets/Art/KayKit_Restaurant_Bits_1.0_FREE/Assets/gltf/crate_steak.gltf
  artifactKey: Guid(95ba038618e0a428db3f88813382d7d6) Importer(2089858483,0ecaa5967403d082aa24f35e1b516d23)
Start importing Assets/Art/KayKit_Restaurant_Bits_1.0_FREE/Assets/gltf/crate_steak.gltf using Guid(95ba038618e0a428db3f88813382d7d6) Importer(2089858483,0ecaa5967403d082aa24f35e1b516d23) [PhysX] Initialized MultithreadedTaskDispatcher with 12 workers.
 -> (artifact id: 'cb472a0ff4a702c5b359bfa0f4d9dd76') in 0.001337 seconds
Number of updated asset objects reloaded before import = 0
Number of asset objects unloaded after import = 1
========================================================================
Received Import Request.
  Time since last request: 0.000095 seconds.
  path: Assets/Art/KayKit_Restaurant_Bits_1.0_FREE/Assets/gltf/bowl_small.gltf
  artifactKey: Guid(78d8256d14c004cb28d58c4feeb79b59) Importer(2089858483,0ecaa5967403d082aa24f35e1b516d23)
Start importing Assets/Art/KayKit_Restaurant_Bits_1.0_FREE/Assets/gltf/bowl_small.gltf using Guid(78d8256d14c004cb28d58c4feeb79b59) Importer(2089858483,0ecaa5967403d082aa24f35e1b516d23) [PhysX] Initialized MultithreadedTaskDispatcher with 12 workers.
 -> (artifact id: '8784875cf8609c24014d528fbeecb861') in 0.000936 seconds
Number of updated asset objects reloaded before import = 0
Number of asset objects unloaded after import = 1
========================================================================
Received Import Request.
  Time since last request: 0.000082 seconds.
  path: Assets/Art/KayKit_Restaurant_Bits_1.0_FREE/Assets/gltf/dishrack_plates.gltf
  artifactKey: Guid(8362d89ca261f4217999f5d032ed5704) Importer(2089858483,0ecaa5967403d082aa24f35e1b516d23)
Start importing Assets/Art/KayKit_Restaurant_Bits_1.0_FREE/Assets/gltf/dishrack_plates.gltf using Guid(8362d89ca261f4217999f5d032ed5704) Importer(2089858483,0ecaa5967403d082aa24f35e1b516d23) [PhysX] Initialized MultithreadedTaskDispatcher with 12 workers.
 -> (artifact id: '803b5e56c2bbe3be2584d4b57e07b5f8') in 0.000791 seconds
Number of updated asset objects reloaded before import = 0
Number of asset objects unloaded after import = 1
========================================================================
Received Import Request.
  Time since last request: 0.000109 seconds.
  path: Assets/Art/KayKit_Restaurant_Bits_1.0_FREE/Assets/fbx (unity)/pot_A.fbx
  artifactKey: Guid(f3cb2f8b3fe88449493c114e5ea8e5b1) Importer(2089858483,0ecaa5967403d082aa24f35e1b516d23)
Start importing Assets/Art/KayKit_Restaurant_Bits_1.0_FREE/Assets/fbx (unity)/pot_A.fbx using Guid(f3cb2f8b3fe88449493c114e5ea8e5b1) Importer(2089858483,0ecaa5967403d082aa24f35e1b516d23) [PhysX] Initialized MultithreadedTaskDispatcher with 12 workers.
 -> (artifact id: '8215f546ab411d4da1e93c1ae8bfd82d') in 0.005954 seconds
Number of updated asset objects reloaded before import = 0
Number of asset objects unloaded after import = 9
========================================================================
Received Import Request.
  Time since last request: 0.000059 seconds.
  path: Assets/Art/KayKit_Restaurant_Bits_1.0_FREE/Assets/fbx (unity)/kitchencabinet_corner_half.fbx
  artifactKey: Guid(1171b65d927e64f43a946cf2d23e9f27) Importer(2089858483,0ecaa5967403d082aa24f35e1b516d23)
Start importing Assets/Art/KayKit_Restaurant_Bits_1.0_FREE/Assets/fbx (unity)/kitchencabinet_corner_half.fbx using Guid(1171b65d927e64f43a946cf2d23e9f27) Importer(2089858483,0ecaa5967403d082aa24f35e1b516d23) [PhysX] Initialized MultithreadedTaskDispatcher with 12 workers.
 -> (artifact id: 'a618d48c8b4e21b9d86d707cec96ef89') in 0.006830 seconds
Number of updated asset objects reloaded before import = 0
Number of asset objects unloaded after import = 9
========================================================================
Received Import Request.
  Time since last request: 0.000033 seconds.
  path: Assets/Art/KayKit_Restaurant_Bits_1.0_FREE/Assets/fbx (unity)/pot_B_stew.fbx
  artifactKey: Guid(864ed716c531a476688999ed6abc59b5) Importer(2089858483,0ecaa5967403d082aa24f35e1b516d23)
Start importing Assets/Art/KayKit_Restaurant_Bits_1.0_FREE/Assets/fbx (unity)/pot_B_stew.fbx using Guid(864ed716c531a476688999ed6abc59b5) Importer(2089858483,0ecaa5967403d082aa24f35e1b516d23) [PhysX] Initialized MultithreadedTaskDispatcher with 12 workers.
 -> (artifact id: '5f6cea9801bbf5038c8f483ac8ca74f9') in 0.006983 seconds
Number of updated asset objects reloaded before import = 0
Number of asset objects unloaded after import = 9
========================================================================
Received Import Request.
  Time since last request: 0.000028 seconds.
  path: Assets/Art/KayKit_Restaurant_Bits_1.0_FREE/Assets/gltf/crate_cheese.gltf
  artifactKey: Guid(977a0461d8fda4ae5ac4b03d9ca5a02d) Importer(2089858483,0ecaa5967403d082aa24f35e1b516d23)
Start importing Assets/Art/KayKit_Restaurant_Bits_1.0_FREE/Assets/gltf/crate_cheese.gltf using Guid(977a0461d8fda4ae5ac4b03d9ca5a02d) Importer(2089858483,0ecaa5967403d082aa24f35e1b516d23) [PhysX] Initialized MultithreadedTaskDispatcher with 12 workers.
 -> (artifact id: '8feba98d33870550e7f7c94ade4e394a') in 0.000932 seconds
Number of updated asset objects reloaded before import = 0
Number of asset objects unloaded after import = 1
========================================================================
Received Import Request.
  Time since last request: 0.000088 seconds.
  path: Assets/Art/KayKit_Restaurant_Bits_1.0_FREE/Assets/fbx (unity)/kitchencounter_innercorner_backsplash.fbx
  artifactKey: Guid(2f27b762585ae4bbbbe598756d8ba88f) Importer(2089858483,0ecaa5967403d082aa24f35e1b516d23)
Start importing Assets/Art/KayKit_Restaurant_Bits_1.0_FREE/Assets/fbx (unity)/kitchencounter_innercorner_backsplash.fbx using Guid(2f27b762585ae4bbbbe598756d8ba88f) Importer(2089858483,0ecaa5967403d082aa24f35e1b516d23) [PhysX] Initialized MultithreadedTaskDispatcher with 12 workers.
 -> (artifact id: '1a84a1d0b727bb1ae1f7a6f6567dfdbd') in 0.007465 seconds
Number of updated asset objects reloaded before import = 0
Number of asset objects unloaded after import = 9
========================================================================
Received Import Request.
  Time since last request: 0.000034 seconds.
  path: Assets/Art/KayKit_Restaurant_Bits_1.0_FREE/Assets/gltf/floor_kitchen.gltf
  artifactKey: Guid(b5817bd2d713846a6abdf61eaff3a1b3) Importer(2089858483,0ecaa5967403d082aa24f35e1b516d23)
Start importing Assets/Art/KayKit_Restaurant_Bits_1.0_FREE/Assets/gltf/floor_kitchen.gltf using Guid(b5817bd2d713846a6abdf61eaff3a1b3) Importer(2089858483,0ecaa5967403d082aa24f35e1b516d23) [PhysX] Initialized MultithreadedTaskDispatcher with 12 workers.
 -> (artifact id: '74683c306b697501907a9987c8610b81') in 0.000870 seconds
Number of updated asset objects reloaded before import = 0
Number of asset objects unloaded after import = 1
========================================================================
Received Import Request.
  Time since last request: 0.000052 seconds.
  path: Assets/Art/KayKit_Restaurant_Bits_1.0_FREE/Assets/fbx (unity)/kitchencounter_straight_A.fbx
  artifactKey: Guid(86d6fd480a7404ad0b13b33f40c38ed6) Importer(2089858483,0ecaa5967403d082aa24f35e1b516d23)
Start importing Assets/Art/KayKit_Restaurant_Bits_1.0_FREE/Assets/fbx (unity)/kitchencounter_straight_A.fbx using Guid(86d6fd480a7404ad0b13b33f40c38ed6) Importer(2089858483,0ecaa5967403d082aa24f35e1b516d23) [PhysX] Initialized MultithreadedTaskDispatcher with 12 workers.
 -> (artifact id: '16a7a80aac340413747026367c52bf60') in 0.006699 seconds
Number of updated asset objects reloaded before import = 0
Number of asset objects unloaded after import = 9
========================================================================
Received Import Request.
  Time since last request: 0.000060 seconds.
  path: Assets/Art/KayKit_Restaurant_Bits_1.0_FREE/Assets/fbx (unity)/stove_multi.fbx
  artifactKey: Guid(3c77171c7342b4d79b00c0b0150eab12) Importer(2089858483,0ecaa5967403d082aa24f35e1b516d23)
Start importing Assets/Art/KayKit_Restaurant_Bits_1.0_FREE/Assets/fbx (unity)/stove_multi.fbx using Guid(3c77171c7342b4d79b00c0b0150eab12) Importer(2089858483,0ecaa5967403d082aa24f35e1b516d23) [PhysX] Initialized MultithreadedTaskDispatcher with 12 workers.
 -> (artifact id: 'ad42513bd947e743d2a68269d43aaed0') in 0.006615 seconds
Number of updated asset objects reloaded before import = 0
Number of asset objects unloaded after import = 9
========================================================================
Received Import Request.
  Time since last request: 0.000045 seconds.
  path: Assets/Art/KayKit_Restaurant_Bits_1.0_FREE/Assets/fbx (unity)/fridge_B.fbx
  artifactKey: Guid(98e1b6078401441f083cd43a71a0a7b6) Importer(2089858483,0ecaa5967403d082aa24f35e1b516d23)
Start importing Assets/Art/KayKit_Restaurant_Bits_1.0_FREE/Assets/fbx (unity)/fridge_B.fbx using Guid(98e1b6078401441f083cd43a71a0a7b6) Importer(2089858483,0ecaa5967403d082aa24f35e1b516d23) [PhysX] Initialized MultithreadedTaskDispatcher with 12 workers.
 -> (artifact id: '7ecf4359a191101f675fade11931cb6c') in 0.006921 seconds
Number of updated asset objects reloaded before import = 0
Number of asset objects unloaded after import = 14
========================================================================
Received Import Request.
  Time since last request: 0.000064 seconds.
  path: Assets/Art/KayKit_Restaurant_Bits_1.0_FREE/Assets/fbx (unity)/kitchencounter_straight_B.fbx
  artifactKey: Guid(e64ee47845aba44088b73f0795536fb4) Importer(2089858483,0ecaa5967403d082aa24f35e1b516d23)
Start importing Assets/Art/KayKit_Restaurant_Bits_1.0_FREE/Assets/fbx (unity)/kitchencounter_straight_B.fbx using Guid(e64ee47845aba44088b73f0795536fb4) Importer(2089858483,0ecaa5967403d082aa24f35e1b516d23) [PhysX] Initialized MultithreadedTaskDispatcher with 12 workers.
 -> (artifact id: 'ebcf021269f39c3746215d0d421accd5') in 0.006349 seconds
Number of updated asset objects reloaded before import = 0
Number of asset objects unloaded after import = 9
========================================================================
Received Import Request.
  Time since last request: 0.000063 seconds.
  path: Assets/Art/KayKit_Restaurant_Bits_1.0_FREE/Assets/fbx (unity)/jar_B_medium.fbx
  artifactKey: Guid(e8db0b0d0e46242639f6704c7a1bdb86) Importer(2089858483,0ecaa5967403d082aa24f35e1b516d23)
Start importing Assets/Art/KayKit_Restaurant_Bits_1.0_FREE/Assets/fbx (unity)/jar_B_medium.fbx using Guid(e8db0b0d0e46242639f6704c7a1bdb86) Importer(2089858483,0ecaa5967403d082aa24f35e1b516d23) [PhysX] Initialized MultithreadedTaskDispatcher with 12 workers.
 -> (artifact id: '06280625d2e5cc6637df90250b869382') in 0.006397 seconds
Number of updated asset objects reloaded before import = 0
Number of asset objects unloaded after import = 9
========================================================================
Received Import Request.
  Time since last request: 0.000037 seconds.
  path: Assets/Art/KayKit_Restaurant_Bits_1.0_FREE/Assets/fbx (unity)/food_ingredient_tomato_slice.fbx
  artifactKey: Guid(4cf5c16eddc2f43ad94764eb695ee2c5) Importer(2089858483,0ecaa5967403d082aa24f35e1b516d23)
Start importing Assets/Art/KayKit_Restaurant_Bits_1.0_FREE/Assets/fbx (unity)/food_ingredient_tomato_slice.fbx using Guid(4cf5c16eddc2f43ad94764eb695ee2c5) Importer(2089858483,0ecaa5967403d082aa24f35e1b516d23) [PhysX] Initialized MultithreadedTaskDispatcher with 12 workers.
 -> (artifact id: 'bdd1a1de79cf4767a8e886f98a6189d7') in 0.007259 seconds
Number of updated asset objects reloaded before import = 0
Number of asset objects unloaded after import = 9
========================================================================
Received Import Request.
  Time since last request: 0.000042 seconds.
  path: Assets/Art/KayKit_Restaurant_Bits_1.0_FREE/Assets/gltf/extractorhood.bin
  artifactKey: Guid(991450c43631c426aa91f11edd6c30fc) Importer(2089858483,0ecaa5967403d082aa24f35e1b516d23)
Start importing Assets/Art/KayKit_Restaurant_Bits_1.0_FREE/Assets/gltf/extractorhood.bin using Guid(991450c43631c426aa91f11edd6c30fc) Importer(2089858483,0ecaa5967403d082aa24f35e1b516d23) [PhysX] Initialized MultithreadedTaskDispatcher with 12 workers.
 -> (artifact id: '4349556aac46a17814ae1a8b49581c6a') in 0.001078 seconds
Number of updated asset objects reloaded before import = 0
Number of asset objects unloaded after import = 1
========================================================================
Received Import Request.
  Time since last request: 0.000060 seconds.
  path: Assets/Art/KayKit_Restaurant_Bits_1.0_FREE/Assets/fbx (unity)/ketchup.fbx
  artifactKey: Guid(2dc2ee0d687cd4b2b850794232ff6ff2) Importer(2089858483,0ecaa5967403d082aa24f35e1b516d23)
Start importing Assets/Art/KayKit_Restaurant_Bits_1.0_FREE/Assets/fbx (unity)/ketchup.fbx using Guid(2dc2ee0d687cd4b2b850794232ff6ff2) Importer(2089858483,0ecaa5967403d082aa24f35e1b516d23) [PhysX] Initialized MultithreadedTaskDispatcher with 12 workers.
 -> (artifact id: '14085197cf5be2b0b76a85fc465a2d47') in 0.006623 seconds
Number of updated asset objects reloaded before import = 0
Number of asset objects unloaded after import = 9
========================================================================
Received Import Request.
  Time since last request: 0.000032 seconds.
  path: Assets/Art/KayKit_Restaurant_Bits_1.0_FREE/Assets/fbx (unity)/lid_large.fbx
  artifactKey: Guid(64a22ca925cd7413ca0a6d8e66b17ab3) Importer(2089858483,0ecaa5967403d082aa24f35e1b516d23)
Start importing Assets/Art/KayKit_Restaurant_Bits_1.0_FREE/Assets/fbx (unity)/lid_large.fbx using Guid(64a22ca925cd7413ca0a6d8e66b17ab3) Importer(2089858483,0ecaa5967403d082aa24f35e1b516d23) [PhysX] Initialized MultithreadedTaskDispatcher with 12 workers.
 -> (artifact id: 'c974fc7541a72190a93df5fedfa17c97') in 0.006663 seconds
Number of updated asset objects reloaded before import = 0
Number of asset objects unloaded after import = 9
========================================================================
Received Import Request.
  Time since last request: 0.000069 seconds.
  path: Assets/Art/KayKit_Restaurant_Bits_1.0_FREE/Assets/fbx (unity)/wall_doorway.fbx
  artifactKey: Guid(ee715d992cddc4527bf239125831e14d) Importer(2089858483,0ecaa5967403d082aa24f35e1b516d23)
Start importing Assets/Art/KayKit_Restaurant_Bits_1.0_FREE/Assets/fbx (unity)/wall_doorway.fbx using Guid(ee715d992cddc4527bf239125831e14d) Importer(2089858483,0ecaa5967403d082aa24f35e1b516d23) [PhysX] Initialized MultithreadedTaskDispatcher with 12 workers.
 -> (artifact id: '12bd5039e0c60454774d428476de73e5') in 0.006192 seconds
Number of updated asset objects reloaded before import = 0
Number of asset objects unloaded after import = 9
========================================================================
Received Import Request.
  Time since last request: 0.000036 seconds.
  path: Assets/Art/KayKit_Restaurant_Bits_1.0_FREE/Assets/fbx (unity)/shelf_papertowel_decorated.fbx
  artifactKey: Guid(57ffd43285c824f30b0fdc3dec1bf7a4) Importer(2089858483,0ecaa5967403d082aa24f35e1b516d23)
Start importing Assets/Art/KayKit_Restaurant_Bits_1.0_FREE/Assets/fbx (unity)/shelf_papertowel_decorated.fbx using Guid(57ffd43285c824f30b0fdc3dec1bf7a4) Importer(2089858483,0ecaa5967403d082aa24f35e1b516d23) [PhysX] Initialized MultithreadedTaskDispatcher with 12 workers.
 -> (artifact id: '5f11756511eefe472f18d359f06fa235') in 0.007011 seconds
Number of updated asset objects reloaded before import = 0
Number of asset objects unloaded after import = 9
========================================================================
Received Import Request.
  Time since last request: 0.000034 seconds.
  path: Assets/Art/KayKit_Restaurant_Bits_1.0_FREE/Assets/fbx (unity)/jar_A_medium.fbx
  artifactKey: Guid(f0e3407c99a7a435d986768522dcaea6) Importer(2089858483,0ecaa5967403d082aa24f35e1b516d23)
Start importing Assets/Art/KayKit_Restaurant_Bits_1.0_FREE/Assets/fbx (unity)/jar_A_medium.fbx using Guid(f0e3407c99a7a435d986768522dcaea6) Importer(2089858483,0ecaa5967403d082aa24f35e1b516d23) [PhysX] Initialized MultithreadedTaskDispatcher with 12 workers.
 -> (artifact id: 'fc9fb534eefbaab3ad71433997461de2') in 0.006187 seconds
Number of updated asset objects reloaded before import = 0
Number of asset objects unloaded after import = 9
========================================================================
Received Import Request.
  Time since last request: 0.000032 seconds.
  path: Assets/Art/KayKit_Restaurant_Bits_1.0_FREE/Assets/fbx (unity)/lid_B.fbx
  artifactKey: Guid(cbe0a76bc147a44b3a483ec4a281d9e1) Importer(2089858483,0ecaa5967403d082aa24f35e1b516d23)
Start importing Assets/Art/KayKit_Restaurant_Bits_1.0_FREE/Assets/fbx (unity)/lid_B.fbx using Guid(cbe0a76bc147a44b3a483ec4a281d9e1) Importer(2089858483,0ecaa5967403d082aa24f35e1b516d23) [PhysX] Initialized MultithreadedTaskDispatcher with 12 workers.
 -> (artifact id: '175efe843dcaa66eb5408aa7c29d041c') in 0.006216 seconds
Number of updated asset objects reloaded before import = 0
Number of asset objects unloaded after import = 9
========================================================================
Received Import Request.
  Time since last request: 0.000072 seconds.
  path: Assets/Art/KayKit_Restaurant_Bits_1.0_FREE/Assets/fbx (unity)/kitchencabinet.fbx
  artifactKey: Guid(acd1cf86cc80940f09ba2dbd159d29e7) Importer(2089858483,0ecaa5967403d082aa24f35e1b516d23)
Start importing Assets/Art/KayKit_Restaurant_Bits_1.0_FREE/Assets/fbx (unity)/kitchencabinet.fbx using Guid(acd1cf86cc80940f09ba2dbd159d29e7) Importer(2089858483,0ecaa5967403d082aa24f35e1b516d23) [PhysX] Initialized MultithreadedTaskDispatcher with 12 workers.
 -> (artifact id: '4bb4c38bc245a6edbdb396feeade4b45') in 0.006514 seconds
Number of updated asset objects reloaded before import = 0
Number of asset objects unloaded after import = 9
========================================================================
Received Import Request.
  Time since last request: 0.000034 seconds.
  path: Assets/Art/KayKit_Restaurant_Bits_1.0_FREE/Assets/fbx (unity)/kitchencounter_straight_B_backsplash.fbx
  artifactKey: Guid(9fc582bf43c0a466caf2933950853417) Importer(2089858483,0ecaa5967403d082aa24f35e1b516d23)
Start importing Assets/Art/KayKit_Restaurant_Bits_1.0_FREE/Assets/fbx (unity)/kitchencounter_straight_B_backsplash.fbx using Guid(9fc582bf43c0a466caf2933950853417) Importer(2089858483,0ecaa5967403d082aa24f35e1b516d23) [PhysX] Initialized MultithreadedTaskDispatcher with 12 workers.
 -> (artifact id: '43fd28b915e5802ca49525ea66c6f790') in 0.006934 seconds
Number of updated asset objects reloaded before import = 0
Number of asset objects unloaded after import = 9
========================================================================
Received Import Request.
  Time since last request: 0.000030 seconds.
  path: Assets/Art/KayKit_Restaurant_Bits_1.0_FREE/Assets/fbx (unity)/plate.fbx
  artifactKey: Guid(962db4f6870504340821cd88f2ed1d6b) Importer(2089858483,0ecaa5967403d082aa24f35e1b516d23)
Start importing Assets/Art/KayKit_Restaurant_Bits_1.0_FREE/Assets/fbx (unity)/plate.fbx using Guid(962db4f6870504340821cd88f2ed1d6b) Importer(2089858483,0ecaa5967403d082aa24f35e1b516d23) [PhysX] Initialized MultithreadedTaskDispatcher with 12 workers.
 -> (artifact id: '847b2c31cf5fb72be2f204235076d084') in 0.006468 seconds
Number of updated asset objects reloaded before import = 0
Number of asset objects unloaded after import = 9
========================================================================
Received Import Request.
  Time since last request: 0.000029 seconds.
  path: Assets/Art/KayKit_Restaurant_Bits_1.0_FREE/Assets/gltf/cuttingboard.bin
  artifactKey: Guid(b1785a920420043649ddb9852204cab0) Importer(2089858483,0ecaa5967403d082aa24f35e1b516d23)
Start importing Assets/Art/KayKit_Restaurant_Bits_1.0_FREE/Assets/gltf/cuttingboard.bin using Guid(b1785a920420043649ddb9852204cab0) Importer(2089858483,0ecaa5967403d082aa24f35e1b516d23) [PhysX] Initialized MultithreadedTaskDispatcher with 12 workers.
 -> (artifact id: '821a466f4f146f43252ebd572bea5bb6') in 0.000840 seconds
Number of updated asset objects reloaded before import = 0
Number of asset objects unloaded after import = 1
========================================================================
Received Import Request.
  Time since last request: 0.000069 seconds.
  path: Assets/Art/KayKit_Restaurant_Bits_1.0_FREE/Assets/fbx (unity)/papertowel.fbx
  artifactKey: Guid(ce10c15e7e2bb439ab8882242a0e1abf) Importer(2089858483,0ecaa5967403d082aa24f35e1b516d23)
Start importing Assets/Art/KayKit_Restaurant_Bits_1.0_FREE/Assets/fbx (unity)/papertowel.fbx using Guid(ce10c15e7e2bb439ab8882242a0e1abf) Importer(2089858483,0ecaa5967403d082aa24f35e1b516d23) [PhysX] Initialized MultithreadedTaskDispatcher with 12 workers.
 -> (artifact id: '2f956638c1be70028e8f2736499f677d') in 0.005948 seconds
Number of updated asset objects reloaded before import = 0
Number of asset objects unloaded after import = 9
========================================================================
Received Import Request.
  Time since last request: 0.000037 seconds.
  path: Assets/Art/KayKit_Restaurant_Bits_1.0_FREE/Assets/fbx (unity)/plate_small.fbx
  artifactKey: Guid(c9ad9446b86674fe5bd7255f6acc3c2e) Importer(2089858483,0ecaa5967403d082aa24f35e1b516d23)
Start importing Assets/Art/KayKit_Restaurant_Bits_1.0_FREE/Assets/fbx (unity)/plate_small.fbx using Guid(c9ad9446b86674fe5bd7255f6acc3c2e) Importer(2089858483,0ecaa5967403d082aa24f35e1b516d23) [PhysX] Initialized MultithreadedTaskDispatcher with 12 workers.
 -> (artifact id: '8aab6185ba66747ebb3237858a38b358') in 0.006585 seconds
Number of updated asset objects reloaded before import = 0
Number of asset objects unloaded after import = 9
========================================================================
Received Import Request.
  Time since last request: 0.000054 seconds.
  path: Assets/Art/KayKit_Restaurant_Bits_1.0_FREE/Assets/gltf/crate_ham.bin
  artifactKey: Guid(84b08c3672ff6446fbe67378d3f3aae3) Importer(2089858483,0ecaa5967403d082aa24f35e1b516d23)
Start importing Assets/Art/KayKit_Restaurant_Bits_1.0_FREE/Assets/gltf/crate_ham.bin using Guid(84b08c3672ff6446fbe67378d3f3aae3) Importer(2089858483,0ecaa5967403d082aa24f35e1b516d23) [PhysX] Initialized MultithreadedTaskDispatcher with 12 workers.
 -> (artifact id: '21dc42f3c14722dface259578aadc211') in 0.001006 seconds
Number of updated asset objects reloaded before import = 0
Number of asset objects unloaded after import = 1
========================================================================
Received Import Request.
  Time since last request: 0.000077 seconds.
  path: Assets/Art/KayKit_Restaurant_Bits_1.0_FREE/Assets/fbx (unity)/wall_orderwindow.fbx
  artifactKey: Guid(e998eafef590644d0813914e300eb9ac) Importer(2089858483,0ecaa5967403d082aa24f35e1b516d23)
Start importing Assets/Art/KayKit_Restaurant_Bits_1.0_FREE/Assets/fbx (unity)/wall_orderwindow.fbx using Guid(e998eafef590644d0813914e300eb9ac) Importer(2089858483,0ecaa5967403d082aa24f35e1b516d23) [PhysX] Initialized MultithreadedTaskDispatcher with 12 workers.
 -> (artifact id: '923dacb6872150bcc5d2fc38d497b713') in 0.006096 seconds
Number of updated asset objects reloaded before import = 0
Number of asset objects unloaded after import = 9
========================================================================
Received Import Request.
  Time since last request: 0.000044 seconds.
  path: Assets/Art/KayKit_Restaurant_Bits_1.0_FREE/Assets/fbx (unity)/kitchentable_sink.fbx
  artifactKey: Guid(2d5961e37204c4df5bd0c3a27a6f9009) Importer(2089858483,0ecaa5967403d082aa24f35e1b516d23)
Start importing Assets/Art/KayKit_Restaurant_Bits_1.0_FREE/Assets/fbx (unity)/kitchentable_sink.fbx using Guid(2d5961e37204c4df5bd0c3a27a6f9009) Importer(2089858483,0ecaa5967403d082aa24f35e1b516d23) [PhysX] Initialized MultithreadedTaskDispatcher with 12 workers.
 -> (artifact id: '3c78d1b9f040a08f83ad377d8f843a1f') in 0.006454 seconds
Number of updated asset objects reloaded before import = 0
Number of asset objects unloaded after import = 9
========================================================================
Received Import Request.
  Time since last request: 0.000074 seconds.
  path: Assets/Art/KayKit_Restaurant_Bits_1.0_FREE/Assets/fbx (unity)/table_round_A_small.fbx
  artifactKey: Guid(9d488860a2dad4fa196477c9b41ba38c) Importer(2089858483,0ecaa5967403d082aa24f35e1b516d23)
Start importing Assets/Art/KayKit_Restaurant_Bits_1.0_FREE/Assets/fbx (unity)/table_round_A_small.fbx using Guid(9d488860a2dad4fa196477c9b41ba38c) Importer(2089858483,0ecaa5967403d082aa24f35e1b516d23) [PhysX] Initialized MultithreadedTaskDispatcher with 12 workers.
 -> (artifact id: '1571ceb377fe47386d8c5647c0f04bf3') in 0.006721 seconds
Number of updated asset objects reloaded before import = 0
Number of asset objects unloaded after import = 9
========================================================================
Received Import Request.
  Time since last request: 0.000035 seconds.
  path: Assets/Art/KayKit_Restaurant_Bits_1.0_FREE/Assets/fbx (unity)/stove_single_countertop.fbx
  artifactKey: Guid(278d74d7b0ded4fbb96663ebeb5da7d2) Importer(2089858483,0ecaa5967403d082aa24f35e1b516d23)
Start importing Assets/Art/KayKit_Restaurant_Bits_1.0_FREE/Assets/fbx (unity)/stove_single_countertop.fbx using Guid(278d74d7b0ded4fbb96663ebeb5da7d2) Importer(2089858483,0ecaa5967403d082aa24f35e1b516d23) [PhysX] Initialized MultithreadedTaskDispatcher with 12 workers.
 -> (artifact id: '7b80b69d87bbe0de08967579ecf3ebf3') in 0.006605 seconds
Number of updated asset objects reloaded before import = 0
Number of asset objects unloaded after import = 9
========================================================================
Received Import Request.
  Time since last request: 0.000055 seconds.
  path: Assets/Art/KayKit_Restaurant_Bits_1.0_FREE/Assets/gltf/crate_tomatoes.gltf
  artifactKey: Guid(ea95bf2e2ffc44264bb5110ee5217d53) Importer(2089858483,0ecaa5967403d082aa24f35e1b516d23)
Start importing Assets/Art/KayKit_Restaurant_Bits_1.0_FREE/Assets/gltf/crate_tomatoes.gltf using Guid(ea95bf2e2ffc44264bb5110ee5217d53) Importer(2089858483,0ecaa5967403d082aa24f35e1b516d23) [PhysX] Initialized MultithreadedTaskDispatcher with 12 workers.
 -> (artifact id: '54b5c1e090a968b5185e211862bcc80f') in 0.000891 seconds
Number of updated asset objects reloaded before import = 0
Number of asset objects unloaded after import = 1
========================================================================
Received Import Request.
  Time since last request: 0.000075 seconds.
  path: Assets/Art/KayKit_Restaurant_Bits_1.0_FREE/Assets/gltf/door_B.gltf
  artifactKey: Guid(93fc89245c29945e8ba800cd7f889c0c) Importer(2089858483,0ecaa5967403d082aa24f35e1b516d23)
Start importing Assets/Art/KayKit_Restaurant_Bits_1.0_FREE/Assets/gltf/door_B.gltf using Guid(93fc89245c29945e8ba800cd7f889c0c) Importer(2089858483,0ecaa5967403d082aa24f35e1b516d23) [PhysX] Initialized MultithreadedTaskDispatcher with 12 workers.
 -> (artifact id: 'f4027fb14a2420bc78df6c97770a4320') in 0.000714 seconds
Number of updated asset objects reloaded before import = 0
Number of asset objects unloaded after import = 1
========================================================================
Received Import Request.
  Time since last request: 4.717746 seconds.
  path: Assets/Art/KayKit_Restaurant_Bits_1.0_FREE/Assets/gltf/food_dinner.gltf
  artifactKey: Guid(9677c020dbf474bb1b09ff4ce011b0c6) Importer(2089858483,0ecaa5967403d082aa24f35e1b516d23)
Start importing Assets/Art/KayKit_Restaurant_Bits_1.0_FREE/Assets/gltf/food_dinner.gltf using Guid(9677c020dbf474bb1b09ff4ce011b0c6) Importer(2089858483,0ecaa5967403d082aa24f35e1b516d23) [PhysX] Initialized MultithreadedTaskDispatcher with 12 workers.
 -> (artifact id: 'ebbbd71f5880d35929583492643b95fe') in 0.001291 seconds
Number of updated asset objects reloaded before import = 0
Number of asset objects unloaded after import = 1
========================================================================
Received Import Request.
  Time since last request: 0.000082 seconds.
  path: Assets/Art/KayKit_Restaurant_Bits_1.0_FREE/Assets/gltf/food_ingredient_burger_cooked.gltf
  artifactKey: Guid(a6b416d15cf7944beadea7eca87dfbde) Importer(2089858483,0ecaa5967403d082aa24f35e1b516d23)
Start importing Assets/Art/KayKit_Restaurant_Bits_1.0_FREE/Assets/gltf/food_ingredient_burger_cooked.gltf using Guid(a6b416d15cf7944beadea7eca87dfbde) Importer(2089858483,0ecaa5967403d082aa24f35e1b516d23) [PhysX] Initialized MultithreadedTaskDispatcher with 12 workers.
 -> (artifact id: 'c587f6be832fe574635032431ba6e517') in 0.001085 seconds
Number of updated asset objects reloaded before import = 0
Number of asset objects unloaded after import = 1
========================================================================
Received Import Request.
  Time since last request: 0.000081 seconds.
  path: Assets/Art/KayKit_Restaurant_Bits_1.0_FREE/Assets/gltf/kitchencabinet_corner.bin
  artifactKey: Guid(533793ab88c794c558fd06cfda47dee9) Importer(2089858483,0ecaa5967403d082aa24f35e1b516d23)
Start importing Assets/Art/KayKit_Restaurant_Bits_1.0_FREE/Assets/gltf/kitchencabinet_corner.bin using Guid(533793ab88c794c558fd06cfda47dee9) Importer(2089858483,0ecaa5967403d082aa24f35e1b516d23) [PhysX] Initialized MultithreadedTaskDispatcher with 12 workers.
 -> (artifact id: '2ac7af4eed2575524ad0aad852387060') in 0.002541 seconds
Number of updated asset objects reloaded before import = 0
Number of asset objects unloaded after import = 1
========================================================================
Received Import Request.
  Time since last request: 0.000083 seconds.
  path: Assets/Art/KayKit_Restaurant_Bits_1.0_FREE/Assets/gltf/jar_A_small.gltf
  artifactKey: Guid(33ab2b44f5fa249058bbbd4915f96cb1) Importer(2089858483,0ecaa5967403d082aa24f35e1b516d23)
Start importing Assets/Art/KayKit_Restaurant_Bits_1.0_FREE/Assets/gltf/jar_A_small.gltf using Guid(33ab2b44f5fa249058bbbd4915f96cb1) Importer(2089858483,0ecaa5967403d082aa24f35e1b516d23) [PhysX] Initialized MultithreadedTaskDispatcher with 12 workers.
 -> (artifact id: '504f201846d202e476678d9e4f065bee') in 0.001110 seconds
Number of updated asset objects reloaded before import = 0
Number of asset objects unloaded after import = 1
========================================================================
Received Import Request.
  Time since last request: 0.000070 seconds.
  path: Assets/Art/KayKit_Restaurant_Bits_1.0_FREE/Assets/gltf/food_ingredient_steak_pieces.bin
  artifactKey: Guid(e642c762ebb7449d8aeaa70288987693) Importer(2089858483,0ecaa5967403d082aa24f35e1b516d23)
Start importing Assets/Art/KayKit_Restaurant_Bits_1.0_FREE/Assets/gltf/food_ingredient_steak_pieces.bin using Guid(e642c762ebb7449d8aeaa70288987693) Importer(2089858483,0ecaa5967403d082aa24f35e1b516d23) [PhysX] Initialized MultithreadedTaskDispatcher with 12 workers.
 -> (artifact id: 'cb3e363cfc73234caa502f15e6afd635') in 0.001267 seconds
Number of updated asset objects reloaded before import = 0
Number of asset objects unloaded after import = 1
========================================================================
Received Import Request.
  Time since last request: 0.000065 seconds.
  path: Assets/Art/KayKit_Restaurant_Bits_1.0_FREE/Assets/gltf/kitchencounter_straight_A_decorated.gltf
  artifactKey: Guid(8bcde6bfed7af43738f80d09688f022b) Importer(2089858483,0ecaa5967403d082aa24f35e1b516d23)
Start importing Assets/Art/KayKit_Restaurant_Bits_1.0_FREE/Assets/gltf/kitchencounter_straight_A_decorated.gltf using Guid(8bcde6bfed7af43738f80d09688f022b) Importer(2089858483,0ecaa5967403d082aa24f35e1b516d23) [PhysX] Initialized MultithreadedTaskDispatcher with 12 workers.
 -> (artifact id: 'b5d1399cda1a2bee8454102e5ab411a5') in 0.001007 seconds
Number of updated asset objects reloaded before import = 0
Number of asset objects unloaded after import = 1
========================================================================
Received Import Request.
  Time since last request: 0.000066 seconds.
  path: Assets/Art/KayKit_Restaurant_Bits_1.0_FREE/Assets/gltf/kitchentable_sink.bin
  artifactKey: Guid(d88582241cc374ebca4455a518c354a9) Importer(2089858483,0ecaa5967403d082aa24f35e1b516d23)
Start importing Assets/Art/KayKit_Restaurant_Bits_1.0_FREE/Assets/gltf/kitchentable_sink.bin using Guid(d88582241cc374ebca4455a518c354a9) Importer(2089858483,0ecaa5967403d082aa24f35e1b516d23) [PhysX] Initialized MultithreadedTaskDispatcher with 12 workers.
 -> (artifact id: '13b32a0204c984cf9f4654afc22d240f') in 0.000979 seconds
Number of updated asset objects reloaded before import = 0
Number of asset objects unloaded after import = 1
========================================================================
Received Import Request.
  Time since last request: 0.000092 seconds.
  path: Assets/Art/KayKit_Restaurant_Bits_1.0_FREE/Assets/gltf/kitchentable_B.bin
  artifactKey: Guid(5e7ed4a8d5266473c84cd596f843f237) Importer(2089858483,0ecaa5967403d082aa24f35e1b516d23)
Start importing Assets/Art/KayKit_Restaurant_Bits_1.0_FREE/Assets/gltf/kitchentable_B.bin using Guid(5e7ed4a8d5266473c84cd596f843f237) Importer(2089858483,0ecaa5967403d082aa24f35e1b516d23) [PhysX] Initialized MultithreadedTaskDispatcher with 12 workers.
 -> (artifact id: '0477ccdabd86eb4c350713668d57b727') in 0.001455 seconds
Number of updated asset objects reloaded before import = 0
Number of asset objects unloaded after import = 1
========================================================================
Received Import Request.
  Time since last request: 0.000062 seconds.
  path: Assets/Art/KayKit_Restaurant_Bits_1.0_FREE/Assets/gltf/food_ingredient_ham_trash.bin
  artifactKey: Guid(99fd0dcfd400745268e796208761b35c) Importer(2089858483,0ecaa5967403d082aa24f35e1b516d23)
Start importing Assets/Art/KayKit_Restaurant_Bits_1.0_FREE/Assets/gltf/food_ingredient_ham_trash.bin using Guid(99fd0dcfd400745268e796208761b35c) Importer(2089858483,0ecaa5967403d082aa24f35e1b516d23) [PhysX] Initialized MultithreadedTaskDispatcher with 12 workers.
 -> (artifact id: '9f3535d8ab16b7d40483a7b08aee3faf') in 0.001261 seconds
Number of updated asset objects reloaded before import = 0
Number of asset objects unloaded after import = 1
========================================================================
Received Import Request.
  Time since last request: 0.000057 seconds.
  path: Assets/Art/KayKit_Restaurant_Bits_1.0_FREE/Assets/gltf/food_ingredient_vegetableburger_cooked.gltf
  artifactKey: Guid(eb95cc5a2941f4c09996ef853148539c) Importer(2089858483,0ecaa5967403d082aa24f35e1b516d23)
Start importing Assets/Art/KayKit_Restaurant_Bits_1.0_FREE/Assets/gltf/food_ingredient_vegetableburger_cooked.gltf using Guid(eb95cc5a2941f4c09996ef853148539c) Importer(2089858483,0ecaa5967403d082aa24f35e1b516d23) [PhysX] Initialized MultithreadedTaskDispatcher with 12 workers.
 -> (artifact id: 'cb403f3d006e87c6fc81993f69486bd8') in 0.001314 seconds
Number of updated asset objects reloaded before import = 0
Number of asset objects unloaded after import = 1
========================================================================
Received Import Request.
  Time since last request: 0.000057 seconds.
  path: Assets/Art/KayKit_Restaurant_Bits_1.0_FREE/Assets/gltf/food_ingredient_onion_chopped.bin
  artifactKey: Guid(e5e452ea4eb9d44adaf502cf53ab597f) Importer(2089858483,0ecaa5967403d082aa24f35e1b516d23)
Start importing Assets/Art/KayKit_Restaurant_Bits_1.0_FREE/Assets/gltf/food_ingredient_onion_chopped.bin using Guid(e5e452ea4eb9d44adaf502cf53ab597f) Importer(2089858483,0ecaa5967403d082aa24f35e1b516d23) [PhysX] Initialized MultithreadedTaskDispatcher with 12 workers.
 -> (artifact id: 'bcf3e02e9ac3ca1e417c2b57da246a85') in 0.001130 seconds
Number of updated asset objects reloaded before import = 0
Number of asset objects unloaded after import = 1
========================================================================
Received Import Request.
  Time since last request: 0.000067 seconds.
  path: Assets/Art/KayKit_Restaurant_Bits_1.0_FREE/Assets/gltf/food_ingredient_carrot.bin
  artifactKey: Guid(14c228588d1d54c99a6fe2704721d791) Importer(2089858483,0ecaa5967403d082aa24f35e1b516d23)
Start importing Assets/Art/KayKit_Restaurant_Bits_1.0_FREE/Assets/gltf/food_ingredient_carrot.bin using Guid(14c228588d1d54c99a6fe2704721d791) Importer(2089858483,0ecaa5967403d082aa24f35e1b516d23) [PhysX] Initialized MultithreadedTaskDispatcher with 12 workers.
 -> (artifact id: 'bfc6d87fe679774842d2ab4985e5e10c') in 0.001646 seconds
Number of updated asset objects reloaded before import = 0
Number of asset objects unloaded after import = 1
========================================================================
Received Import Request.
  Time since last request: 0.000055 seconds.
  path: Assets/Art/KayKit_Restaurant_Bits_1.0_FREE/Assets/gltf/kitchencounter_innercorner.bin
  artifactKey: Guid(181fdcbf70a444e4bb30f095d2bd83cb) Importer(2089858483,0ecaa5967403d082aa24f35e1b516d23)
Start importing Assets/Art/KayKit_Restaurant_Bits_1.0_FREE/Assets/gltf/kitchencounter_innercorner.bin using Guid(181fdcbf70a444e4bb30f095d2bd83cb) Importer(2089858483,0ecaa5967403d082aa24f35e1b516d23) [PhysX] Initialized MultithreadedTaskDispatcher with 12 workers.
 -> (artifact id: '2a020ac244169b9783b836ad5a574552') in 0.001187 seconds
Number of updated asset objects reloaded before import = 0
Number of asset objects unloaded after import = 1
========================================================================
Received Import Request.
  Time since last request: 0.000070 seconds.
  path: Assets/Art/KayKit_Restaurant_Bits_1.0_FREE/Assets/gltf/fridge_A.gltf
  artifactKey: Guid(808775ea270a04bd785a54aa13d8f18c) Importer(2089858483,0ecaa5967403d082aa24f35e1b516d23)
Start importing Assets/Art/KayKit_Restaurant_Bits_1.0_FREE/Assets/gltf/fridge_A.gltf using Guid(808775ea270a04bd785a54aa13d8f18c) Importer(2089858483,0ecaa5967403d082aa24f35e1b516d23) [PhysX] Initialized MultithreadedTaskDispatcher with 12 workers.
 -> (artifact id: 'ebfc43f1f21b36255f2fab19c07852fa') in 0.000965 seconds
Number of updated asset objects reloaded before import = 0
Number of asset objects unloaded after import = 1
========================================================================
Received Import Request.
  Time since last request: 0.000062 seconds.
  path: Assets/Art/KayKit_Restaurant_Bits_1.0_FREE/Assets/gltf/kitchencounter_innercorner_backsplash.gltf
  artifactKey: Guid(9a65c19fa7e214897a9bccf9aad0262c) Importer(2089858483,0ecaa5967403d082aa24f35e1b516d23)
Start importing Assets/Art/KayKit_Restaurant_Bits_1.0_FREE/Assets/gltf/kitchencounter_innercorner_backsplash.gltf using Guid(9a65c19fa7e214897a9bccf9aad0262c) Importer(2089858483,0ecaa5967403d082aa24f35e1b516d23) [PhysX] Initialized MultithreadedTaskDispatcher with 12 workers.
 -> (artifact id: '998c4fb1929d5c3a9f7b14ddb66c6cbb') in 0.000982 seconds
Number of updated asset objects reloaded before import = 0
Number of asset objects unloaded after import = 1
========================================================================
Received Import Request.
  Time since last request: 0.000053 seconds.
  path: Assets/Art/KayKit_Restaurant_Bits_1.0_FREE/Assets/gltf/kitchencounter_straight_B_backsplash.gltf
  artifactKey: Guid(13698e02e382e49999cc8a2f513ef0f8) Importer(2089858483,0ecaa5967403d082aa24f35e1b516d23)
Start importing Assets/Art/KayKit_Restaurant_Bits_1.0_FREE/Assets/gltf/kitchencounter_straight_B_backsplash.gltf using Guid(13698e02e382e49999cc8a2f513ef0f8) Importer(2089858483,0ecaa5967403d082aa24f35e1b516d23) [PhysX] Initialized MultithreadedTaskDispatcher with 12 workers.
 -> (artifact id: '4c56940cc66ed75df3572b8091a399c0') in 0.000965 seconds
Number of updated asset objects reloaded before import = 0
Number of asset objects unloaded after import = 1
========================================================================
Received Import Request.
  Time since last request: 0.000081 seconds.
  path: Assets/Art/KayKit_Restaurant_Bits_1.0_FREE/Assets/gltf/kitchencounter_outercorner_backsplash.gltf
  artifactKey: Guid(3d905604846234276bd8c314dc9c9a08) Importer(2089858483,0ecaa5967403d082aa24f35e1b516d23)
Start importing Assets/Art/KayKit_Restaurant_Bits_1.0_FREE/Assets/gltf/kitchencounter_outercorner_backsplash.gltf using Guid(3d905604846234276bd8c314dc9c9a08) Importer(2089858483,0ecaa5967403d082aa24f35e1b516d23) [PhysX] Initialized MultithreadedTaskDispatcher with 12 workers.
 -> (artifact id: '5fbc448c45338da30f1279650aab1991') in 0.001636 seconds
Number of updated asset objects reloaded before import = 0
Number of asset objects unloaded after import = 1
========================================================================
Received Import Request.
  Time since last request: 0.000061 seconds.
  path: Assets/Art/KayKit_Restaurant_Bits_1.0_FREE/Assets/gltf/jar_D_large.gltf
  artifactKey: Guid(9e9d345b55e6e4621b31f7fc91f2a01e) Importer(2089858483,0ecaa5967403d082aa24f35e1b516d23)
Start importing Assets/Art/KayKit_Restaurant_Bits_1.0_FREE/Assets/gltf/jar_D_large.gltf using Guid(9e9d345b55e6e4621b31f7fc91f2a01e) Importer(2089858483,0ecaa5967403d082aa24f35e1b516d23) [PhysX] Initialized MultithreadedTaskDispatcher with 12 workers.
 -> (artifact id: 'f8fdac64af01c0dda6bd2b3238b23c37') in 0.000926 seconds
Number of updated asset objects reloaded before import = 0
Number of asset objects unloaded after import = 1
========================================================================
Received Import Request.
  Time since last request: 0.000044 seconds.
  path: Assets/Art/KayKit_Restaurant_Bits_1.0_FREE/Assets/gltf/food_ingredient_tomato_slice.bin
  artifactKey: Guid(c09d83fdbb52d4b2bb70f39be201cadb) Importer(2089858483,0ecaa5967403d082aa24f35e1b516d23)
Start importing Assets/Art/KayKit_Restaurant_Bits_1.0_FREE/Assets/gltf/food_ingredient_tomato_slice.bin using Guid(c09d83fdbb52d4b2bb70f39be201cadb) Importer(2089858483,0ecaa5967403d082aa24f35e1b516d23) [PhysX] Initialized MultithreadedTaskDispatcher with 12 workers.
 -> (artifact id: '75493383e2f45934b6d4d545c0cbc01b') in 0.000980 seconds
Number of updated asset objects reloaded before import = 0
Number of asset objects unloaded after import = 1
========================================================================
Received Import Request.
  Time since last request: 0.000071 seconds.
  path: Assets/Art/KayKit_Restaurant_Bits_1.0_FREE/Assets/gltf/food_ingredient_cheese_slice.bin
  artifactKey: Guid(9664fa7720bd24f4f8b5e93ce883d724) Importer(2089858483,0ecaa5967403d082aa24f35e1b516d23)
Start importing Assets/Art/KayKit_Restaurant_Bits_1.0_FREE/Assets/gltf/food_ingredient_cheese_slice.bin using Guid(9664fa7720bd24f4f8b5e93ce883d724) Importer(2089858483,0ecaa5967403d082aa24f35e1b516d23) [PhysX] Initialized MultithreadedTaskDispatcher with 12 workers.
 -> (artifact id: '7244d4aaa91d8b5880d01cfc27e95624') in 0.001041 seconds
Number of updated asset objects reloaded before import = 0
Number of asset objects unloaded after import = 1
========================================================================
Received Import Request.
  Time since last request: 0.000072 seconds.
  path: Assets/Art/KayKit_Restaurant_Bits_1.0_FREE/Assets/gltf/jar_C_small.bin
  artifactKey: Guid(40396c8d50f49470d883a1df3444d93d) Importer(2089858483,0ecaa5967403d082aa24f35e1b516d23)
Start importing Assets/Art/KayKit_Restaurant_Bits_1.0_FREE/Assets/gltf/jar_C_small.bin using Guid(40396c8d50f49470d883a1df3444d93d) Importer(2089858483,0ecaa5967403d082aa24f35e1b516d23) [PhysX] Initialized MultithreadedTaskDispatcher with 12 workers.
 -> (artifact id: '10492635e5669d6dab71bf58c0b475bc') in 0.000979 seconds
Number of updated asset objects reloaded before import = 0
Number of asset objects unloaded after import = 1
========================================================================
Received Import Request.
  Time since last request: 0.000099 seconds.
  path: Assets/Art/KayKit_Restaurant_Bits_1.0_FREE/Assets/gltf/food_stew.bin
  artifactKey: Guid(86b25eef61bc0499a9115372ad41c579) Importer(2089858483,0ecaa5967403d082aa24f35e1b516d23)
Start importing Assets/Art/KayKit_Restaurant_Bits_1.0_FREE/Assets/gltf/food_stew.bin using Guid(86b25eef61bc0499a9115372ad41c579) Importer(2089858483,0ecaa5967403d082aa24f35e1b516d23) [PhysX] Initialized MultithreadedTaskDispatcher with 12 workers.
 -> (artifact id: '213f590a4cb2a6bd7ab5fa1ea826ef94') in 0.001422 seconds
Number of updated asset objects reloaded before import = 0
Number of asset objects unloaded after import = 1
========================================================================
Received Import Request.
  Time since last request: 0.000073 seconds.
  path: Assets/Art/KayKit_Restaurant_Bits_1.0_FREE/Assets/gltf/kitchentable_sink_large_decorated.bin
  artifactKey: Guid(8e9685545eb0346228b71f5a41f1c669) Importer(2089858483,0ecaa5967403d082aa24f35e1b516d23)
Start importing Assets/Art/KayKit_Restaurant_Bits_1.0_FREE/Assets/gltf/kitchentable_sink_large_decorated.bin using Guid(8e9685545eb0346228b71f5a41f1c669) Importer(2089858483,0ecaa5967403d082aa24f35e1b516d23) [PhysX] Initialized MultithreadedTaskDispatcher with 12 workers.
 -> (artifact id: '545a470d0e573b106cc86669e52e59ea') in 0.001207 seconds
Number of updated asset objects reloaded before import = 0
Number of asset objects unloaded after import = 1
========================================================================
Received Import Request.
  Time since last request: 0.000053 seconds.
  path: Assets/Art/KayKit_Restaurant_Bits_1.0_FREE/Assets/gltf/kitchentable_sink_large_decorated.gltf
  artifactKey: Guid(304584460855543e8a7989904f5b8784) Importer(2089858483,0ecaa5967403d082aa24f35e1b516d23)
Start importing Assets/Art/KayKit_Restaurant_Bits_1.0_FREE/Assets/gltf/kitchentable_sink_large_decorated.gltf using Guid(304584460855543e8a7989904f5b8784) Importer(2089858483,0ecaa5967403d082aa24f35e1b516d23) [PhysX] Initialized MultithreadedTaskDispatcher with 12 workers.
 -> (artifact id: 'd9568bdabd301b3acc4390cd12df6492') in 0.001069 seconds
Number of updated asset objects reloaded before import = 0
Number of asset objects unloaded after import = 1
========================================================================
Received Import Request.
  Time since last request: 0.000054 seconds.
  path: Assets/Art/KayKit_Restaurant_Bits_1.0_FREE/Assets/gltf/kitchentable_A.gltf
  artifactKey: Guid(0084a7f0e5d8c46a7a6d97180d1c284c) Importer(2089858483,0ecaa5967403d082aa24f35e1b516d23)
Start importing Assets/Art/KayKit_Restaurant_Bits_1.0_FREE/Assets/gltf/kitchentable_A.gltf using Guid(0084a7f0e5d8c46a7a6d97180d1c284c) Importer(2089858483,0ecaa5967403d082aa24f35e1b516d23) [PhysX] Initialized MultithreadedTaskDispatcher with 12 workers.
 -> (artifact id: 'ba4cb8129f27727dba8becb0a7c2d8dd') in 0.000992 seconds
Number of updated asset objects reloaded before import = 0
Number of asset objects unloaded after import = 1
========================================================================
Received Import Request.
  Time since last request: 0.000059 seconds.
  path: Assets/Art/KayKit_Restaurant_Bits_1.0_FREE/Assets/gltf/food_ingredient_lettuce.gltf
  artifactKey: Guid(f72669cfe2ad543cd96a5f845edb2e80) Importer(2089858483,0ecaa5967403d082aa24f35e1b516d23)
Start importing Assets/Art/KayKit_Restaurant_Bits_1.0_FREE/Assets/gltf/food_ingredient_lettuce.gltf using Guid(f72669cfe2ad543cd96a5f845edb2e80) Importer(2089858483,0ecaa5967403d082aa24f35e1b516d23) [PhysX] Initialized MultithreadedTaskDispatcher with 12 workers.
 -> (artifact id: '5fbc1dd7b480e91b4d6057fa97d81c04') in 0.000945 seconds
Number of updated asset objects reloaded before import = 0
Number of asset objects unloaded after import = 1
========================================================================
Received Import Request.
  Time since last request: 0.000055 seconds.
  path: Assets/Art/KayKit_Restaurant_Bits_1.0_FREE/Assets/gltf/kitchencounter_sink.gltf
  artifactKey: Guid(f817678a3e33144e6816b9ae62f7bea5) Importer(2089858483,0ecaa5967403d082aa24f35e1b516d23)
Start importing Assets/Art/KayKit_Restaurant_Bits_1.0_FREE/Assets/gltf/kitchencounter_sink.gltf using Guid(f817678a3e33144e6816b9ae62f7bea5) Importer(2089858483,0ecaa5967403d082aa24f35e1b516d23) [PhysX] Initialized MultithreadedTaskDispatcher with 12 workers.
 -> (artifact id: '48e22e9196917dc093e9dda6cbc82aa6') in 0.001705 seconds
Number of updated asset objects reloaded before import = 0
Number of asset objects unloaded after import = 1
========================================================================
Received Import Request.
  Time since last request: 0.000064 seconds.
  path: Assets/Art/KayKit_Restaurant_Bits_1.0_FREE/Assets/gltf/food_ingredient_tomato.bin
  artifactKey: Guid(734a43f43f19c490a9a5032bcea4df10) Importer(2089858483,0ecaa5967403d082aa24f35e1b516d23)
Start importing Assets/Art/KayKit_Restaurant_Bits_1.0_FREE/Assets/gltf/food_ingredient_tomato.bin using Guid(734a43f43f19c490a9a5032bcea4df10) Importer(2089858483,0ecaa5967403d082aa24f35e1b516d23) [PhysX] Initialized MultithreadedTaskDispatcher with 12 workers.
 -> (artifact id: '47ccfc6f3f5b117583d8071cc95e9c60') in 0.001045 seconds
Number of updated asset objects reloaded before import = 0
Number of asset objects unloaded after import = 1
========================================================================
Received Import Request.
  Time since last request: 0.000047 seconds.
  path: Assets/Art/KayKit_Restaurant_Bits_1.0_FREE/Assets/gltf/kitchencabinet_corner_half.gltf
  artifactKey: Guid(0facbe3af7fbc49d8a6bc4827523d395) Importer(2089858483,0ecaa5967403d082aa24f35e1b516d23)
Start importing Assets/Art/KayKit_Restaurant_Bits_1.0_FREE/Assets/gltf/kitchencabinet_corner_half.gltf using Guid(0facbe3af7fbc49d8a6bc4827523d395) Importer(2089858483,0ecaa5967403d082aa24f35e1b516d23) [PhysX] Initialized MultithreadedTaskDispatcher with 12 workers.
 -> (artifact id: '8cef509b8156144efdd62bde5c46fadb') in 0.001037 seconds
Number of updated asset objects reloaded before import = 0
Number of asset objects unloaded after import = 1
========================================================================
Received Import Request.
  Time since last request: 0.000079 seconds.
  path: Assets/Art/KayKit_Restaurant_Bits_1.0_FREE/Assets/gltf/kitchentable_B.gltf
  artifactKey: Guid(e46b94fb9cf5a4dc38dc32148863cfa1) Importer(2089858483,0ecaa5967403d082aa24f35e1b516d23)
Start importing Assets/Art/KayKit_Restaurant_Bits_1.0_FREE/Assets/gltf/kitchentable_B.gltf using Guid(e46b94fb9cf5a4dc38dc32148863cfa1) Importer(2089858483,0ecaa5967403d082aa24f35e1b516d23) [PhysX] Initialized MultithreadedTaskDispatcher with 12 workers.
 -> (artifact id: '90daea742e648d7127855d6f5845fdd4') in 0.001040 seconds
Number of updated asset objects reloaded before import = 0
Number of asset objects unloaded after import = 1
========================================================================
Received Import Request.
  Time since last request: 0.000050 seconds.
  path: Assets/Art/KayKit_Restaurant_Bits_1.0_FREE/Assets/gltf/food_vegetableburger.gltf
  artifactKey: Guid(478facdb79e774aac8a6b26ab39b84d5) Importer(2089858483,0ecaa5967403d082aa24f35e1b516d23)
Start importing Assets/Art/KayKit_Restaurant_Bits_1.0_FREE/Assets/gltf/food_vegetableburger.gltf using Guid(478facdb79e774aac8a6b26ab39b84d5) Importer(2089858483,0ecaa5967403d082aa24f35e1b516d23) [PhysX] Initialized MultithreadedTaskDispatcher with 12 workers.
 -> (artifact id: 'b11e9d036ce3a88fd1d75865db29c1a7') in 0.001238 seconds
Number of updated asset objects reloaded before import = 0
Number of asset objects unloaded after import = 1
========================================================================
Received Import Request.
  Time since last request: 0.000072 seconds.
  path: Assets/Art/KayKit_Restaurant_Bits_1.0_FREE/Assets/gltf/food_ingredient_carrot_chopped.bin
  artifactKey: Guid(c81e4a65d4adc4288a5514db7d1d08b9) Importer(2089858483,0ecaa5967403d082aa24f35e1b516d23)
Start importing Assets/Art/KayKit_Restaurant_Bits_1.0_FREE/Assets/gltf/food_ingredient_carrot_chopped.bin using Guid(c81e4a65d4adc4288a5514db7d1d08b9) Importer(2089858483,0ecaa5967403d082aa24f35e1b516d23) [PhysX] Initialized MultithreadedTaskDispatcher with 12 workers.
 -> (artifact id: '04fdec6e65591768996912b10e30cfa4') in 0.001023 seconds
Number of updated asset objects reloaded before import = 0
Number of asset objects unloaded after import = 1
========================================================================
Received Import Request.
  Time since last request: 0.000058 seconds.
  path: Assets/Art/KayKit_Restaurant_Bits_1.0_FREE/Assets/gltf/food_ingredient_ham_cooked.gltf
  artifactKey: Guid(0d267be50dc54476c8696cf49d7a46bd) Importer(2089858483,0ecaa5967403d082aa24f35e1b516d23)
Start importing Assets/Art/KayKit_Restaurant_Bits_1.0_FREE/Assets/gltf/food_ingredient_ham_cooked.gltf using Guid(0d267be50dc54476c8696cf49d7a46bd) Importer(2089858483,0ecaa5967403d082aa24f35e1b516d23) [PhysX] Initialized MultithreadedTaskDispatcher with 12 workers.
 -> (artifact id: 'f8bc2b0e31784fb7a3f00df390feec12') in 0.001676 seconds
Number of updated asset objects reloaded before import = 0
Number of asset objects unloaded after import = 1
========================================================================
Received Import Request.
  Time since last request: 0.000062 seconds.
  path: Assets/Art/KayKit_Restaurant_Bits_1.0_FREE/Assets/gltf/kitchencounter_outercorner_backsplash.bin
  artifactKey: Guid(bf92c7b20adcb40db8c070c74179d7de) Importer(2089858483,0ecaa5967403d082aa24f35e1b516d23)
Start importing Assets/Art/KayKit_Restaurant_Bits_1.0_FREE/Assets/gltf/kitchencounter_outercorner_backsplash.bin using Guid(bf92c7b20adcb40db8c070c74179d7de) Importer(2089858483,0ecaa5967403d082aa24f35e1b516d23) [PhysX] Initialized MultithreadedTaskDispatcher with 12 workers.
 -> (artifact id: 'a2b5f4b6d77c59bb99680b5590e6c7f4') in 0.001266 seconds
Number of updated asset objects reloaded before import = 0
Number of asset objects unloaded after import = 1
========================================================================
Received Import Request.
  Time since last request: 0.000043 seconds.
  path: Assets/Art/KayKit_Restaurant_Bits_1.0_FREE/Assets/gltf/jar_C_large.gltf
  artifactKey: Guid(f5345091dc9d340afb770901fbaf9538) Importer(2089858483,0ecaa5967403d082aa24f35e1b516d23)
Start importing Assets/Art/KayKit_Restaurant_Bits_1.0_FREE/Assets/gltf/jar_C_large.gltf using Guid(f5345091dc9d340afb770901fbaf9538) Importer(2089858483,0ecaa5967403d082aa24f35e1b516d23) [PhysX] Initialized MultithreadedTaskDispatcher with 12 workers.
 -> (artifact id: 'cb62f528074ab4c7aa08a9ec9beea802') in 0.001074 seconds
Number of updated asset objects reloaded before import = 0
Number of asset objects unloaded after import = 1
========================================================================
Received Import Request.
  Time since last request: 0.000066 seconds.
  path: Assets/Art/KayKit_Restaurant_Bits_1.0_FREE/Assets/gltf/food_ingredient_cheese_chopped.gltf
  artifactKey: Guid(c99c294068fc7401c95d862290bebae8) Importer(2089858483,0ecaa5967403d082aa24f35e1b516d23)
Start importing Assets/Art/KayKit_Restaurant_Bits_1.0_FREE/Assets/gltf/food_ingredient_cheese_chopped.gltf using Guid(c99c294068fc7401c95d862290bebae8) Importer(2089858483,0ecaa5967403d082aa24f35e1b516d23) [PhysX] Initialized MultithreadedTaskDispatcher with 12 workers.
 -> (artifact id: 'bd66b84996b2205f904eeaedbeba5c28') in 0.001053 seconds
Number of updated asset objects reloaded before import = 0
Number of asset objects unloaded after import = 1
========================================================================
Received Import Request.
  Time since last request: 0.000055 seconds.
  path: Assets/Art/KayKit_Restaurant_Bits_1.0_FREE/Assets/gltf/food_ingredient_tomato.gltf
  artifactKey: Guid(c0bd86adc6c3a4679a4bafe0b8571d96) Importer(2089858483,0ecaa5967403d082aa24f35e1b516d23)
Start importing Assets/Art/KayKit_Restaurant_Bits_1.0_FREE/Assets/gltf/food_ingredient_tomato.gltf using Guid(c0bd86adc6c3a4679a4bafe0b8571d96) Importer(2089858483,0ecaa5967403d082aa24f35e1b516d23) [PhysX] Initialized MultithreadedTaskDispatcher with 12 workers.
 -> (artifact id: '013a20a4e4a06245aa3ced91979330fe') in 0.000997 seconds
Number of updated asset objects reloaded before import = 0
Number of asset objects unloaded after import = 1
========================================================================
Received Import Request.
  Time since last request: 0.000056 seconds.
  path: Assets/Art/KayKit_Restaurant_Bits_1.0_FREE/Assets/gltf/food_ingredient_cheese.bin
  artifactKey: Guid(96ce2768bdbbc477f8cd74891f079499) Importer(2089858483,0ecaa5967403d082aa24f35e1b516d23)
Start importing Assets/Art/KayKit_Restaurant_Bits_1.0_FREE/Assets/gltf/food_ingredient_cheese.bin using Guid(96ce2768bdbbc477f8cd74891f079499) Importer(2089858483,0ecaa5967403d082aa24f35e1b516d23) [PhysX] Initialized MultithreadedTaskDispatcher with 12 workers.
 -> (artifact id: '666f672ff833c0d485fe86d4c1601794') in 0.001826 seconds
Number of updated asset objects reloaded before import = 0
Number of asset objects unloaded after import = 1
========================================================================
Received Import Request.
  Time since last request: 0.000062 seconds.
  path: Assets/Art/KayKit_Restaurant_Bits_1.0_FREE/Assets/gltf/food_ingredient_onion_chopped.gltf
  artifactKey: Guid(678d6c7ea3fab46fa85a499948d07242) Importer(2089858483,0ecaa5967403d082aa24f35e1b516d23)
Start importing Assets/Art/KayKit_Restaurant_Bits_1.0_FREE/Assets/gltf/food_ingredient_onion_chopped.gltf using Guid(678d6c7ea3fab46fa85a499948d07242) Importer(2089858483,0ecaa5967403d082aa24f35e1b516d23) [PhysX] Initialized MultithreadedTaskDispatcher with 12 workers.
 -> (artifact id: '1c7771fc5350facc4afa8d0bd3fa4457') in 0.001146 seconds
Number of updated asset objects reloaded before import = 0
Number of asset objects unloaded after import = 1
========================================================================
Received Import Request.
  Time since last request: 0.000055 seconds.
  path: Assets/Art/KayKit_Restaurant_Bits_1.0_FREE/Assets/gltf/kitchencounter_sink_backsplash.gltf
  artifactKey: Guid(4c5ec954c10104895b6b7eaf02238efe) Importer(2089858483,0ecaa5967403d082aa24f35e1b516d23)
Start importing Assets/Art/KayKit_Restaurant_Bits_1.0_FREE/Assets/gltf/kitchencounter_sink_backsplash.gltf using Guid(4c5ec954c10104895b6b7eaf02238efe) Importer(2089858483,0ecaa5967403d082aa24f35e1b516d23) [PhysX] Initialized MultithreadedTaskDispatcher with 12 workers.
 -> (artifact id: 'b805d16a58e48005818f466e58a59ad3') in 0.001017 seconds
Number of updated asset objects reloaded before import = 0
Number of asset objects unloaded after import = 1
========================================================================
Received Import Request.
  Time since last request: 0.000096 seconds.
  path: Assets/Art/KayKit_Restaurant_Bits_1.0_FREE/Assets/gltf/jar_D_small.bin
  artifactKey: Guid(d270c6008e42e4045b20eeddcb68f3f1) Importer(2089858483,0ecaa5967403d082aa24f35e1b516d23)
Start importing Assets/Art/KayKit_Restaurant_Bits_1.0_FREE/Assets/gltf/jar_D_small.bin using Guid(d270c6008e42e4045b20eeddcb68f3f1) Importer(2089858483,0ecaa5967403d082aa24f35e1b516d23) [PhysX] Initialized MultithreadedTaskDispatcher with 12 workers.
 -> (artifact id: '2caeb9691a48294ccd5a91e6d8256d20') in 0.000896 seconds
Number of updated asset objects reloaded before import = 0
Number of asset objects unloaded after import = 1
========================================================================
Received Import Request.
  Time since last request: 0.000068 seconds.
  path: Assets/Art/KayKit_Restaurant_Bits_1.0_FREE/Assets/gltf/food_ingredient_lettuce_chopped.bin
  artifactKey: Guid(cf3effe8820174bac8065142186566f4) Importer(2089858483,0ecaa5967403d082aa24f35e1b516d23)
Start importing Assets/Art/KayKit_Restaurant_Bits_1.0_FREE/Assets/gltf/food_ingredient_lettuce_chopped.bin using Guid(cf3effe8820174bac8065142186566f4) Importer(2089858483,0ecaa5967403d082aa24f35e1b516d23) [PhysX] Initialized MultithreadedTaskDispatcher with 12 workers.
 -> (artifact id: 'f9c95bcd57541aae68092243c31d5895') in 0.001051 seconds
Number of updated asset objects reloaded before import = 0
Number of asset objects unloaded after import = 1
========================================================================
Received Import Request.
  Time since last request: 0.000041 seconds.
  path: Assets/Art/KayKit_Restaurant_Bits_1.0_FREE/Assets/gltf/food_ingredient_potato_chopped.bin
  artifactKey: Guid(a496a4931f9c44fdfb01c14c8aa7c438) Importer(2089858483,0ecaa5967403d082aa24f35e1b516d23)
Start importing Assets/Art/KayKit_Restaurant_Bits_1.0_FREE/Assets/gltf/food_ingredient_potato_chopped.bin using Guid(a496a4931f9c44fdfb01c14c8aa7c438) Importer(2089858483,0ecaa5967403d082aa24f35e1b516d23) [PhysX] Initialized MultithreadedTaskDispatcher with 12 workers.
 -> (artifact id: 'eeb71ccde245975b5bf96052c79f893b') in 0.001734 seconds
Number of updated asset objects reloaded before import = 0
Number of asset objects unloaded after import = 1
========================================================================
Received Import Request.
  Time since last request: 0.000059 seconds.
  path: Assets/Art/KayKit_Restaurant_Bits_1.0_FREE/Assets/gltf/food_ingredient_ham.gltf
  artifactKey: Guid(a9c98683744d24487b3d78d8f1f7dda6) Importer(2089858483,0ecaa5967403d082aa24f35e1b516d23)
Start importing Assets/Art/KayKit_Restaurant_Bits_1.0_FREE/Assets/gltf/food_ingredient_ham.gltf using Guid(a9c98683744d24487b3d78d8f1f7dda6) Importer(2089858483,0ecaa5967403d082aa24f35e1b516d23) [PhysX] Initialized MultithreadedTaskDispatcher with 12 workers.
 -> (artifact id: '8af0c172f8f439585cf122e48a68de1a') in 0.001113 seconds
Number of updated asset objects reloaded before import = 0
Number of asset objects unloaded after import = 1
========================================================================
Received Import Request.
  Time since last request: 0.000062 seconds.
  path: Assets/Art/KayKit_Restaurant_Bits_1.0_FREE/Assets/gltf/food_ingredient_ham_trash.gltf
  artifactKey: Guid(14d4ed0cd6e32451c829391967e5f25e) Importer(2089858483,0ecaa5967403d082aa24f35e1b516d23)
Start importing Assets/Art/KayKit_Restaurant_Bits_1.0_FREE/Assets/gltf/food_ingredient_ham_trash.gltf using Guid(14d4ed0cd6e32451c829391967e5f25e) Importer(2089858483,0ecaa5967403d082aa24f35e1b516d23) [PhysX] Initialized MultithreadedTaskDispatcher with 12 workers.
 -> (artifact id: 'b2e669ac76ab062879af3864b4c39b00') in 0.000852 seconds
Number of updated asset objects reloaded before import = 0
Number of asset objects unloaded after import = 1
========================================================================
Received Import Request.
  Time since last request: 0.000059 seconds.
  path: Assets/Art/KayKit_Restaurant_Bits_1.0_FREE/Assets/gltf/jar_B_large.gltf
  artifactKey: Guid(ddb6f933732074bddb762102a090df67) Importer(2089858483,0ecaa5967403d082aa24f35e1b516d23)
Start importing Assets/Art/KayKit_Restaurant_Bits_1.0_FREE/Assets/gltf/jar_B_large.gltf using Guid(ddb6f933732074bddb762102a090df67) Importer(2089858483,0ecaa5967403d082aa24f35e1b516d23) [PhysX] Initialized MultithreadedTaskDispatcher with 12 workers.
 -> (artifact id: '343c63a290f0ee3b0ef2fc031def415a') in 0.000904 seconds
Number of updated asset objects reloaded before import = 0
Number of asset objects unloaded after import = 1
========================================================================
Received Import Request.
  Time since last request: 1.253179 seconds.
  path: Assets/Art/KayKit_Restaurant_Bits_1.0_FREE/Assets/gltf/lid_A.bin
  artifactKey: Guid(541eca6b0b4ec4c2ba80ae505e397de4) Importer(2089858483,0ecaa5967403d082aa24f35e1b516d23)
Start importing Assets/Art/KayKit_Restaurant_Bits_1.0_FREE/Assets/gltf/lid_A.bin using Guid(541eca6b0b4ec4c2ba80ae505e397de4) Importer(2089858483,0ecaa5967403d082aa24f35e1b516d23) [PhysX] Initialized MultithreadedTaskDispatcher with 12 workers.
 -> (artifact id: '7e9af40f95b23fcdda88c366cd85bac2') in 0.002162 seconds
Number of updated asset objects reloaded before import = 0
Number of asset objects unloaded after import = 1
========================================================================
Received Import Request.
  Time since last request: 0.000155 seconds.
  path: Assets/Art/KayKit_Restaurant_Bits_1.0_FREE/Assets/gltf/shelf_papertowel.bin
  artifactKey: Guid(4d7b4ab19256247c2af1ad8529f86494) Importer(2089858483,0ecaa5967403d082aa24f35e1b516d23)
Start importing Assets/Art/KayKit_Restaurant_Bits_1.0_FREE/Assets/gltf/shelf_papertowel.bin using Guid(4d7b4ab19256247c2af1ad8529f86494) Importer(2089858483,0ecaa5967403d082aa24f35e1b516d23) [PhysX] Initialized MultithreadedTaskDispatcher with 12 workers.
 -> (artifact id: 'ace1f0ab10c08087b2d7ef1acfa61993') in 0.001936 seconds
Number of updated asset objects reloaded before import = 0
Number of asset objects unloaded after import = 1
========================================================================
Received Import Request.
  Time since last request: 0.000086 seconds.
  path: Assets/Art/KayKit_Restaurant_Bits_1.0_FREE/Assets/obj/food_ingredient_bun_top.obj
  artifactKey: Guid(6727404b5d864443493dddfb7d51b498) Importer(2089858483,0ecaa5967403d082aa24f35e1b516d23)
Start importing Assets/Art/KayKit_Restaurant_Bits_1.0_FREE/Assets/obj/food_ingredient_bun_top.obj using Guid(6727404b5d864443493dddfb7d51b498) Importer(2089858483,0ecaa5967403d082aa24f35e1b516d23) [PhysX] Initialized MultithreadedTaskDispatcher with 12 workers.
 -> (artifact id: 'aa7dd7d30127bada93ca569d597f5b95') in 0.007352 seconds
Number of updated asset objects reloaded before import = 0
Number of asset objects unloaded after import = 11
========================================================================
Received Import Request.
  Time since last request: 0.000040 seconds.
  path: Assets/Art/KayKit_Restaurant_Bits_1.0_FREE/Assets/gltf/papertowel.bin
  artifactKey: Guid(be8a07cca03f74db19dd10495e7dbc1f) Importer(2089858483,0ecaa5967403d082aa24f35e1b516d23)
Start importing Assets/Art/KayKit_Restaurant_Bits_1.0_FREE/Assets/gltf/papertowel.bin using Guid(be8a07cca03f74db19dd10495e7dbc1f) Importer(2089858483,0ecaa5967403d082aa24f35e1b516d23) [PhysX] Initialized MultithreadedTaskDispatcher with 12 workers.
 -> (artifact id: 'b2acb66d7dc34db4647a2eb103e2c36e') in 0.001262 seconds
Number of updated asset objects reloaded before import = 0
Number of asset objects unloaded after import = 1
========================================================================
Received Import Request.
  Time since last request: 0.000065 seconds.
  path: Assets/Art/KayKit_Restaurant_Bits_1.0_FREE/Assets/gltf/pillar_B.bin
  artifactKey: Guid(f17d864e8b18a4e8c8c80c565533d56c) Importer(2089858483,0ecaa5967403d082aa24f35e1b516d23)
Start importing Assets/Art/KayKit_Restaurant_Bits_1.0_FREE/Assets/gltf/pillar_B.bin using Guid(f17d864e8b18a4e8c8c80c565533d56c) Importer(2089858483,0ecaa5967403d082aa24f35e1b516d23) [PhysX] Initialized MultithreadedTaskDispatcher with 12 workers.
 -> (artifact id: '144ea89b55ed9eee42215a2ac0cd3f9e') in 0.000996 seconds
Number of updated asset objects reloaded before import = 0
Number of asset objects unloaded after import = 1
========================================================================
Received Import Request.
  Time since last request: 0.000047 seconds.
  path: Assets/Art/KayKit_Restaurant_Bits_1.0_FREE/Assets/obj/food_ingredient_bun_bottom.mtl
  artifactKey: Guid(b3a18a0006bba4a3992f99bcf3cacee9) Importer(2089858483,0ecaa5967403d082aa24f35e1b516d23)
Start importing Assets/Art/KayKit_Restaurant_Bits_1.0_FREE/Assets/obj/food_ingredient_bun_bottom.mtl using Guid(b3a18a0006bba4a3992f99bcf3cacee9) Importer(2089858483,0ecaa5967403d082aa24f35e1b516d23) [PhysX] Initialized MultithreadedTaskDispatcher with 12 workers.
 -> (artifact id: 'de36d19a230c242d903878fffa25d3e3') in 0.000873 seconds
Number of updated asset objects reloaded before import = 0
Number of asset objects unloaded after import = 1
========================================================================
Received Import Request.
  Time since last request: 0.000117 seconds.
  path: Assets/Art/KayKit_Restaurant_Bits_1.0_FREE/Assets/obj/food_ingredient_lettuce_slice.obj
  artifactKey: Guid(d5efb8b1e34244c379a5d6dd53983352) Importer(2089858483,0ecaa5967403d082aa24f35e1b516d23)
Start importing Assets/Art/KayKit_Restaurant_Bits_1.0_FREE/Assets/obj/food_ingredient_lettuce_slice.obj using Guid(d5efb8b1e34244c379a5d6dd53983352) Importer(2089858483,0ecaa5967403d082aa24f35e1b516d23) [PhysX] Initialized MultithreadedTaskDispatcher with 12 workers.
 -> (artifact id: 'ed44a6b0ac58e21c436610d7166caef3') in 0.006970 seconds
Number of updated asset objects reloaded before import = 0
Number of asset objects unloaded after import = 11
========================================================================
Received Import Request.
  Time since last request: 0.000039 seconds.
  path: Assets/Art/KayKit_Restaurant_Bits_1.0_FREE/Assets/gltf/lid_B.gltf
  artifactKey: Guid(c45e22423fc2f40fbb674eadb675f7cc) Importer(2089858483,0ecaa5967403d082aa24f35e1b516d23)
Start importing Assets/Art/KayKit_Restaurant_Bits_1.0_FREE/Assets/gltf/lid_B.gltf using Guid(c45e22423fc2f40fbb674eadb675f7cc) Importer(2089858483,0ecaa5967403d082aa24f35e1b516d23) [PhysX] Initialized MultithreadedTaskDispatcher with 12 workers.
 -> (artifact id: '962db5011db765e51a473876e7da3deb') in 0.001299 seconds
Number of updated asset objects reloaded before import = 0
Number of asset objects unloaded after import = 1
========================================================================
Received Import Request.
  Time since last request: 0.000060 seconds.
  path: Assets/Art/KayKit_Restaurant_Bits_1.0_FREE/Assets/obj/crate_buns.obj
  artifactKey: Guid(40d2fe082fe2a485e92d0fef02877d27) Importer(2089858483,0ecaa5967403d082aa24f35e1b516d23)
Start importing Assets/Art/KayKit_Restaurant_Bits_1.0_FREE/Assets/obj/crate_buns.obj using Guid(40d2fe082fe2a485e92d0fef02877d27) Importer(2089858483,0ecaa5967403d082aa24f35e1b516d23) [PhysX] Initialized MultithreadedTaskDispatcher with 12 workers.
 -> (artifact id: '102bb4d8ea8294dc5a5193c343a2927a') in 0.006522 seconds
Number of updated asset objects reloaded before import = 0
Number of asset objects unloaded after import = 11
========================================================================
Received Import Request.
  Time since last request: 0.000034 seconds.
  path: Assets/Art/KayKit_Restaurant_Bits_1.0_FREE/Assets/obj/fridge_A_decorated.mtl
  artifactKey: Guid(0ca2ddaad0c39402f9c8216ec2a3bf8e) Importer(2089858483,0ecaa5967403d082aa24f35e1b516d23)
Start importing Assets/Art/KayKit_Restaurant_Bits_1.0_FREE/Assets/obj/fridge_A_decorated.mtl using Guid(0ca2ddaad0c39402f9c8216ec2a3bf8e) Importer(2089858483,0ecaa5967403d082aa24f35e1b516d23) [PhysX] Initialized MultithreadedTaskDispatcher with 12 workers.
 -> (artifact id: '0ee2778106bc27d2ee3e7f2ac2fe22bd') in 0.001383 seconds
Number of updated asset objects reloaded before import = 0
Number of asset objects unloaded after import = 1
========================================================================
Received Import Request.
  Time since last request: 0.000097 seconds.
  path: Assets/Art/KayKit_Restaurant_Bits_1.0_FREE/Assets/obj/fridge_B_door.obj
  artifactKey: Guid(a1256ca80e7ee4c1e95aa6d2116dcd24) Importer(2089858483,0ecaa5967403d082aa24f35e1b516d23)
Start importing Assets/Art/KayKit_Restaurant_Bits_1.0_FREE/Assets/obj/fridge_B_door.obj using Guid(a1256ca80e7ee4c1e95aa6d2116dcd24) Importer(2089858483,0ecaa5967403d082aa24f35e1b516d23) [PhysX] Initialized MultithreadedTaskDispatcher with 12 workers.
 -> (artifact id: '2f4eea78e8a3ab40fcc9760618e5d1d8') in 0.005762 seconds
Number of updated asset objects reloaded before import = 0
Number of asset objects unloaded after import = 11
========================================================================
Received Import Request.
  Time since last request: 0.000043 seconds.
  path: Assets/Art/KayKit_Restaurant_Bits_1.0_FREE/Assets/obj/food_ingredient_carrot_chopped.obj
  artifactKey: Guid(0e49297beba8e40a3b8bad202595d8a6) Importer(2089858483,0ecaa5967403d082aa24f35e1b516d23)
Start importing Assets/Art/KayKit_Restaurant_Bits_1.0_FREE/Assets/obj/food_ingredient_carrot_chopped.obj using Guid(0e49297beba8e40a3b8bad202595d8a6) Importer(2089858483,0ecaa5967403d082aa24f35e1b516d23) [PhysX] Initialized MultithreadedTaskDispatcher with 12 workers.
 -> (artifact id: '99c526ce61bff1545413e4adb600dea6') in 0.007705 seconds
Number of updated asset objects reloaded before import = 0
Number of asset objects unloaded after import = 11
========================================================================
Received Import Request.
  Time since last request: 0.000059 seconds.
  path: Assets/Art/KayKit_Restaurant_Bits_1.0_FREE/Assets/obj/crate_steak.obj
  artifactKey: Guid(41bda00b79091442fbd067425225451c) Importer(2089858483,0ecaa5967403d082aa24f35e1b516d23)
Start importing Assets/Art/KayKit_Restaurant_Bits_1.0_FREE/Assets/obj/crate_steak.obj using Guid(41bda00b79091442fbd067425225451c) Importer(2089858483,0ecaa5967403d082aa24f35e1b516d23) [PhysX] Initialized MultithreadedTaskDispatcher with 12 workers.
 -> (artifact id: 'f5b9d58fe9826b574c14f922bda994c1') in 0.006652 seconds
Number of updated asset objects reloaded before import = 0
Number of asset objects unloaded after import = 11
========================================================================
Received Import Request.
  Time since last request: 0.000074 seconds.
  path: Assets/Art/KayKit_Restaurant_Bits_1.0_FREE/Assets/gltf/stove_single_countertop.gltf
  artifactKey: Guid(2e0d09c636f61474cb9b3c5b03b7559e) Importer(2089858483,0ecaa5967403d082aa24f35e1b516d23)
Start importing Assets/Art/KayKit_Restaurant_Bits_1.0_FREE/Assets/gltf/stove_single_countertop.gltf using Guid(2e0d09c636f61474cb9b3c5b03b7559e) Importer(2089858483,0ecaa5967403d082aa24f35e1b516d23) [PhysX] Initialized MultithreadedTaskDispatcher with 12 workers.
 -> (artifact id: 'd3c7ab78fee46273fc00e2ffe83de7fa') in 0.001152 seconds
Number of updated asset objects reloaded before import = 0
Number of asset objects unloaded after import = 1
========================================================================
Received Import Request.
  Time since last request: 0.000117 seconds.
  path: Assets/Art/KayKit_Restaurant_Bits_1.0_FREE/Assets/obj/food_ingredient_potato_mashed.mtl
  artifactKey: Guid(4f4b9622c550b458abe2bdb3ad4ae7ea) Importer(2089858483,0ecaa5967403d082aa24f35e1b516d23)
Start importing Assets/Art/KayKit_Restaurant_Bits_1.0_FREE/Assets/obj/food_ingredient_potato_mashed.mtl using Guid(4f4b9622c550b458abe2bdb3ad4ae7ea) Importer(2089858483,0ecaa5967403d082aa24f35e1b516d23) [PhysX] Initialized MultithreadedTaskDispatcher with 12 workers.
 -> (artifact id: '130810085e82cd9c66979977f16ba5e3') in 0.001235 seconds
Number of updated asset objects reloaded before import = 0
Number of asset objects unloaded after import = 1
========================================================================
Received Import Request.
  Time since last request: 0.000062 seconds.
  path: Assets/Art/KayKit_Restaurant_Bits_1.0_FREE/Assets/gltf/pan_A.bin
  artifactKey: Guid(b1be0745c1328490e9748a94d843e874) Importer(2089858483,0ecaa5967403d082aa24f35e1b516d23)
Start importing Assets/Art/KayKit_Restaurant_Bits_1.0_FREE/Assets/gltf/pan_A.bin using Guid(b1be0745c1328490e9748a94d843e874) Importer(2089858483,0ecaa5967403d082aa24f35e1b516d23) [PhysX] Initialized MultithreadedTaskDispatcher with 12 workers.
 -> (artifact id: '930cda0b4665ceea545944ee0b74ae54') in 0.001367 seconds
Number of updated asset objects reloaded before import = 0
Number of asset objects unloaded after import = 1
========================================================================
Received Import Request.
  Time since last request: 0.000058 seconds.
  path: Assets/Art/KayKit_Restaurant_Bits_1.0_FREE/Assets/obj/food_ingredient_ham_trash.obj
  artifactKey: Guid(1875cd46a4e364c7f8672957a6a03535) Importer(2089858483,0ecaa5967403d082aa24f35e1b516d23)
Start importing Assets/Art/KayKit_Restaurant_Bits_1.0_FREE/Assets/obj/food_ingredient_ham_trash.obj using Guid(1875cd46a4e364c7f8672957a6a03535) Importer(2089858483,0ecaa5967403d082aa24f35e1b516d23) [PhysX] Initialized MultithreadedTaskDispatcher with 12 workers.
 -> (artifact id: '42fe78a60937657bc009b9121e7c3c86') in 0.005776 seconds
Number of updated asset objects reloaded before import = 0
Number of asset objects unloaded after import = 11
========================================================================
Received Import Request.
  Time since last request: 0.000031 seconds.
  path: Assets/Art/KayKit_Restaurant_Bits_1.0_FREE/Assets/obj/crate_lid.mtl
  artifactKey: Guid(669f349f04bc849068e8ba7a0b29309d) Importer(2089858483,0ecaa5967403d082aa24f35e1b516d23)
Start importing Assets/Art/KayKit_Restaurant_Bits_1.0_FREE/Assets/obj/crate_lid.mtl using Guid(669f349f04bc849068e8ba7a0b29309d) Importer(2089858483,0ecaa5967403d082aa24f35e1b516d23) [PhysX] Initialized MultithreadedTaskDispatcher with 12 workers.
 -> (artifact id: '57778791067e4d80d291a2b376d765db') in 0.001170 seconds
Number of updated asset objects reloaded before import = 0
Number of asset objects unloaded after import = 1
========================================================================
Received Import Request.
  Time since last request: 0.000050 seconds.
  path: Assets/Art/KayKit_Restaurant_Bits_1.0_FREE/Assets/gltf/pillar_A.gltf
  artifactKey: Guid(a6840f1a9ce90415f93f1001dea5f957) Importer(2089858483,0ecaa5967403d082aa24f35e1b516d23)
Start importing Assets/Art/KayKit_Restaurant_Bits_1.0_FREE/Assets/gltf/pillar_A.gltf using Guid(a6840f1a9ce90415f93f1001dea5f957) Importer(2089858483,0ecaa5967403d082aa24f35e1b516d23) [PhysX] Initialized MultithreadedTaskDispatcher with 12 workers.
 -> (artifact id: '433d6dc4df8bbcae86ba0f364710a553') in 0.000937 seconds
Number of updated asset objects reloaded before import = 0
Number of asset objects unloaded after import = 1
========================================================================
Received Import Request.
  Time since last request: 0.000135 seconds.
  path: Assets/Art/KayKit_Restaurant_Bits_1.0_FREE/Assets/gltf/pot_A.gltf
  artifactKey: Guid(f4f8248229ef341999ba35b615dcfd42) Importer(2089858483,0ecaa5967403d082aa24f35e1b516d23)
Start importing Assets/Art/KayKit_Restaurant_Bits_1.0_FREE/Assets/gltf/pot_A.gltf using Guid(f4f8248229ef341999ba35b615dcfd42) Importer(2089858483,0ecaa5967403d082aa24f35e1b516d23) [PhysX] Initialized MultithreadedTaskDispatcher with 12 workers.
 -> (artifact id: '1635d3546d32ef822eb67a818eb37af5') in 0.000898 seconds
Number of updated asset objects reloaded before import = 0
Number of asset objects unloaded after import = 1
========================================================================
Received Import Request.
  Time since last request: 0.000063 seconds.
  path: Assets/Art/KayKit_Restaurant_Bits_1.0_FREE/Assets/obj/crate_ham.obj
  artifactKey: Guid(7a5f66bf1fa6f4f119241fd1aa4b5428) Importer(2089858483,0ecaa5967403d082aa24f35e1b516d23)
Start importing Assets/Art/KayKit_Restaurant_Bits_1.0_FREE/Assets/obj/crate_ham.obj using Guid(7a5f66bf1fa6f4f119241fd1aa4b5428) Importer(2089858483,0ecaa5967403d082aa24f35e1b516d23) [PhysX] Initialized MultithreadedTaskDispatcher with 12 workers.
 -> (artifact id: '6e65ee993ae3821a436d083569230b81') in 0.006001 seconds
Number of updated asset objects reloaded before import = 0
Number of asset objects unloaded after import = 11
========================================================================
Received Import Request.
  Time since last request: 0.000030 seconds.
  path: Assets/Art/KayKit_Restaurant_Bits_1.0_FREE/Assets/gltf/stove_multi.bin
  artifactKey: Guid(5d8a77e02e24c455e8760b59c50c176d) Importer(2089858483,0ecaa5967403d082aa24f35e1b516d23)
Start importing Assets/Art/KayKit_Restaurant_Bits_1.0_FREE/Assets/gltf/stove_multi.bin using Guid(5d8a77e02e24c455e8760b59c50c176d) Importer(2089858483,0ecaa5967403d082aa24f35e1b516d23) [PhysX] Initialized MultithreadedTaskDispatcher with 12 workers.
 -> (artifact id: '97d26711c58a6892c8b7db8d8da351f8') in 0.001010 seconds
Number of updated asset objects reloaded before import = 0
Number of asset objects unloaded after import = 1
========================================================================
Received Import Request.
  Time since last request: 0.000079 seconds.
  path: Assets/Art/KayKit_Restaurant_Bits_1.0_FREE/Assets/obj/crate.mtl
  artifactKey: Guid(d0979982d54264727bbc0b1029e194b7) Importer(2089858483,0ecaa5967403d082aa24f35e1b516d23)
Start importing Assets/Art/KayKit_Restaurant_Bits_1.0_FREE/Assets/obj/crate.mtl using Guid(d0979982d54264727bbc0b1029e194b7) Importer(2089858483,0ecaa5967403d082aa24f35e1b516d23) [PhysX] Initialized MultithreadedTaskDispatcher with 12 workers.
 -> (artifact id: 'ccbb0e65c33abb90cbfe75005e24bee7') in 0.001655 seconds
Number of updated asset objects reloaded before import = 0
Number of asset objects unloaded after import = 1
========================================================================
Received Import Request.
  Time since last request: 0.000062 seconds.
  path: Assets/Art/KayKit_Restaurant_Bits_1.0_FREE/Assets/obj/food_stew.obj
  artifactKey: Guid(8b7902a9f180646b3bc3a52c92cc9d74) Importer(2089858483,0ecaa5967403d082aa24f35e1b516d23)
Start importing Assets/Art/KayKit_Restaurant_Bits_1.0_FREE/Assets/obj/food_stew.obj using Guid(8b7902a9f180646b3bc3a52c92cc9d74) Importer(2089858483,0ecaa5967403d082aa24f35e1b516d23) [PhysX] Initialized MultithreadedTaskDispatcher with 12 workers.
 -> (artifact id: 'b7dd08b91577084768a0907df0d16e1e') in 0.005923 seconds
Number of updated asset objects reloaded before import = 0
Number of asset objects unloaded after import = 11
========================================================================
Received Import Request.
  Time since last request: 0.000112 seconds.
  path: Assets/Art/KayKit_Restaurant_Bits_1.0_FREE/Assets/gltf/plate_dirty.gltf
  artifactKey: Guid(d61d05afe1cfd4680907d31c1f4b8c6d) Importer(2089858483,0ecaa5967403d082aa24f35e1b516d23)
Start importing Assets/Art/KayKit_Restaurant_Bits_1.0_FREE/Assets/gltf/plate_dirty.gltf using Guid(d61d05afe1cfd4680907d31c1f4b8c6d) Importer(2089858483,0ecaa5967403d082aa24f35e1b516d23) [PhysX] Initialized MultithreadedTaskDispatcher with 12 workers.
 -> (artifact id: '58c922ac7475af30ddb61929728029a4') in 0.001264 seconds
Number of updated asset objects reloaded before import = 0
Number of asset objects unloaded after import = 1
========================================================================
Received Import Request.
  Time since last request: 0.000085 seconds.
  path: Assets/Art/KayKit_Restaurant_Bits_1.0_FREE/Assets/gltf/menu.gltf
  artifactKey: Guid(7e6837a23c3e74da1a5ec0d78dc05aa9) Importer(2089858483,0ecaa5967403d082aa24f35e1b516d23)
Start importing Assets/Art/KayKit_Restaurant_Bits_1.0_FREE/Assets/gltf/menu.gltf using Guid(7e6837a23c3e74da1a5ec0d78dc05aa9) Importer(2089858483,0ecaa5967403d082aa24f35e1b516d23) [PhysX] Initialized MultithreadedTaskDispatcher with 12 workers.
 -> (artifact id: 'ba8f7688de400bf5ee00778d5f8c2ee5') in 0.001133 seconds
Number of updated asset objects reloaded before import = 0
Number of asset objects unloaded after import = 1
========================================================================
Received Import Request.
  Time since last request: 0.000058 seconds.
  path: Assets/Art/KayKit_Restaurant_Bits_1.0_FREE/Assets/gltf/table_round_A.gltf
  artifactKey: Guid(15dc65a9547c64d6c93db087bfc3bdef) Importer(2089858483,0ecaa5967403d082aa24f35e1b516d23)
Start importing Assets/Art/KayKit_Restaurant_Bits_1.0_FREE/Assets/gltf/table_round_A.gltf using Guid(15dc65a9547c64d6c93db087bfc3bdef) Importer(2089858483,0ecaa5967403d082aa24f35e1b516d23) [PhysX] Initialized MultithreadedTaskDispatcher with 12 workers.
 -> (artifact id: 'c211a8bf4965cf6f6d925ae119a7ef39') in 0.001047 seconds
Number of updated asset objects reloaded before import = 0
Number of asset objects unloaded after import = 1
========================================================================
Received Import Request.
  Time since last request: 0.000056 seconds.
  path: Assets/Art/KayKit_Restaurant_Bits_1.0_FREE/Assets/obj/food_ingredient_ham.mtl
  artifactKey: Guid(03162aad703ee43f5933c9e61224b0b3) Importer(2089858483,0ecaa5967403d082aa24f35e1b516d23)
Start importing Assets/Art/KayKit_Restaurant_Bits_1.0_FREE/Assets/obj/food_ingredient_ham.mtl using Guid(03162aad703ee43f5933c9e61224b0b3) Importer(2089858483,0ecaa5967403d082aa24f35e1b516d23) [PhysX] Initialized MultithreadedTaskDispatcher with 12 workers.
 -> (artifact id: 'd8974f37763355e4004a01402de4b28b') in 0.001108 seconds
Number of updated asset objects reloaded before import = 0
Number of asset objects unloaded after import = 1
========================================================================
Received Import Request.
  Time since last request: 0.000105 seconds.
  path: Assets/Art/KayKit_Restaurant_Bits_1.0_FREE/Assets/obj/food_burger.mtl
  artifactKey: Guid(003c94449edd84e358f9bd0b15700374) Importer(2089858483,0ecaa5967403d082aa24f35e1b516d23)
Start importing Assets/Art/KayKit_Restaurant_Bits_1.0_FREE/Assets/obj/food_burger.mtl using Guid(003c94449edd84e358f9bd0b15700374) Importer(2089858483,0ecaa5967403d082aa24f35e1b516d23) [PhysX] Initialized MultithreadedTaskDispatcher with 12 workers.
 -> (artifact id: '048c8734cbc4050ecf26e95b6bf06f04') in 0.000981 seconds
Number of updated asset objects reloaded before import = 0
Number of asset objects unloaded after import = 1
========================================================================
Received Import Request.
  Time since last request: 0.000110 seconds.
  path: Assets/Art/KayKit_Restaurant_Bits_1.0_FREE/Assets/obj/food_ingredient_steak_pieces.obj
  artifactKey: Guid(0640c011748fe4e28b963b9405adfe8f) Importer(2089858483,0ecaa5967403d082aa24f35e1b516d23)
Start importing Assets/Art/KayKit_Restaurant_Bits_1.0_FREE/Assets/obj/food_ingredient_steak_pieces.obj using Guid(0640c011748fe4e28b963b9405adfe8f) Importer(2089858483,0ecaa5967403d082aa24f35e1b516d23) [PhysX] Initialized MultithreadedTaskDispatcher with 12 workers.
 -> (artifact id: '8dc80158c044739e4d0c82dc115dd66f') in 0.006742 seconds
Number of updated asset objects reloaded before import = 0
Number of asset objects unloaded after import = 11
========================================================================
Received Import Request.
  Time since last request: 0.000041 seconds.
  path: Assets/Art/KayKit_Restaurant_Bits_1.0_FREE/Assets/obj/food_ingredient_carrot_pieces.mtl
  artifactKey: Guid(fe5fc6dc5f8a34be5a5881a1bc085348) Importer(2089858483,0ecaa5967403d082aa24f35e1b516d23)
Start importing Assets/Art/KayKit_Restaurant_Bits_1.0_FREE/Assets/obj/food_ingredient_carrot_pieces.mtl using Guid(fe5fc6dc5f8a34be5a5881a1bc085348) Importer(2089858483,0ecaa5967403d082aa24f35e1b516d23) [PhysX] Initialized MultithreadedTaskDispatcher with 12 workers.
 -> (artifact id: 'b9f03aa1e9f9bd43277752cf0395d72c') in 0.001251 seconds
Number of updated asset objects reloaded before import = 0
Number of asset objects unloaded after import = 1
========================================================================
Received Import Request.
  Time since last request: 0.000056 seconds.
  path: Assets/Art/KayKit_Restaurant_Bits_1.0_FREE/Assets/gltf/restaurantbits_texture.png
  artifactKey: Guid(ee39a69d8b2de4f1781ea89f1b4a1611) Importer(2089858483,0ecaa5967403d082aa24f35e1b516d23)
Start importing Assets/Art/KayKit_Restaurant_Bits_1.0_FREE/Assets/gltf/restaurantbits_texture.png using Guid(ee39a69d8b2de4f1781ea89f1b4a1611) Importer(2089858483,0ecaa5967403d082aa24f35e1b516d23) [PhysX] Initialized MultithreadedTaskDispatcher with 12 workers.
 -> (artifact id: '4c526f37140826d5381b659698aa76f6') in 0.004164 seconds
Number of updated asset objects reloaded before import = 0
Number of asset objects unloaded after import = 1
========================================================================
Received Import Request.
  Time since last request: 0.000074 seconds.
  path: Assets/Art/KayKit_Restaurant_Bits_1.0_FREE/Assets/obj/food_dinner.mtl
  artifactKey: Guid(182e626f801c540feafab0b729ccac1f) Importer(2089858483,0ecaa5967403d082aa24f35e1b516d23)
Start importing Assets/Art/KayKit_Restaurant_Bits_1.0_FREE/Assets/obj/food_dinner.mtl using Guid(182e626f801c540feafab0b729ccac1f) Importer(2089858483,0ecaa5967403d082aa24f35e1b516d23) [PhysX] Initialized MultithreadedTaskDispatcher with 12 workers.
 -> (artifact id: 'dda30fc83766d9e10968fdc6db6c3405') in 0.002252 seconds
Number of updated asset objects reloaded before import = 0
Number of asset objects unloaded after import = 1
========================================================================
Received Import Request.
  Time since last request: 0.000079 seconds.
  path: Assets/Art/KayKit_Restaurant_Bits_1.0_FREE/Assets/obj/food_ingredient_onion_rings.mtl
  artifactKey: Guid(73fabc7a95ac84c7dace89d63a63ec07) Importer(2089858483,0ecaa5967403d082aa24f35e1b516d23)
Start importing Assets/Art/KayKit_Restaurant_Bits_1.0_FREE/Assets/obj/food_ingredient_onion_rings.mtl using Guid(73fabc7a95ac84c7dace89d63a63ec07) Importer(2089858483,0ecaa5967403d082aa24f35e1b516d23) [PhysX] Initialized MultithreadedTaskDispatcher with 12 workers.
 -> (artifact id: 'a16c37512f2283e5b59f671fbbca4b47') in 0.001033 seconds
Number of updated asset objects reloaded before import = 0
Number of asset objects unloaded after import = 1
========================================================================
Received Import Request.
  Time since last request: 0.000048 seconds.
  path: Assets/Art/KayKit_Restaurant_Bits_1.0_FREE/Assets/gltf/table_round_A_small_decorated.bin
  artifactKey: Guid(cc94f97ee6f4b4c6e8a5d2948508c517) Importer(2089858483,0ecaa5967403d082aa24f35e1b516d23)
Start importing Assets/Art/KayKit_Restaurant_Bits_1.0_FREE/Assets/gltf/table_round_A_small_decorated.bin using Guid(cc94f97ee6f4b4c6e8a5d2948508c517) Importer(2089858483,0ecaa5967403d082aa24f35e1b516d23) [PhysX] Initialized MultithreadedTaskDispatcher with 12 workers.
 -> (artifact id: '3417bc16551b30a84a00703a98cc2d53') in 0.001025 seconds
Number of updated asset objects reloaded before import = 0
Number of asset objects unloaded after import = 1
========================================================================
Received Import Request.
  Time since last request: 0.000076 seconds.
  path: Assets/Art/KayKit_Restaurant_Bits_1.0_FREE/Assets/obj/crate.obj
  artifactKey: Guid(7e4f29a49ba794029a157a9547d0b518) Importer(2089858483,0ecaa5967403d082aa24f35e1b516d23)
Start importing Assets/Art/KayKit_Restaurant_Bits_1.0_FREE/Assets/obj/crate.obj using Guid(7e4f29a49ba794029a157a9547d0b518) Importer(2089858483,0ecaa5967403d082aa24f35e1b516d23) [PhysX] Initialized MultithreadedTaskDispatcher with 12 workers.
 -> (artifact id: '71280146f63a9539adb1c08959ac8aba') in 0.005445 seconds
Number of updated asset objects reloaded before import = 0
Number of asset objects unloaded after import = 11
========================================================================
Received Import Request.
  Time since last request: 0.000054 seconds.
  path: Assets/Art/KayKit_Restaurant_Bits_1.0_FREE/Assets/obj/fridge_A_door_bottom.mtl
  artifactKey: Guid(5688ba508a8ac4fdda16f29564f4e6a6) Importer(2089858483,0ecaa5967403d082aa24f35e1b516d23)
Start importing Assets/Art/KayKit_Restaurant_Bits_1.0_FREE/Assets/obj/fridge_A_door_bottom.mtl using Guid(5688ba508a8ac4fdda16f29564f4e6a6) Importer(2089858483,0ecaa5967403d082aa24f35e1b516d23) [PhysX] Initialized MultithreadedTaskDispatcher with 12 workers.
 -> (artifact id: 'fd7059909d1bd925261444438d6f50ae') in 0.001875 seconds
Number of updated asset objects reloaded before import = 0
Number of asset objects unloaded after import = 1
========================================================================
Received Import Request.
  Time since last request: 0.000067 seconds.
  path: Assets/Art/KayKit_Restaurant_Bits_1.0_FREE/Assets/gltf/shelf_papertowel_decorated.gltf
  artifactKey: Guid(0211e9da1bf474a21bd2ecc5ad242e74) Importer(2089858483,0ecaa5967403d082aa24f35e1b516d23)
Start importing Assets/Art/KayKit_Restaurant_Bits_1.0_FREE/Assets/gltf/shelf_papertowel_decorated.gltf using Guid(0211e9da1bf474a21bd2ecc5ad242e74) Importer(2089858483,0ecaa5967403d082aa24f35e1b516d23) [PhysX] Initialized MultithreadedTaskDispatcher with 12 workers.
 -> (artifact id: 'e46b835b4ff2e417c76aab41b90f2bf9') in 0.001111 seconds
Number of updated asset objects reloaded before import = 0
Number of asset objects unloaded after import = 1
========================================================================
Received Import Request.
  Time since last request: 0.000045 seconds.
  path: Assets/Art/KayKit_Restaurant_Bits_1.0_FREE/Assets/obj/bowl.obj
  artifactKey: Guid(06ef9502b74db453bbb9f2b7d6ffe141) Importer(2089858483,0ecaa5967403d082aa24f35e1b516d23)
Start importing Assets/Art/KayKit_Restaurant_Bits_1.0_FREE/Assets/obj/bowl.obj using Guid(06ef9502b74db453bbb9f2b7d6ffe141) Importer(2089858483,0ecaa5967403d082aa24f35e1b516d23) [PhysX] Initialized MultithreadedTaskDispatcher with 12 workers.
 -> (artifact id: 'b7f7efcbdbb806e2b7736c931e517939') in 0.005496 seconds
Number of updated asset objects reloaded before import = 0
Number of asset objects unloaded after import = 11
========================================================================
Received Import Request.
  Time since last request: 0.000031 seconds.
  path: Assets/Art/KayKit_Restaurant_Bits_1.0_FREE/Assets/obj/floor_kitchen.obj
  artifactKey: Guid(72e5631d1af4a464081451dbd79dbabf) Importer(2089858483,0ecaa5967403d082aa24f35e1b516d23)
Start importing Assets/Art/KayKit_Restaurant_Bits_1.0_FREE/Assets/obj/floor_kitchen.obj using Guid(72e5631d1af4a464081451dbd79dbabf) Importer(2089858483,0ecaa5967403d082aa24f35e1b516d23) [PhysX] Initialized MultithreadedTaskDispatcher with 12 workers.
 -> (artifact id: 'b65cc7a9e78cf8634f141c2b4e89b576') in 0.005909 seconds
Number of updated asset objects reloaded before import = 0
Number of asset objects unloaded after import = 11
========================================================================
Received Import Request.
  Time since last request: 0.000027 seconds.
  path: Assets/Art/KayKit_Restaurant_Bits_1.0_FREE/Assets/gltf/wall.bin
  artifactKey: Guid(022804a9381ec4282af86bbc7ecefce1) Importer(2089858483,0ecaa5967403d082aa24f35e1b516d23)
Start importing Assets/Art/KayKit_Restaurant_Bits_1.0_FREE/Assets/gltf/wall.bin using Guid(022804a9381ec4282af86bbc7ecefce1) Importer(2089858483,0ecaa5967403d082aa24f35e1b516d23) [PhysX] Initialized MultithreadedTaskDispatcher with 12 workers.
 -> (artifact id: '84eef6d188f919828855de9b550c1a8d') in 0.001046 seconds
Number of updated asset objects reloaded before import = 0
Number of asset objects unloaded after import = 1
========================================================================
Received Import Request.
  Time since last request: 0.000064 seconds.
  path: Assets/Art/KayKit_Restaurant_Bits_1.0_FREE/Assets/obj/food_ingredient_cheese_slice.obj
  artifactKey: Guid(ac53d7b026a2541f7b5ad85ed68cd4fd) Importer(2089858483,0ecaa5967403d082aa24f35e1b516d23)
Start importing Assets/Art/KayKit_Restaurant_Bits_1.0_FREE/Assets/obj/food_ingredient_cheese_slice.obj using Guid(ac53d7b026a2541f7b5ad85ed68cd4fd) Importer(2089858483,0ecaa5967403d082aa24f35e1b516d23) [PhysX] Initialized MultithreadedTaskDispatcher with 12 workers.
 -> (artifact id: 'ceb7bbb6515f141c24c3b2f6c6a97485') in 0.006697 seconds
Number of updated asset objects reloaded before import = 0
Number of asset objects unloaded after import = 11
========================================================================
Received Import Request.
  Time since last request: 0.000038 seconds.
  path: Assets/Art/KayKit_Restaurant_Bits_1.0_FREE/Assets/obj/food_ingredient_burger_trash.obj
  artifactKey: Guid(a066c8ccaaf0e49beaa64ebdb332b3f9) Importer(2089858483,0ecaa5967403d082aa24f35e1b516d23)
Start importing Assets/Art/KayKit_Restaurant_Bits_1.0_FREE/Assets/obj/food_ingredient_burger_trash.obj using Guid(a066c8ccaaf0e49beaa64ebdb332b3f9) Importer(2089858483,0ecaa5967403d082aa24f35e1b516d23) [PhysX] Initialized MultithreadedTaskDispatcher with 12 workers.
 -> (artifact id: '247f3423bd9e4a57189e0dc0c5359a69') in 0.006355 seconds
Number of updated asset objects reloaded before import = 0
Number of asset objects unloaded after import = 11
========================================================================
Received Import Request.
  Time since last request: 0.000030 seconds.
  path: Assets/Art/KayKit_Restaurant_Bits_1.0_FREE/Assets/obj/extractorhood.mtl
  artifactKey: Guid(087fa0b5eb0784e56856af179a64dcac) Importer(2089858483,0ecaa5967403d082aa24f35e1b516d23)
Start importing Assets/Art/KayKit_Restaurant_Bits_1.0_FREE/Assets/obj/extractorhood.mtl using Guid(087fa0b5eb0784e56856af179a64dcac) Importer(2089858483,0ecaa5967403d082aa24f35e1b516d23) [PhysX] Initialized MultithreadedTaskDispatcher with 12 workers.
 -> (artifact id: '9fd4389a1955835690f1d240a3152a0c') in 0.001049 seconds
Number of updated asset objects reloaded before import = 0
Number of asset objects unloaded after import = 1
========================================================================
Received Import Request.
  Time since last request: 0.000055 seconds.
  path: Assets/Art/KayKit_Restaurant_Bits_1.0_FREE/Assets/obj/crate_cheese.obj
  artifactKey: Guid(a13616bb7cf694e769be795272c409dc) Importer(2089858483,0ecaa5967403d082aa24f35e1b516d23)
Start importing Assets/Art/KayKit_Restaurant_Bits_1.0_FREE/Assets/obj/crate_cheese.obj using Guid(a13616bb7cf694e769be795272c409dc) Importer(2089858483,0ecaa5967403d082aa24f35e1b516d23) [PhysX] Initialized MultithreadedTaskDispatcher with 12 workers.
 -> (artifact id: 'f8970c38c7af780deb5f75b16d7ec927') in 0.005708 seconds
Number of updated asset objects reloaded before import = 0
Number of asset objects unloaded after import = 11
========================================================================
Received Import Request.
  Time since last request: 0.000034 seconds.
  path: Assets/Art/KayKit_Restaurant_Bits_1.0_FREE/Assets/gltf/papertowel.gltf
  artifactKey: Guid(5bbe838ae49004b9b80b37aa2498e186) Importer(2089858483,0ecaa5967403d082aa24f35e1b516d23)
Start importing Assets/Art/KayKit_Restaurant_Bits_1.0_FREE/Assets/gltf/papertowel.gltf using Guid(5bbe838ae49004b9b80b37aa2498e186) Importer(2089858483,0ecaa5967403d082aa24f35e1b516d23) [PhysX] Initialized MultithreadedTaskDispatcher with 12 workers.
 -> (artifact id: '8e40b834b39c2b24fb2898ec90022d95') in 0.001661 seconds
Number of updated asset objects reloaded before import = 0
Number of asset objects unloaded after import = 1
========================================================================
Received Import Request.
  Time since last request: 0.000053 seconds.
  path: Assets/Art/KayKit_Restaurant_Bits_1.0_FREE/Assets/obj/chair_stool.obj
  artifactKey: Guid(e20fec303b36c4d88aee0b7fabe841da) Importer(2089858483,0ecaa5967403d082aa24f35e1b516d23)
Start importing Assets/Art/KayKit_Restaurant_Bits_1.0_FREE/Assets/obj/chair_stool.obj using Guid(e20fec303b36c4d88aee0b7fabe841da) Importer(2089858483,0ecaa5967403d082aa24f35e1b516d23) [PhysX] Initialized MultithreadedTaskDispatcher with 12 workers.
 -> (artifact id: 'e2e38adb8fe339014828f27abf5fd369') in 0.006146 seconds
Number of updated asset objects reloaded before import = 0
Number of asset objects unloaded after import = 11
========================================================================
Received Import Request.
  Time since last request: 0.000032 seconds.
  path: Assets/Art/KayKit_Restaurant_Bits_1.0_FREE/Assets/gltf/stove_single_countertop.bin
  artifactKey: Guid(814e75ea3eeac4e44886d398398d4219) Importer(2089858483,0ecaa5967403d082aa24f35e1b516d23)
Start importing Assets/Art/KayKit_Restaurant_Bits_1.0_FREE/Assets/gltf/stove_single_countertop.bin using Guid(814e75ea3eeac4e44886d398398d4219) Importer(2089858483,0ecaa5967403d082aa24f35e1b516d23) [PhysX] Initialized MultithreadedTaskDispatcher with 12 workers.
 -> (artifact id: '88d766e699e907141ea1fd28e7f233bc') in 0.001131 seconds
Number of updated asset objects reloaded before import = 0
Number of asset objects unloaded after import = 1
========================================================================
Received Import Request.
  Time since last request: 0.000124 seconds.
  path: Assets/Art/KayKit_Restaurant_Bits_1.0_FREE/Assets/obj/fridge_A_door_top.mtl
  artifactKey: Guid(d65313c640d2043a28bc7686aa16e583) Importer(2089858483,0ecaa5967403d082aa24f35e1b516d23)
Start importing Assets/Art/KayKit_Restaurant_Bits_1.0_FREE/Assets/obj/fridge_A_door_top.mtl using Guid(d65313c640d2043a28bc7686aa16e583) Importer(2089858483,0ecaa5967403d082aa24f35e1b516d23) [PhysX] Initialized MultithreadedTaskDispatcher with 12 workers.
 -> (artifact id: '555fa462c2263e72e78d1ff2b8f078cd') in 0.001073 seconds
Number of updated asset objects reloaded before import = 0
Number of asset objects unloaded after import = 1
========================================================================
Received Import Request.
  Time since last request: 0.000072 seconds.
  path: Assets/Art/KayKit_Restaurant_Bits_1.0_FREE/Assets/gltf/wall_decorated.gltf
  artifactKey: Guid(2390d02b2f25b49e598421e60f232e5f) Importer(2089858483,0ecaa5967403d082aa24f35e1b516d23)
Start importing Assets/Art/KayKit_Restaurant_Bits_1.0_FREE/Assets/gltf/wall_decorated.gltf using Guid(2390d02b2f25b49e598421e60f232e5f) Importer(2089858483,0ecaa5967403d082aa24f35e1b516d23) [PhysX] Initialized MultithreadedTaskDispatcher with 12 workers.
 -> (artifact id: '40eef70eba8ee60ab4ddb08647cac885') in 0.000936 seconds
Number of updated asset objects reloaded before import = 0
Number of asset objects unloaded after import = 1
========================================================================
Received Import Request.
  Time since last request: 0.000066 seconds.
  path: Assets/Art/KayKit_Restaurant_Bits_1.0_FREE/Assets/obj/food_ingredient_cheese_slice.mtl
  artifactKey: Guid(a9fc199b37a24402eb1302cf2b3fb358) Importer(2089858483,0ecaa5967403d082aa24f35e1b516d23)
Start importing Assets/Art/KayKit_Restaurant_Bits_1.0_FREE/Assets/obj/food_ingredient_cheese_slice.mtl using Guid(a9fc199b37a24402eb1302cf2b3fb358) Importer(2089858483,0ecaa5967403d082aa24f35e1b516d23) [PhysX] Initialized MultithreadedTaskDispatcher with 12 workers.
 -> (artifact id: '3288045cdc38aef9ae6043320d9b94fa') in 0.000954 seconds
Number of updated asset objects reloaded before import = 0
Number of asset objects unloaded after import = 1
========================================================================
Received Import Request.
  Time since last request: 0.000065 seconds.
  path: Assets/Art/KayKit_Restaurant_Bits_1.0_FREE/Assets/gltf/stove_multi_countertop.gltf
  artifactKey: Guid(21a2daaf344ab4387bdad07073cd1aac) Importer(2089858483,0ecaa5967403d082aa24f35e1b516d23)
Start importing Assets/Art/KayKit_Restaurant_Bits_1.0_FREE/Assets/gltf/stove_multi_countertop.gltf using Guid(21a2daaf344ab4387bdad07073cd1aac) Importer(2089858483,0ecaa5967403d082aa24f35e1b516d23) [PhysX] Initialized MultithreadedTaskDispatcher with 12 workers.
 -> (artifact id: '51e4dedb2f1653edd372256a0bb65f7d') in 0.001591 seconds
Number of updated asset objects reloaded before import = 0
Number of asset objects unloaded after import = 1
========================================================================
Received Import Request.
  Time since last request: 0.000062 seconds.
  path: Assets/Art/KayKit_Restaurant_Bits_1.0_FREE/Assets/obj/food_ingredient_ham_trash.mtl
  artifactKey: Guid(e133262048a454fbba19bdbe5608c12d) Importer(2089858483,0ecaa5967403d082aa24f35e1b516d23)
Start importing Assets/Art/KayKit_Restaurant_Bits_1.0_FREE/Assets/obj/food_ingredient_ham_trash.mtl using Guid(e133262048a454fbba19bdbe5608c12d) Importer(2089858483,0ecaa5967403d082aa24f35e1b516d23) [PhysX] Initialized MultithreadedTaskDispatcher with 12 workers.
 -> (artifact id: '401da4ff285d740441b6f4cacc7b1d08') in 0.001278 seconds
Number of updated asset objects reloaded before import = 0
Number of asset objects unloaded after import = 1
========================================================================
Received Import Request.
  Time since last request: 0.000075 seconds.
  path: Assets/Art/KayKit_Restaurant_Bits_1.0_FREE/Assets/obj/food_vegetableburger.mtl
  artifactKey: Guid(ba4b102dfff284d93b0930ea35ed50f0) Importer(2089858483,0ecaa5967403d082aa24f35e1b516d23)
Start importing Assets/Art/KayKit_Restaurant_Bits_1.0_FREE/Assets/obj/food_vegetableburger.mtl using Guid(ba4b102dfff284d93b0930ea35ed50f0) Importer(2089858483,0ecaa5967403d082aa24f35e1b516d23) [PhysX] Initialized MultithreadedTaskDispatcher with 12 workers.
 -> (artifact id: '484d993144037b6be37ab393b974d7b6') in 0.001015 seconds
Number of updated asset objects reloaded before import = 0
Number of asset objects unloaded after import = 1
========================================================================
Received Import Request.
  Time since last request: 0.000055 seconds.
  path: Assets/Art/KayKit_Restaurant_Bits_1.0_FREE/Assets/obj/chair_A.mtl
  artifactKey: Guid(bfac9bb9548f54e729114dd21f65259b) Importer(2089858483,0ecaa5967403d082aa24f35e1b516d23)
Start importing Assets/Art/KayKit_Restaurant_Bits_1.0_FREE/Assets/obj/chair_A.mtl using Guid(bfac9bb9548f54e729114dd21f65259b) Importer(2089858483,0ecaa5967403d082aa24f35e1b516d23) [PhysX] Initialized MultithreadedTaskDispatcher with 12 workers.
 -> (artifact id: '67c13788e03b30cd2cec7306457e06c1') in 0.000875 seconds
Number of updated asset objects reloaded before import = 0
Number of asset objects unloaded after import = 1
========================================================================
Received Import Request.
  Time since last request: 0.000072 seconds.
  path: Assets/Art/KayKit_Restaurant_Bits_1.0_FREE/Assets/gltf/wall_window_closed.gltf
  artifactKey: Guid(4a86870233bbf4f2a8fa7c8b619398d8) Importer(2089858483,0ecaa5967403d082aa24f35e1b516d23)
Start importing Assets/Art/KayKit_Restaurant_Bits_1.0_FREE/Assets/gltf/wall_window_closed.gltf using Guid(4a86870233bbf4f2a8fa7c8b619398d8) Importer(2089858483,0ecaa5967403d082aa24f35e1b516d23) [PhysX] Initialized MultithreadedTaskDispatcher with 12 workers.
 -> (artifact id: '0361d548a156f7fae870522b63467a64') in 0.000892 seconds
Number of updated asset objects reloaded before import = 0
Number of asset objects unloaded after import = 1
========================================================================
Received Import Request.
  Time since last request: 0.000098 seconds.
  path: Assets/Art/KayKit_Restaurant_Bits_1.0_FREE/Assets/gltf/stove_multi_decorated.bin
  artifactKey: Guid(d2ea1e5cc6b78479789580e6a9c0c581) Importer(2089858483,0ecaa5967403d082aa24f35e1b516d23)
Start importing Assets/Art/KayKit_Restaurant_Bits_1.0_FREE/Assets/gltf/stove_multi_decorated.bin using Guid(d2ea1e5cc6b78479789580e6a9c0c581) Importer(2089858483,0ecaa5967403d082aa24f35e1b516d23) [PhysX] Initialized MultithreadedTaskDispatcher with 12 workers.
 -> (artifact id: 'd1303d144f56de0f86854bdf440aa1b5') in 0.001382 seconds
Number of updated asset objects reloaded before import = 0
Number of asset objects unloaded after import = 1
========================================================================
Received Import Request.
  Time since last request: 0.000065 seconds.
  path: Assets/Art/KayKit_Restaurant_Bits_1.0_FREE/Assets/obj/bowl_dirty.mtl
  artifactKey: Guid(6b47cf4ac2143464b870843061514a21) Importer(2089858483,0ecaa5967403d082aa24f35e1b516d23)
Start importing Assets/Art/KayKit_Restaurant_Bits_1.0_FREE/Assets/obj/bowl_dirty.mtl using Guid(6b47cf4ac2143464b870843061514a21) Importer(2089858483,0ecaa5967403d082aa24f35e1b516d23) [PhysX] Initialized MultithreadedTaskDispatcher with 12 workers.
 -> (artifact id: 'b87d5c104d4772792131277ccb314512') in 0.000741 seconds
Number of updated asset objects reloaded before import = 0
Number of asset objects unloaded after import = 1
========================================================================
Received Import Request.
  Time since last request: 0.000045 seconds.
  path: Assets/Art/KayKit_Restaurant_Bits_1.0_FREE/Assets/gltf/pillar_B.gltf
  artifactKey: Guid(fcf77039ab6c9417a915d7729c45810f) Importer(2089858483,0ecaa5967403d082aa24f35e1b516d23)
Start importing Assets/Art/KayKit_Restaurant_Bits_1.0_FREE/Assets/gltf/pillar_B.gltf using Guid(fcf77039ab6c9417a915d7729c45810f) Importer(2089858483,0ecaa5967403d082aa24f35e1b516d23) [PhysX] Initialized MultithreadedTaskDispatcher with 12 workers.
 -> (artifact id: '67e42da00050225b987c365804e46d5f') in 0.000719 seconds
Number of updated asset objects reloaded before import = 0
Number of asset objects unloaded after import = 1
========================================================================
Received Import Request.
  Time since last request: 0.000058 seconds.
  path: Assets/Art/KayKit_Restaurant_Bits_1.0_FREE/Assets/obj/crate_buns.mtl
  artifactKey: Guid(7b995a71f317e423dbae7a90fd85bd82) Importer(2089858483,0ecaa5967403d082aa24f35e1b516d23)
Start importing Assets/Art/KayKit_Restaurant_Bits_1.0_FREE/Assets/obj/crate_buns.mtl using Guid(7b995a71f317e423dbae7a90fd85bd82) Importer(2089858483,0ecaa5967403d082aa24f35e1b516d23) [PhysX] Initialized MultithreadedTaskDispatcher with 12 workers.
 -> (artifact id: '1bf9b485a2407bd2066933ba5bee6636') in 0.000737 seconds
Number of updated asset objects reloaded before import = 0
Number of asset objects unloaded after import = 1
========================================================================
Received Import Request.
  Time since last request: 0.000063 seconds.
  path: Assets/Art/KayKit_Restaurant_Bits_1.0_FREE/Assets/obj/crate_tomatoes.mtl
  artifactKey: Guid(c16471ac112da4bdcbaab27177aa0d86) Importer(2089858483,0ecaa5967403d082aa24f35e1b516d23)
Start importing Assets/Art/KayKit_Restaurant_Bits_1.0_FREE/Assets/obj/crate_tomatoes.mtl using Guid(c16471ac112da4bdcbaab27177aa0d86) Importer(2089858483,0ecaa5967403d082aa24f35e1b516d23) [PhysX] Initialized MultithreadedTaskDispatcher with 12 workers.
 -> (artifact id: '2a92a4423eeec89c794bb72b8f6b25ee') in 0.000732 seconds
Number of updated asset objects reloaded before import = 0
Number of asset objects unloaded after import = 1
========================================================================
Received Import Request.
  Time since last request: 0.000105 seconds.
  path: Assets/Art/KayKit_Restaurant_Bits_1.0_FREE/Assets/gltf/pan_B.gltf
  artifactKey: Guid(6251c5b43fc5e472c9092388c91d4a4e) Importer(2089858483,0ecaa5967403d082aa24f35e1b516d23)
Start importing Assets/Art/KayKit_Restaurant_Bits_1.0_FREE/Assets/gltf/pan_B.gltf using Guid(6251c5b43fc5e472c9092388c91d4a4e) Importer(2089858483,0ecaa5967403d082aa24f35e1b516d23) [PhysX] Initialized MultithreadedTaskDispatcher with 12 workers.
 -> (artifact id: '68635057a7688aab7630162e5a9e6ea9') in 0.000766 seconds
Number of updated asset objects reloaded before import = 0
Number of asset objects unloaded after import = 1
========================================================================
Received Import Request.
  Time since last request: 0.000057 seconds.
  path: Assets/Art/KayKit_Restaurant_Bits_1.0_FREE/Assets/obj/food_ingredient_lettuce.mtl
  artifactKey: Guid(fdaee51432a0d420c84f1649ee6428f0) Importer(2089858483,0ecaa5967403d082aa24f35e1b516d23)
Start importing Assets/Art/KayKit_Restaurant_Bits_1.0_FREE/Assets/obj/food_ingredient_lettuce.mtl using Guid(fdaee51432a0d420c84f1649ee6428f0) Importer(2089858483,0ecaa5967403d082aa24f35e1b516d23) [PhysX] Initialized MultithreadedTaskDispatcher with 12 workers.
 -> (artifact id: '32b8cf5535536db30e8321c67ba70605') in 0.001195 seconds
Number of updated asset objects reloaded before import = 0
Number of asset objects unloaded after import = 1
========================================================================
Received Import Request.
  Time since last request: 0.000071 seconds.
  path: Assets/Art/KayKit_Restaurant_Bits_1.0_FREE/Assets/obj/crate_lettuce.mtl
  artifactKey: Guid(c854a7165306043548965970fb28b4b0) Importer(2089858483,0ecaa5967403d082aa24f35e1b516d23)
Start importing Assets/Art/KayKit_Restaurant_Bits_1.0_FREE/Assets/obj/crate_lettuce.mtl using Guid(c854a7165306043548965970fb28b4b0) Importer(2089858483,0ecaa5967403d082aa24f35e1b516d23) [PhysX] Initialized MultithreadedTaskDispatcher with 12 workers.
 -> (artifact id: 'e39f459d52dc25624ea57971711644b7') in 0.001491 seconds
Number of updated asset objects reloaded before import = 0
Number of asset objects unloaded after import = 1
========================================================================
Received Import Request.
  Time since last request: 0.000056 seconds.
  path: Assets/Art/KayKit_Restaurant_Bits_1.0_FREE/Assets/obj/food_ingredient_tomato.obj
  artifactKey: Guid(2363cede9aac643ebb29783934935a9c) Importer(2089858483,0ecaa5967403d082aa24f35e1b516d23)
Start importing Assets/Art/KayKit_Restaurant_Bits_1.0_FREE/Assets/obj/food_ingredient_tomato.obj using Guid(2363cede9aac643ebb29783934935a9c) Importer(2089858483,0ecaa5967403d082aa24f35e1b516d23) [PhysX] Initialized MultithreadedTaskDispatcher with 12 workers.
 -> (artifact id: '2407b79c5bac4035e552ebc261664e4c') in 0.005774 seconds
Number of updated asset objects reloaded before import = 0
Number of asset objects unloaded after import = 11
========================================================================
Received Import Request.
  Time since last request: 0.000036 seconds.
  path: Assets/Art/KayKit_Restaurant_Bits_1.0_FREE/Assets/obj/food_ingredient_burger_uncooked.mtl
  artifactKey: Guid(6776951899a204bbea139cbb5bbaf141) Importer(2089858483,0ecaa5967403d082aa24f35e1b516d23)
Start importing Assets/Art/KayKit_Restaurant_Bits_1.0_FREE/Assets/obj/food_ingredient_burger_uncooked.mtl using Guid(6776951899a204bbea139cbb5bbaf141) Importer(2089858483,0ecaa5967403d082aa24f35e1b516d23) [PhysX] Initialized MultithreadedTaskDispatcher with 12 workers.
 -> (artifact id: '63003f4184061ad981f8968c8f5f3402') in 0.001237 seconds
Number of updated asset objects reloaded before import = 0
Number of asset objects unloaded after import = 1
========================================================================
Received Import Request.
  Time since last request: 0.000061 seconds.
  path: Assets/Art/KayKit_Restaurant_Bits_1.0_FREE/Assets/obj/food_ingredient_steak_pieces.mtl
  artifactKey: Guid(9906f7e47d64048ed86831969cea7d6a) Importer(2089858483,0ecaa5967403d082aa24f35e1b516d23)
Start importing Assets/Art/KayKit_Restaurant_Bits_1.0_FREE/Assets/obj/food_ingredient_steak_pieces.mtl using Guid(9906f7e47d64048ed86831969cea7d6a) Importer(2089858483,0ecaa5967403d082aa24f35e1b516d23) [PhysX] Initialized MultithreadedTaskDispatcher with 12 workers.
 -> (artifact id: '81270e74b8758eb26478e7da38f3a6e3') in 0.001097 seconds
Number of updated asset objects reloaded before import = 0
Number of asset objects unloaded after import = 1
========================================================================
Received Import Request.
  Time since last request: 0.000062 seconds.
  path: Assets/Art/KayKit_Restaurant_Bits_1.0_FREE/Assets/obj/food_ingredient_bun.obj
  artifactKey: Guid(ea6ab70a1bda141daa41a000d147ba33) Importer(2089858483,0ecaa5967403d082aa24f35e1b516d23)
Start importing Assets/Art/KayKit_Restaurant_Bits_1.0_FREE/Assets/obj/food_ingredient_bun.obj using Guid(ea6ab70a1bda141daa41a000d147ba33) Importer(2089858483,0ecaa5967403d082aa24f35e1b516d23) [PhysX] Initialized MultithreadedTaskDispatcher with 12 workers.
 -> (artifact id: 'f259f4dba21491c1389287c20cf3406c') in 0.006187 seconds
Number of updated asset objects reloaded before import = 0
Number of asset objects unloaded after import = 11
========================================================================
Received Import Request.
  Time since last request: 0.000031 seconds.
  path: Assets/Art/KayKit_Restaurant_Bits_1.0_FREE/Assets/obj/bowl_small.obj
  artifactKey: Guid(13a855c925adf42d3bf874d6fb02bada) Importer(2089858483,0ecaa5967403d082aa24f35e1b516d23)
Start importing Assets/Art/KayKit_Restaurant_Bits_1.0_FREE/Assets/obj/bowl_small.obj using Guid(13a855c925adf42d3bf874d6fb02bada) Importer(2089858483,0ecaa5967403d082aa24f35e1b516d23) [PhysX] Initialized MultithreadedTaskDispatcher with 12 workers.
 -> (artifact id: 'ac19c6f67835528c78689c701a54faa8') in 0.005826 seconds
Number of updated asset objects reloaded before import = 0
Number of asset objects unloaded after import = 11
========================================================================
Received Import Request.
  Time since last request: 0.000029 seconds.
  path: Assets/Art/KayKit_Restaurant_Bits_1.0_FREE/Assets/obj/food_ingredient_potato.mtl
  artifactKey: Guid(be6d47fccd3a349529ed742712c037e5) Importer(2089858483,0ecaa5967403d082aa24f35e1b516d23)
Start importing Assets/Art/KayKit_Restaurant_Bits_1.0_FREE/Assets/obj/food_ingredient_potato.mtl using Guid(be6d47fccd3a349529ed742712c037e5) Importer(2089858483,0ecaa5967403d082aa24f35e1b516d23) [PhysX] Initialized MultithreadedTaskDispatcher with 12 workers.
 -> (artifact id: 'ba4825e359430db44bbbfeaebb29891e') in 0.001294 seconds
Number of updated asset objects reloaded before import = 0
Number of asset objects unloaded after import = 1
========================================================================
Received Import Request.
  Time since last request: 0.312519 seconds.
  path: Assets/Art/KayKit_Restaurant_Bits_1.0_FREE/Assets/obj/jar_A_large.mtl
  artifactKey: Guid(625dfb64e474649a9b9aa44d76bf2d38) Importer(2089858483,0ecaa5967403d082aa24f35e1b516d23)
Start importing Assets/Art/KayKit_Restaurant_Bits_1.0_FREE/Assets/obj/jar_A_large.mtl using Guid(625dfb64e474649a9b9aa44d76bf2d38) Importer(2089858483,0ecaa5967403d082aa24f35e1b516d23) [PhysX] Initialized MultithreadedTaskDispatcher with 12 workers.
 -> (artifact id: '2f2f4d9c1cc2ac6760d2c94b713d9bae') in 0.003338 seconds
Number of updated asset objects reloaded before import = 0
Number of asset objects unloaded after import = 1
========================================================================
Received Import Request.
  Time since last request: 0.000146 seconds.
  path: Assets/Art/KayKit_Restaurant_Bits_1.0_FREE/Assets/obj/kitchencounter_straight_A_decorated.mtl
  artifactKey: Guid(0fe9392f5cc3541c09e42f443b83c5ea) Importer(2089858483,0ecaa5967403d082aa24f35e1b516d23)
Start importing Assets/Art/KayKit_Restaurant_Bits_1.0_FREE/Assets/obj/kitchencounter_straight_A_decorated.mtl using Guid(0fe9392f5cc3541c09e42f443b83c5ea) Importer(2089858483,0ecaa5967403d082aa24f35e1b516d23) [PhysX] Initialized MultithreadedTaskDispatcher with 12 workers.
 -> (artifact id: '967f4ee3419e2b4ae01011c63f64a2b0') in 0.002319 seconds
Number of updated asset objects reloaded before import = 0
Number of asset objects unloaded after import = 1
========================================================================
Received Import Request.
  Time since last request: 0.000127 seconds.
  path: Assets/Art/KayKit_Restaurant_Bits_1.0_FREE/Assets/obj/pan_006.obj
  artifactKey: Guid(994cbade2792b450bbe96d5566130192) Importer(2089858483,0ecaa5967403d082aa24f35e1b516d23)
Start importing Assets/Art/KayKit_Restaurant_Bits_1.0_FREE/Assets/obj/pan_006.obj using Guid(994cbade2792b450bbe96d5566130192) Importer(2089858483,0ecaa5967403d082aa24f35e1b516d23) [PhysX] Initialized MultithreadedTaskDispatcher with 12 workers.
 -> (artifact id: 'c80ea140451dbe1977fe118bdd1fd2e8') in 0.010364 seconds
Number of updated asset objects reloaded before import = 0
Number of asset objects unloaded after import = 11
========================================================================
Received Import Request.
  Time since last request: 0.000035 seconds.
  path: Assets/Art/KayKit_Restaurant_Bits_1.0_FREE/Assets/obj/jar_A_small.obj
  artifactKey: Guid(4680182d388ef45d5b150ff21ba5708b) Importer(2089858483,0ecaa5967403d082aa24f35e1b516d23)
Start importing Assets/Art/KayKit_Restaurant_Bits_1.0_FREE/Assets/obj/jar_A_small.obj using Guid(4680182d388ef45d5b150ff21ba5708b) Importer(2089858483,0ecaa5967403d082aa24f35e1b516d23) [PhysX] Initialized MultithreadedTaskDispatcher with 12 workers.
 -> (artifact id: 'd1bb26867d6865a221f2ed64ee085933') in 0.009295 seconds
Number of updated asset objects reloaded before import = 0
Number of asset objects unloaded after import = 11
========================================================================
Received Import Request.
  Time since last request: 0.000035 seconds.
  path: Assets/Art/KayKit_Restaurant_Bits_1.0_FREE/Assets/obj/stove_single_countertop.mtl
  artifactKey: Guid(1b09a188576fe4f28a066d3685384847) Importer(2089858483,0ecaa5967403d082aa24f35e1b516d23)
Start importing Assets/Art/KayKit_Restaurant_Bits_1.0_FREE/Assets/obj/stove_single_countertop.mtl using Guid(1b09a188576fe4f28a066d3685384847) Importer(2089858483,0ecaa5967403d082aa24f35e1b516d23) [PhysX] Initialized MultithreadedTaskDispatcher with 12 workers.
 -> (artifact id: '3d7ef9ac503e22084483d74acef9d4af') in 0.001404 seconds
Number of updated asset objects reloaded before import = 0
Number of asset objects unloaded after import = 1
========================================================================
Received Import Request.
  Time since last request: 0.000060 seconds.
  path: Assets/Art/KayKit_Restaurant_Bits_1.0_FREE/Assets/obj/wall.obj
  artifactKey: Guid(98dfbf62898684244aa1fc883bb796d8) Importer(2089858483,0ecaa5967403d082aa24f35e1b516d23)
Start importing Assets/Art/KayKit_Restaurant_Bits_1.0_FREE/Assets/obj/wall.obj using Guid(98dfbf62898684244aa1fc883bb796d8) Importer(2089858483,0ecaa5967403d082aa24f35e1b516d23) [PhysX] Initialized MultithreadedTaskDispatcher with 12 workers.
 -> (artifact id: '3e38b3a4ec10ecf1f06bfdc37c987ca7') in 0.008505 seconds
Number of updated asset objects reloaded before import = 0
Number of asset objects unloaded after import = 11
========================================================================
Received Import Request.
  Time since last request: 0.000105 seconds.
  path: Assets/Art/KayKit_Restaurant_Bits_1.0_FREE/Assets/obj/kitchencounter_outercorner_backsplash.mtl
  artifactKey: Guid(f03bcbd36ef0c42dcac638987bf36e20) Importer(2089858483,0ecaa5967403d082aa24f35e1b516d23)
Start importing Assets/Art/KayKit_Restaurant_Bits_1.0_FREE/Assets/obj/kitchencounter_outercorner_backsplash.mtl using Guid(f03bcbd36ef0c42dcac638987bf36e20) Importer(2089858483,0ecaa5967403d082aa24f35e1b516d23) [PhysX] Initialized MultithreadedTaskDispatcher with 12 workers.
 -> (artifact id: '164aabf210e9376de7e85d2511f2bac5') in 0.001753 seconds
Number of updated asset objects reloaded before import = 0
Number of asset objects unloaded after import = 1
========================================================================
Received Import Request.
  Time since last request: 0.000062 seconds.
  path: Assets/Art/KayKit_Restaurant_Bits_1.0_FREE/Assets/obj/jar_A_small.mtl
  artifactKey: Guid(746338789f534401ba79cd9480c40dae) Importer(2089858483,0ecaa5967403d082aa24f35e1b516d23)
Start importing Assets/Art/KayKit_Restaurant_Bits_1.0_FREE/Assets/obj/jar_A_small.mtl using Guid(746338789f534401ba79cd9480c40dae) Importer(2089858483,0ecaa5967403d082aa24f35e1b516d23) [PhysX] Initialized MultithreadedTaskDispatcher with 12 workers.
 -> (artifact id: '7f91078c3517770b1bef53e2847a63de') in 0.000977 seconds
Number of updated asset objects reloaded before import = 0
Number of asset objects unloaded after import = 1
========================================================================
Received Import Request.
  Time since last request: 0.000069 seconds.
  path: Assets/Art/KayKit_Restaurant_Bits_1.0_FREE/Assets/obj/lid_large.mtl
  artifactKey: Guid(7d1e6ce6fe30e4d74b933a4b6a4ad597) Importer(2089858483,0ecaa5967403d082aa24f35e1b516d23)
Start importing Assets/Art/KayKit_Restaurant_Bits_1.0_FREE/Assets/obj/lid_large.mtl using Guid(7d1e6ce6fe30e4d74b933a4b6a4ad597) Importer(2089858483,0ecaa5967403d082aa24f35e1b516d23) [PhysX] Initialized MultithreadedTaskDispatcher with 12 workers.
 -> (artifact id: '6f83c6c6347e44cb73eb4c3b2c00845c') in 0.001115 seconds
Number of updated asset objects reloaded before import = 0
Number of asset objects unloaded after import = 1
========================================================================
Received Import Request.
  Time since last request: 0.000079 seconds.
  path: Assets/Art/KayKit_Restaurant_Bits_1.0_FREE/Assets/obj/stove_multi.mtl
  artifactKey: Guid(b8205df086aac499f8b5a1d76ae1a46b) Importer(2089858483,0ecaa5967403d082aa24f35e1b516d23)
Start importing Assets/Art/KayKit_Restaurant_Bits_1.0_FREE/Assets/obj/stove_multi.mtl using Guid(b8205df086aac499f8b5a1d76ae1a46b) Importer(2089858483,0ecaa5967403d082aa24f35e1b516d23) [PhysX] Initialized MultithreadedTaskDispatcher with 12 workers.
 -> (artifact id: 'b46780e0ad54b87d8cb353e3f922108e') in 0.001732 seconds
Number of updated asset objects reloaded before import = 0
Number of asset objects unloaded after import = 1
========================================================================
Received Import Request.
  Time since last request: 0.000072 seconds.
  path: Assets/Art/KayKit_Restaurant_Bits_1.0_FREE/Assets/obj/pot_A_stew.mtl
  artifactKey: Guid(7dd80ea41b24c45a0abf78ce60dedb43) Importer(2089858483,0ecaa5967403d082aa24f35e1b516d23)
Start importing Assets/Art/KayKit_Restaurant_Bits_1.0_FREE/Assets/obj/pot_A_stew.mtl using Guid(7dd80ea41b24c45a0abf78ce60dedb43) Importer(2089858483,0ecaa5967403d082aa24f35e1b516d23) [PhysX] Initialized MultithreadedTaskDispatcher with 12 workers.
 -> (artifact id: 'de208b753c269593b397554b018f5703') in 0.001075 seconds
Number of updated asset objects reloaded before import = 0
Number of asset objects unloaded after import = 1
========================================================================
Received Import Request.
  Time since last request: 0.000064 seconds.
  path: Assets/Art/KayKit_Restaurant_Bits_1.0_FREE/Assets/obj/kitchencounter_straight_B.mtl
  artifactKey: Guid(a574758fb49d0431ab8e0ccee84f6606) Importer(2089858483,0ecaa5967403d082aa24f35e1b516d23)
Start importing Assets/Art/KayKit_Restaurant_Bits_1.0_FREE/Assets/obj/kitchencounter_straight_B.mtl using Guid(a574758fb49d0431ab8e0ccee84f6606) Importer(2089858483,0ecaa5967403d082aa24f35e1b516d23) [PhysX] Initialized MultithreadedTaskDispatcher with 12 workers.
 -> (artifact id: '0d46b869099a242f12214e770d518b90') in 0.001224 seconds
Number of updated asset objects reloaded before import = 0
Number of asset objects unloaded after import = 1
========================================================================
Received Import Request.
  Time since last request: 0.000082 seconds.
  path: Assets/Art/KayKit_Restaurant_Bits_1.0_FREE/Assets/obj/pillar_B.mtl
  artifactKey: Guid(6d49a6850e75d4e6389a70a103442897) Importer(2089858483,0ecaa5967403d082aa24f35e1b516d23)
Start importing Assets/Art/KayKit_Restaurant_Bits_1.0_FREE/Assets/obj/pillar_B.mtl using Guid(6d49a6850e75d4e6389a70a103442897) Importer(2089858483,0ecaa5967403d082aa24f35e1b516d23) [PhysX] Initialized MultithreadedTaskDispatcher with 12 workers.
 -> (artifact id: 'dea6298fae84956c6c73db468f365474') in 0.001015 seconds
Number of updated asset objects reloaded before import = 0
Number of asset objects unloaded after import = 1
========================================================================
Received Import Request.
  Time since last request: 0.000056 seconds.
  path: Assets/Art/KayKit_Restaurant_Bits_1.0_FREE/Assets/obj/jar_D_medium.obj
  artifactKey: Guid(85b368d12fbd6469eb2e678c7abb5197) Importer(2089858483,0ecaa5967403d082aa24f35e1b516d23)
Start importing Assets/Art/KayKit_Restaurant_Bits_1.0_FREE/Assets/obj/jar_D_medium.obj using Guid(85b368d12fbd6469eb2e678c7abb5197) Importer(2089858483,0ecaa5967403d082aa24f35e1b516d23) [PhysX] Initialized MultithreadedTaskDispatcher with 12 workers.
 -> (artifact id: '508f964894116ac802b1818bd6b4116d') in 0.006282 seconds
Number of updated asset objects reloaded before import = 0
Number of asset objects unloaded after import = 11
========================================================================
Received Import Request.
  Time since last request: 0.000027 seconds.
  path: Assets/Art/KayKit_Restaurant_Bits_1.0_FREE/Assets/obj/kitchentable_sink_large.obj
  artifactKey: Guid(cec8f34b219e845d49b1bdb284bacb2b) Importer(2089858483,0ecaa5967403d082aa24f35e1b516d23)
Start importing Assets/Art/KayKit_Restaurant_Bits_1.0_FREE/Assets/obj/kitchentable_sink_large.obj using Guid(cec8f34b219e845d49b1bdb284bacb2b) Importer(2089858483,0ecaa5967403d082aa24f35e1b516d23) [PhysX] Initialized MultithreadedTaskDispatcher with 12 workers.
 -> (artifact id: '80a519e921aabe4cf19e2a338414fa94') in 0.007143 seconds
Number of updated asset objects reloaded before import = 0
Number of asset objects unloaded after import = 11
========================================================================
Received Import Request.
  Time since last request: 0.000027 seconds.
  path: Assets/Art/KayKit_Restaurant_Bits_1.0_FREE/Assets/obj/pan_A.obj
  artifactKey: Guid(fc2e60c715e104e05aea75b46e9c003d) Importer(2089858483,0ecaa5967403d082aa24f35e1b516d23)
Start importing Assets/Art/KayKit_Restaurant_Bits_1.0_FREE/Assets/obj/pan_A.obj using Guid(fc2e60c715e104e05aea75b46e9c003d) Importer(2089858483,0ecaa5967403d082aa24f35e1b516d23) [PhysX] Initialized MultithreadedTaskDispatcher with 12 workers.
 -> (artifact id: '2b44ff4ef03a2a154bb7dc4575c00c34') in 0.005848 seconds
Number of updated asset objects reloaded before import = 0
Number of asset objects unloaded after import = 11
========================================================================
Received Import Request.
  Time since last request: 0.000042 seconds.
  path: Assets/Art/KayKit_Restaurant_Bits_1.0_FREE/Assets/obj/kitchencounter_sink.mtl
  artifactKey: Guid(2d89b9b59dc5f44dca13801cdbc92d5f) Importer(2089858483,0ecaa5967403d082aa24f35e1b516d23)
Start importing Assets/Art/KayKit_Restaurant_Bits_1.0_FREE/Assets/obj/kitchencounter_sink.mtl using Guid(2d89b9b59dc5f44dca13801cdbc92d5f) Importer(2089858483,0ecaa5967403d082aa24f35e1b516d23) [PhysX] Initialized MultithreadedTaskDispatcher with 12 workers.
 -> (artifact id: '5253088f006898f0e49e796f334e540e') in 0.001007 seconds
Number of updated asset objects reloaded before import = 0
Number of asset objects unloaded after import = 1
========================================================================
Received Import Request.
  Time since last request: 0.000123 seconds.
  path: Assets/Art/KayKit_Restaurant_Bits_1.0_FREE/Assets/obj/wall_decorated.obj
  artifactKey: Guid(856f42e60730e46719d05dd9616b6e97) Importer(2089858483,0ecaa5967403d082aa24f35e1b516d23)
Start importing Assets/Art/KayKit_Restaurant_Bits_1.0_FREE/Assets/obj/wall_decorated.obj using Guid(856f42e60730e46719d05dd9616b6e97) Importer(2089858483,0ecaa5967403d082aa24f35e1b516d23) [PhysX] Initialized MultithreadedTaskDispatcher with 12 workers.
 -> (artifact id: '66d2e1532476256769e4465949e0ba49') in 0.006053 seconds
Number of updated asset objects reloaded before import = 0
Number of asset objects unloaded after import = 11
========================================================================
Received Import Request.
  Time since last request: 0.000026 seconds.
  path: Assets/Art/KayKit_Restaurant_Bits_1.0_FREE/Assets/obj/kitchencabinet_half.obj
  artifactKey: Guid(b1d92669a6f4c4575abc4cb585eae857) Importer(2089858483,0ecaa5967403d082aa24f35e1b516d23)
Start importing Assets/Art/KayKit_Restaurant_Bits_1.0_FREE/Assets/obj/kitchencabinet_half.obj using Guid(b1d92669a6f4c4575abc4cb585eae857) Importer(2089858483,0ecaa5967403d082aa24f35e1b516d23) [PhysX] Initialized MultithreadedTaskDispatcher with 12 workers.
 -> (artifact id: '676f52abd7a2cd75706eb572930d5e9a') in 0.006043 seconds
Number of updated asset objects reloaded before import = 0
Number of asset objects unloaded after import = 11
========================================================================
Received Import Request.
  Time since last request: 0.000024 seconds.
  path: Assets/Art/KayKit_Restaurant_Bits_1.0_FREE/Assets/obj/wall_orderwindow.obj
  artifactKey: Guid(c5328db6be5cc43cebf25fc961401552) Importer(2089858483,0ecaa5967403d082aa24f35e1b516d23)
Start importing Assets/Art/KayKit_Restaurant_Bits_1.0_FREE/Assets/obj/wall_orderwindow.obj using Guid(c5328db6be5cc43cebf25fc961401552) Importer(2089858483,0ecaa5967403d082aa24f35e1b516d23) [PhysX] Initialized MultithreadedTaskDispatcher with 12 workers.
 -> (artifact id: '90b2451d1f4df18533252a0cdaadfb14') in 0.005562 seconds
Number of updated asset objects reloaded before import = 0
Number of asset objects unloaded after import = 11
========================================================================
Received Import Request.
  Time since last request: 0.000025 seconds.
  path: Assets/Art/KayKit_Restaurant_Bits_1.0_FREE/Assets/obj/kitchencounter_straight_B_backsplash.mtl
  artifactKey: Guid(e00cad252ef6e4a5ebefacf3453afdf4) Importer(2089858483,0ecaa5967403d082aa24f35e1b516d23)
Start importing Assets/Art/KayKit_Restaurant_Bits_1.0_FREE/Assets/obj/kitchencounter_straight_B_backsplash.mtl using Guid(e00cad252ef6e4a5ebefacf3453afdf4) Importer(2089858483,0ecaa5967403d082aa24f35e1b516d23) [PhysX] Initialized MultithreadedTaskDispatcher with 12 workers.
 -> (artifact id: '5e0959765dc1f0ffd3b8ac583214adee') in 0.001026 seconds
Number of updated asset objects reloaded before import = 0
Number of asset objects unloaded after import = 1
========================================================================
Received Import Request.
  Time since last request: 0.000061 seconds.
  path: Assets/Art/KayKit_Restaurant_Bits_1.0_FREE/Assets/obj/kitchentable_sink_large.mtl
  artifactKey: Guid(952fe5d22eb5b4a679d486adf268b7a8) Importer(2089858483,0ecaa5967403d082aa24f35e1b516d23)
Start importing Assets/Art/KayKit_Restaurant_Bits_1.0_FREE/Assets/obj/kitchentable_sink_large.mtl using Guid(952fe5d22eb5b4a679d486adf268b7a8) Importer(2089858483,0ecaa5967403d082aa24f35e1b516d23) [PhysX] Initialized MultithreadedTaskDispatcher with 12 workers.
 -> (artifact id: 'c024cfb1905f33bf27fb4933b72988d2') in 0.001495 seconds
Number of updated asset objects reloaded before import = 0
Number of asset objects unloaded after import = 1
========================================================================
Received Import Request.
  Time since last request: 0.000054 seconds.
  path: Assets/Art/KayKit_Restaurant_Bits_1.0_FREE/Assets/obj/table_round_A_decorated.mtl
  artifactKey: Guid(83e0b9cdbba08409597bab037205d34e) Importer(2089858483,0ecaa5967403d082aa24f35e1b516d23)
Start importing Assets/Art/KayKit_Restaurant_Bits_1.0_FREE/Assets/obj/table_round_A_decorated.mtl using Guid(83e0b9cdbba08409597bab037205d34e) Importer(2089858483,0ecaa5967403d082aa24f35e1b516d23) [PhysX] Initialized MultithreadedTaskDispatcher with 12 workers.
 -> (artifact id: '66a89ceb1e042798c93912c36e98bdce') in 0.000840 seconds
Number of updated asset objects reloaded before import = 0
Number of asset objects unloaded after import = 1
========================================================================
Received Import Request.
  Time since last request: 0.000118 seconds.
  path: Assets/Art/KayKit_Restaurant_Bits_1.0_FREE/Assets/obj/mustard.mtl
  artifactKey: Guid(e890f061c642042fdb7d79bb7067ef12) Importer(2089858483,0ecaa5967403d082aa24f35e1b516d23)
Start importing Assets/Art/KayKit_Restaurant_Bits_1.0_FREE/Assets/obj/mustard.mtl using Guid(e890f061c642042fdb7d79bb7067ef12) Importer(2089858483,0ecaa5967403d082aa24f35e1b516d23) [PhysX] Initialized MultithreadedTaskDispatcher with 12 workers.
 -> (artifact id: 'a24bc04190a7fdafa5a55fd683293b97') in 0.000726 seconds
Number of updated asset objects reloaded before import = 0
Number of asset objects unloaded after import = 1
========================================================================
Received Import Request.
  Time since last request: 0.000052 seconds.
  path: Assets/Art/KayKit_Restaurant_Bits_1.0_FREE/Assets/obj/shelf_papertowel.obj
  artifactKey: Guid(f185204eebd82494aa79c5c0e2ca047f) Importer(2089858483,0ecaa5967403d082aa24f35e1b516d23)
Start importing Assets/Art/KayKit_Restaurant_Bits_1.0_FREE/Assets/obj/shelf_papertowel.obj using Guid(f185204eebd82494aa79c5c0e2ca047f) Importer(2089858483,0ecaa5967403d082aa24f35e1b516d23) [PhysX] Initialized MultithreadedTaskDispatcher with 12 workers.
 -> (artifact id: '7525d2d110592c10f2b07faedbeb0ca1') in 0.005350 seconds
Number of updated asset objects reloaded before import = 0
Number of asset objects unloaded after import = 11
========================================================================
Received Import Request.
  Time since last request: 0.000070 seconds.
  path: Assets/Art/KayKit_Restaurant_Bits_1.0_FREE/Assets/obj/shelf_papertowel.mtl
  artifactKey: Guid(19c45b4aea1fe4b1ea82b4e17140d692) Importer(2089858483,0ecaa5967403d082aa24f35e1b516d23)
Start importing Assets/Art/KayKit_Restaurant_Bits_1.0_FREE/Assets/obj/shelf_papertowel.mtl using Guid(19c45b4aea1fe4b1ea82b4e17140d692) Importer(2089858483,0ecaa5967403d082aa24f35e1b516d23) [PhysX] Initialized MultithreadedTaskDispatcher with 12 workers.
 -> (artifact id: 'a2eb3aadfd19616255a51e558674d7f3') in 0.001016 seconds
Number of updated asset objects reloaded before import = 0
Number of asset objects unloaded after import = 1
========================================================================
Received Import Request.
  Time since last request: 0.000052 seconds.
  path: Assets/Art/KayKit_Restaurant_Bits_1.0_FREE/Assets/obj/stove_single_countertop.obj
  artifactKey: Guid(f878ac28e9ea44a34a72d61165b49416) Importer(2089858483,0ecaa5967403d082aa24f35e1b516d23)
Start importing Assets/Art/KayKit_Restaurant_Bits_1.0_FREE/Assets/obj/stove_single_countertop.obj using Guid(f878ac28e9ea44a34a72d61165b49416) Importer(2089858483,0ecaa5967403d082aa24f35e1b516d23) [PhysX] Initialized MultithreadedTaskDispatcher with 12 workers.
 -> (artifact id: '2c0d2d3fa5049da4b449fcd9086fa0d7') in 0.006298 seconds
Number of updated asset objects reloaded before import = 0
Number of asset objects unloaded after import = 11
========================================================================
Received Import Request.
  Time since last request: 0.000054 seconds.
  path: Assets/Art/KayKit_Restaurant_Bits_1.0_FREE/Assets/obj/jar_D_small.mtl
  artifactKey: Guid(d40bbd10125964846984151d32a1e6bf) Importer(2089858483,0ecaa5967403d082aa24f35e1b516d23)
Start importing Assets/Art/KayKit_Restaurant_Bits_1.0_FREE/Assets/obj/jar_D_small.mtl using Guid(d40bbd10125964846984151d32a1e6bf) Importer(2089858483,0ecaa5967403d082aa24f35e1b516d23) [PhysX] Initialized MultithreadedTaskDispatcher with 12 workers.
 -> (artifact id: '9bc6644839c0272fba0494968c0584ba') in 0.001191 seconds
Number of updated asset objects reloaded before import = 0
Number of asset objects unloaded after import = 1
========================================================================
Received Import Request.
  Time since last request: 0.000075 seconds.
  path: Assets/Art/KayKit_Restaurant_Bits_1.0_FREE/Assets/obj/knife.obj
  artifactKey: Guid(379ca6058b6db4a62a80213a714f8735) Importer(2089858483,0ecaa5967403d082aa24f35e1b516d23)
Start importing Assets/Art/KayKit_Restaurant_Bits_1.0_FREE/Assets/obj/knife.obj using Guid(379ca6058b6db4a62a80213a714f8735) Importer(2089858483,0ecaa5967403d082aa24f35e1b516d23) [PhysX] Initialized MultithreadedTaskDispatcher with 12 workers.
 -> (artifact id: '2c43fcb349cb6747d5bebc0a2111ec62') in 0.005694 seconds
Number of updated asset objects reloaded before import = 0
Number of asset objects unloaded after import = 11
========================================================================
Received Import Request.
  Time since last request: 0.000042 seconds.
  path: Assets/Art/KayKit_Restaurant_Bits_1.0_FREE/Assets/obj/pillar_B.obj
  artifactKey: Guid(998f96e938fe043299b8cfaa5f0aa9bd) Importer(2089858483,0ecaa5967403d082aa24f35e1b516d23)
Start importing Assets/Art/KayKit_Restaurant_Bits_1.0_FREE/Assets/obj/pillar_B.obj using Guid(998f96e938fe043299b8cfaa5f0aa9bd) Importer(2089858483,0ecaa5967403d082aa24f35e1b516d23) [PhysX] Initialized MultithreadedTaskDispatcher with 12 workers.
 -> (artifact id: 'a736332984031413e39e525c5d21cd58') in 0.005500 seconds
Number of updated asset objects reloaded before import = 0
Number of asset objects unloaded after import = 11
========================================================================
Received Import Request.
  Time since last request: 0.000061 seconds.
  path: Assets/Art/KayKit_Restaurant_Bits_1.0_FREE/Assets/obj/stove_single.obj
  artifactKey: Guid(5c14285d824324e6b83718a554840f04) Importer(2089858483,0ecaa5967403d082aa24f35e1b516d23)
Start importing Assets/Art/KayKit_Restaurant_Bits_1.0_FREE/Assets/obj/stove_single.obj using Guid(5c14285d824324e6b83718a554840f04) Importer(2089858483,0ecaa5967403d082aa24f35e1b516d23) [PhysX] Initialized MultithreadedTaskDispatcher with 12 workers.
 -> (artifact id: 'd258dc6b2a993a07b5fa1b452ec2d8bc') in 0.005814 seconds
Number of updated asset objects reloaded before import = 0
Number of asset objects unloaded after import = 11
========================================================================
Received Import Request.
  Time since last request: 0.000028 seconds.
  path: Assets/Art/KayKit_Restaurant_Bits_1.0_FREE/Assets/obj/lid_B.obj
  artifactKey: Guid(3b4a29c5fcafd49d48d8fa1b1f4f0025) Importer(2089858483,0ecaa5967403d082aa24f35e1b516d23)
Start importing Assets/Art/KayKit_Restaurant_Bits_1.0_FREE/Assets/obj/lid_B.obj using Guid(3b4a29c5fcafd49d48d8fa1b1f4f0025) Importer(2089858483,0ecaa5967403d082aa24f35e1b516d23) [PhysX] Initialized MultithreadedTaskDispatcher with 12 workers.
 -> (artifact id: 'ead79acb20b3a377474b736bd0269a16') in 0.005339 seconds
Number of updated asset objects reloaded before import = 0
Number of asset objects unloaded after import = 11
========================================================================
Received Import Request.
  Time since last request: 0.000029 seconds.
  path: Assets/Art/KayKit_Restaurant_Bits_1.0_FREE/Assets/obj/pot_large.obj
  artifactKey: Guid(707f6c113a30549fba16dd4ed4b8c9aa) Importer(2089858483,0ecaa5967403d082aa24f35e1b516d23)
Start importing Assets/Art/KayKit_Restaurant_Bits_1.0_FREE/Assets/obj/pot_large.obj using Guid(707f6c113a30549fba16dd4ed4b8c9aa) Importer(2089858483,0ecaa5967403d082aa24f35e1b516d23) [PhysX] Initialized MultithreadedTaskDispatcher with 12 workers.
 -> (artifact id: 'c55ee13ea3fcf1e475211c857559ae74') in 0.005657 seconds
Number of updated asset objects reloaded before import = 0
Number of asset objects unloaded after import = 11
========================================================================
Received Import Request.
  Time since last request: 0.000030 seconds.
  path: Assets/Art/KayKit_Restaurant_Bits_1.0_FREE/Assets/obj/jar_C_small.mtl
  artifactKey: Guid(b32f4d5b9bd9c4d2a87c79ec721bec58) Importer(2089858483,0ecaa5967403d082aa24f35e1b516d23)
Start importing Assets/Art/KayKit_Restaurant_Bits_1.0_FREE/Assets/obj/jar_C_small.mtl using Guid(b32f4d5b9bd9c4d2a87c79ec721bec58) Importer(2089858483,0ecaa5967403d082aa24f35e1b516d23) [PhysX] Initialized MultithreadedTaskDispatcher with 12 workers.
 -> (artifact id: 'cec86c40fa8fb21d7529b4a3f0cbf77f') in 0.000921 seconds
Number of updated asset objects reloaded before import = 0
Number of asset objects unloaded after import = 1
========================================================================
Received Import Request.
  Time since last request: 0.000050 seconds.
  path: Assets/Art/KayKit_Restaurant_Bits_1.0_FREE/Assets/obj/wall_doorway.mtl
  artifactKey: Guid(1ee43faffb7f64e91b56d6cb69c4fb20) Importer(2089858483,0ecaa5967403d082aa24f35e1b516d23)
Start importing Assets/Art/KayKit_Restaurant_Bits_1.0_FREE/Assets/obj/wall_doorway.mtl using Guid(1ee43faffb7f64e91b56d6cb69c4fb20) Importer(2089858483,0ecaa5967403d082aa24f35e1b516d23) [PhysX] Initialized MultithreadedTaskDispatcher with 12 workers.
 -> (artifact id: 'e32eb4486bab380bd5d9f648abffec01') in 0.001248 seconds
Number of updated asset objects reloaded before import = 0
Number of asset objects unloaded after import = 1
========================================================================
Received Import Request.
  Time since last request: 0.000052 seconds.
  path: Assets/Art/KayKit_Restaurant_Bits_1.0_FREE/Assets/obj/stew_pot.mtl
  artifactKey: Guid(44cc8e51397db474d86540273b9fc802) Importer(2089858483,0ecaa5967403d082aa24f35e1b516d23)
Start importing Assets/Art/KayKit_Restaurant_Bits_1.0_FREE/Assets/obj/stew_pot.mtl using Guid(44cc8e51397db474d86540273b9fc802) Importer(2089858483,0ecaa5967403d082aa24f35e1b516d23) [PhysX] Initialized MultithreadedTaskDispatcher with 12 workers.
 -> (artifact id: '52f9b28a3bd4bf0e4b9b151db7a6c6fb') in 0.000805 seconds
Number of updated asset objects reloaded before import = 0
Number of asset objects unloaded after import = 1
========================================================================
Received Import Request.
  Time since last request: 0.000064 seconds.
  path: Assets/Art/KayKit_Restaurant_Bits_1.0_FREE/Assets/obj/plate_dirty.mtl
  artifactKey: Guid(77e498ce64fe74bb3988075d618e30d9) Importer(2089858483,0ecaa5967403d082aa24f35e1b516d23)
Start importing Assets/Art/KayKit_Restaurant_Bits_1.0_FREE/Assets/obj/plate_dirty.mtl using Guid(77e498ce64fe74bb3988075d618e30d9) Importer(2089858483,0ecaa5967403d082aa24f35e1b516d23) [PhysX] Initialized MultithreadedTaskDispatcher with 12 workers.
 -> (artifact id: '2b5c0a5c933cb609709142c3f7b73f2b') in 0.010694 seconds
Number of updated asset objects reloaded before import = 0
Number of asset objects unloaded after import = 1
========================================================================
Received Import Request.
  Time since last request: 0.000080 seconds.
  path: Assets/Art/KayKit_Restaurant_Bits_1.0_FREE/Assets/obj/pillar_A.obj
  artifactKey: Guid(b6bc018c74c9641398e69aaec944491e) Importer(2089858483,0ecaa5967403d082aa24f35e1b516d23)
Start importing Assets/Art/KayKit_Restaurant_Bits_1.0_FREE/Assets/obj/pillar_A.obj using Guid(b6bc018c74c9641398e69aaec944491e) Importer(2089858483,0ecaa5967403d082aa24f35e1b516d23) [PhysX] Initialized MultithreadedTaskDispatcher with 12 workers.
 -> (artifact id: '03502bebaaa62becbed838a19fbd6b65') in 0.005672 seconds
Number of updated asset objects reloaded before import = 0
Number of asset objects unloaded after import = 11
========================================================================
Received Import Request.
  Time since last request: 0.000032 seconds.
  path: Assets/Art/KayKit_Restaurant_Bits_1.0_FREE/Assets/obj/pot_A.mtl
  artifactKey: Guid(b223ed71729a3487589b785da030b82e) Importer(2089858483,0ecaa5967403d082aa24f35e1b516d23)
Start importing Assets/Art/KayKit_Restaurant_Bits_1.0_FREE/Assets/obj/pot_A.mtl using Guid(b223ed71729a3487589b785da030b82e) Importer(2089858483,0ecaa5967403d082aa24f35e1b516d23) [PhysX] Initialized MultithreadedTaskDispatcher with 12 workers.
 -> (artifact id: '5cd3ae2ada5bd76c8d84209cdbfab8c5') in 0.000963 seconds
Number of updated asset objects reloaded before import = 0
Number of asset objects unloaded after import = 1
========================================================================
Received Import Request.
  Time since last request: 0.000064 seconds.
  path: Assets/Art/KayKit_Restaurant_Bits_1.0_FREE/Assets/obj/pot_B_stew.obj
  artifactKey: Guid(0e85d1f0646764bd5858318b8a890ce5) Importer(2089858483,0ecaa5967403d082aa24f35e1b516d23)
Start importing Assets/Art/KayKit_Restaurant_Bits_1.0_FREE/Assets/obj/pot_B_stew.obj using Guid(0e85d1f0646764bd5858318b8a890ce5) Importer(2089858483,0ecaa5967403d082aa24f35e1b516d23) [PhysX] Initialized MultithreadedTaskDispatcher with 12 workers.
 -> (artifact id: '84219f2e1e817d21ba1716a5fb64aed7') in 0.005880 seconds
Number of updated asset objects reloaded before import = 0
Number of asset objects unloaded after import = 11
========================================================================
Received Import Request.
  Time since last request: 0.000032 seconds.
  path: Assets/Art/KayKit_Restaurant_Bits_1.0_FREE/Assets/obj/pillar_A.mtl
  artifactKey: Guid(39d7b12d6d404465c873e55e4f13631c) Importer(2089858483,0ecaa5967403d082aa24f35e1b516d23)
Start importing Assets/Art/KayKit_Restaurant_Bits_1.0_FREE/Assets/obj/pillar_A.mtl using Guid(39d7b12d6d404465c873e55e4f13631c) Importer(2089858483,0ecaa5967403d082aa24f35e1b516d23) [PhysX] Initialized MultithreadedTaskDispatcher with 12 workers.
 -> (artifact id: '1113f8103577ab7d7910e2a66efd6c0f') in 0.000852 seconds
Number of updated asset objects reloaded before import = 0
Number of asset objects unloaded after import = 1
========================================================================
Received Import Request.
  Time since last request: 0.000054 seconds.
  path: Assets/Art/KayKit_Restaurant_Bits_1.0_FREE/Assets/obj/table_round_A_decorated.obj
  artifactKey: Guid(f14734039a24d4437b97537caf159dd7) Importer(2089858483,0ecaa5967403d082aa24f35e1b516d23)
Start importing Assets/Art/KayKit_Restaurant_Bits_1.0_FREE/Assets/obj/table_round_A_decorated.obj using Guid(f14734039a24d4437b97537caf159dd7) Importer(2089858483,0ecaa5967403d082aa24f35e1b516d23) [PhysX] Initialized MultithreadedTaskDispatcher with 12 workers.
 -> (artifact id: 'b2b80a8c72ff592a72de5e108b8fe1d7') in 0.006663 seconds
Number of updated asset objects reloaded before import = 0
Number of asset objects unloaded after import = 11
========================================================================
Received Import Request.
  Time since last request: 0.000049 seconds.
  path: Assets/Art/KayKit_Restaurant_Bits_1.0_FREE/Assets/obj/lid_A.mtl
  artifactKey: Guid(396d5e9f8bcb746a88294f7fa135bb38) Importer(2089858483,0ecaa5967403d082aa24f35e1b516d23)
Start importing Assets/Art/KayKit_Restaurant_Bits_1.0_FREE/Assets/obj/lid_A.mtl using Guid(396d5e9f8bcb746a88294f7fa135bb38) Importer(2089858483,0ecaa5967403d082aa24f35e1b516d23) [PhysX] Initialized MultithreadedTaskDispatcher with 12 workers.
 -> (artifact id: '39ad8dc2daab7eb23b43fe60e008856f') in 0.001405 seconds
Number of updated asset objects reloaded before import = 0
Number of asset objects unloaded after import = 1
========================================================================
Received Import Request.
  Time since last request: 0.000066 seconds.
  path: Assets/Art/KayKit_Restaurant_Bits_1.0_FREE/Assets/obj/jar_B_medium.obj
  artifactKey: Guid(c95f051f2ab884d4badcd578478549a9) Importer(2089858483,0ecaa5967403d082aa24f35e1b516d23)
Start importing Assets/Art/KayKit_Restaurant_Bits_1.0_FREE/Assets/obj/jar_B_medium.obj using Guid(c95f051f2ab884d4badcd578478549a9) Importer(2089858483,0ecaa5967403d082aa24f35e1b516d23) [PhysX] Initialized MultithreadedTaskDispatcher with 12 workers.
 -> (artifact id: '2947c4111f64d15d265698ac68a9adc1') in 0.005351 seconds
Number of updated asset objects reloaded before import = 0
Number of asset objects unloaded after import = 11
========================================================================
Received Import Request.
  Time since last request: 0.000033 seconds.
  path: Assets/Art/KayKit_Restaurant_Bits_1.0_FREE/Assets/obj/stove_multi_decorated.mtl
  artifactKey: Guid(f7d3e1dcf484d4242958591507f31962) Importer(2089858483,0ecaa5967403d082aa24f35e1b516d23)
Start importing Assets/Art/KayKit_Restaurant_Bits_1.0_FREE/Assets/obj/stove_multi_decorated.mtl using Guid(f7d3e1dcf484d4242958591507f31962) Importer(2089858483,0ecaa5967403d082aa24f35e1b516d23) [PhysX] Initialized MultithreadedTaskDispatcher with 12 workers.
 -> (artifact id: '164078e5be292604eddcbfc3dbe1ed6a') in 0.001041 seconds
Number of updated asset objects reloaded before import = 0
Number of asset objects unloaded after import = 1
========================================================================
Received Import Request.
  Time since last request: 0.000059 seconds.
  path: Assets/Art/KayKit_Restaurant_Bits_1.0_FREE/Assets/obj/kitchentable_sink.obj
  artifactKey: Guid(691df58c376764e51a47f7ac6f387818) Importer(2089858483,0ecaa5967403d082aa24f35e1b516d23)
Start importing Assets/Art/KayKit_Restaurant_Bits_1.0_FREE/Assets/obj/kitchentable_sink.obj using Guid(691df58c376764e51a47f7ac6f387818) Importer(2089858483,0ecaa5967403d082aa24f35e1b516d23) [PhysX] Initialized MultithreadedTaskDispatcher with 12 workers.
 -> (artifact id: '74e26e6ae8f8f82e9fd2d9009ccfe510') in 0.006040 seconds
Number of updated asset objects reloaded before import = 0
Number of asset objects unloaded after import = 11
========================================================================
Received Import Request.
  Time since last request: 0.000029 seconds.
  path: Assets/Art/KayKit_Restaurant_Bits_1.0_FREE/Assets/obj/lid_A.obj
  artifactKey: Guid(4b6b914e0ace5407291d932ce31c7646) Importer(2089858483,0ecaa5967403d082aa24f35e1b516d23)
Start importing Assets/Art/KayKit_Restaurant_Bits_1.0_FREE/Assets/obj/lid_A.obj using Guid(4b6b914e0ace5407291d932ce31c7646) Importer(2089858483,0ecaa5967403d082aa24f35e1b516d23) [PhysX] Initialized MultithreadedTaskDispatcher with 12 workers.
 -> (artifact id: 'fa5124565b04db0a06f8b7bff66f85b4') in 0.005391 seconds
Number of updated asset objects reloaded before import = 0
Number of asset objects unloaded after import = 11
========================================================================
Received Import Request.
  Time since last request: 0.000034 seconds.
  path: Assets/Art/KayKit_Restaurant_Bits_1.0_FREE/Assets/obj/kitchentable_B_large.obj
  artifactKey: Guid(713bd052506cc4854a0c8b1ae7436597) Importer(2089858483,0ecaa5967403d082aa24f35e1b516d23)
Start importing Assets/Art/KayKit_Restaurant_Bits_1.0_FREE/Assets/obj/kitchentable_B_large.obj using Guid(713bd052506cc4854a0c8b1ae7436597) Importer(2089858483,0ecaa5967403d082aa24f35e1b516d23) [PhysX] Initialized MultithreadedTaskDispatcher with 12 workers.
 -> (artifact id: '9c1cc11f282e48ace9a9d8c9a8b9c65c') in 0.005657 seconds
Number of updated asset objects reloaded before import = 0
Number of asset objects unloaded after import = 11
========================================================================
Received Import Request.
  Time since last request: 0.000024 seconds.
  path: Assets/Art/KayKit_Restaurant_Bits_1.0_FREE/Assets/textures/restaurantbits_texture.png
  artifactKey: Guid(46fbd918b83034f9990251c946be2bce) Importer(2089858483,0ecaa5967403d082aa24f35e1b516d23)
Start importing Assets/Art/KayKit_Restaurant_Bits_1.0_FREE/Assets/textures/restaurantbits_texture.png using Guid(46fbd918b83034f9990251c946be2bce) Importer(2089858483,0ecaa5967403d082aa24f35e1b516d23) [PhysX] Initialized MultithreadedTaskDispatcher with 12 workers.
 -> (artifact id: 'bebe8ffc440494d06e3714bd3ea7abab') in 0.004466 seconds
Number of updated asset objects reloaded before import = 0
Number of asset objects unloaded after import = 1
========================================================================
Received Import Request.
  Time since last request: 0.000053 seconds.
  path: Assets/Art/KayKit_Restaurant_Bits_1.0_FREE/Assets/obj/kitchencounter_outercorner.obj
  artifactKey: Guid(da442228145c546548cc401fa66ed9ba) Importer(2089858483,0ecaa5967403d082aa24f35e1b516d23)
Start importing Assets/Art/KayKit_Restaurant_Bits_1.0_FREE/Assets/obj/kitchencounter_outercorner.obj using Guid(da442228145c546548cc401fa66ed9ba) Importer(2089858483,0ecaa5967403d082aa24f35e1b516d23) [PhysX] Initialized MultithreadedTaskDispatcher with 12 workers.
 -> (artifact id: 'a1771768895837cbda63f9b175819126') in 0.006967 seconds
Number of updated asset objects reloaded before import = 0
Number of asset objects unloaded after import = 11
========================================================================
Received Import Request.
  Time since last request: 0.000031 seconds.
  path: Assets/Art/KayKit_Restaurant_Bits_1.0_FREE/Assets/obj/wall_orderwindow_decorated.mtl
  artifactKey: Guid(e18f0147523e04711ac856410a9666bc) Importer(2089858483,0ecaa5967403d082aa24f35e1b516d23)
Start importing Assets/Art/KayKit_Restaurant_Bits_1.0_FREE/Assets/obj/wall_orderwindow_decorated.mtl using Guid(e18f0147523e04711ac856410a9666bc) Importer(2089858483,0ecaa5967403d082aa24f35e1b516d23) [PhysX] Initialized MultithreadedTaskDispatcher with 12 workers.
 -> (artifact id: '285549cd2b167c48eef728f61cd7b19a') in 0.001255 seconds
Number of updated asset objects reloaded before import = 0
Number of asset objects unloaded after import = 1
========================================================================
Received Import Request.
  Time since last request: 0.000067 seconds.
  path: Assets/Art/KayKit_Restaurant_Bits_1.0_FREE/Assets/obj/kitchencounter_innercorner.mtl
  artifactKey: Guid(26bcf53b3ccbc4bfaa32cb71da262e5e) Importer(2089858483,0ecaa5967403d082aa24f35e1b516d23)
Start importing Assets/Art/KayKit_Restaurant_Bits_1.0_FREE/Assets/obj/kitchencounter_innercorner.mtl using Guid(26bcf53b3ccbc4bfaa32cb71da262e5e) Importer(2089858483,0ecaa5967403d082aa24f35e1b516d23) [PhysX] Initialized MultithreadedTaskDispatcher with 12 workers.
 -> (artifact id: 'f0ac31424a3d2d4e443763cfd93ad639') in 0.000862 seconds
Number of updated asset objects reloaded before import = 0
Number of asset objects unloaded after import = 1
========================================================================
Received Import Request.
  Time since last request: 0.000095 seconds.
  path: Assets/Art/KayKit_Restaurant_Bits_1.0_FREE/Assets/obj/stove_multi.obj
  artifactKey: Guid(12afd9b1c6c574402a442c1a7876e064) Importer(2089858483,0ecaa5967403d082aa24f35e1b516d23)
Start importing Assets/Art/KayKit_Restaurant_Bits_1.0_FREE/Assets/obj/stove_multi.obj using Guid(12afd9b1c6c574402a442c1a7876e064) Importer(2089858483,0ecaa5967403d082aa24f35e1b516d23) [PhysX] Initialized MultithreadedTaskDispatcher with 12 workers.
 -> (artifact id: 'c4706dcf8172b585b72bdcdb8388d1f5') in 0.005612 seconds
Number of updated asset objects reloaded before import = 0
Number of asset objects unloaded after import = 11
========================================================================
Received Import Request.
  Time since last request: 851.210678 seconds.
  path: Assets/Scripts
  artifactKey: Guid(37ac18818b2a54361b3a1debd478481a) Importer(2089858483,0ecaa5967403d082aa24f35e1b516d23)
Start importing Assets/Scripts using Guid(37ac18818b2a54361b3a1debd478481a) Importer(2089858483,0ecaa5967403d082aa24f35e1b516d23) [PhysX] Initialized MultithreadedTaskDispatcher with 12 workers.
 -> (artifact id: 'b0dc72f3ed3a5f3f3659aa5bff9959d2') in 0.003078 seconds
Number of updated asset objects reloaded before import = 0
Number of asset objects unloaded after import = 1
========================================================================
Received Import Request.
  Time since last request: 203.133767 seconds.
  path: Assets/Scenes/SampleScene.unity
  artifactKey: Guid(9fc0d4010bbf28b4594072e72b8655ab) Importer(815301076,1909f56bfc062723c751e8b465ee728b)
Start importing Assets/Scenes/SampleScene.unity using Guid(9fc0d4010bbf28b4594072e72b8655ab) Importer(815301076,1909f56bfc062723c751e8b465ee728b) [PhysX] Initialized MultithreadedTaskDispatcher with 12 workers.
 -> (artifact id: '2418d44e161e3ce2e8daeaa5c00c20e4') in 0.000562 seconds
Number of updated asset objects reloaded before import = 0
Number of asset objects unloaded after import = 0
========================================================================
Received Import Request.
  Time since last request: 3.797819 seconds.
  path: Assets/Scenes/GameScene.unity
  artifactKey: Guid(9fc0d4010bbf28b4594072e72b8655ab) Importer(815301076,1909f56bfc062723c751e8b465ee728b)
Start importing Assets/Scenes/GameScene.unity using Guid(9fc0d4010bbf28b4594072e72b8655ab) Importer(815301076,1909f56bfc062723c751e8b465ee728b) [PhysX] Initialized MultithreadedTaskDispatcher with 12 workers.
 -> (artifact id: '2125ed83c25ccf9c1d0a5c5f207dfaa9') in 0.000239 seconds
Number of updated asset objects reloaded before import = 0
Number of asset objects unloaded after import = 0
========================================================================
Received Import Request.
  Time since last request: 0.987107 seconds.
  path: Assets/Scenes/GameScene.unity
  artifactKey: Guid(9fc0d4010bbf28b4594072e72b8655ab) Importer(2089858483,0ecaa5967403d082aa24f35e1b516d23)
Start importing Assets/Scenes/GameScene.unity using Guid(9fc0d4010bbf28b4594072e72b8655ab) Importer(2089858483,0ecaa5967403d082aa24f35e1b516d23) [PhysX] Initialized MultithreadedTaskDispatcher with 12 workers.
 -> (artifact id: '2407a969b585022322a637b061314a6e') in 0.007462 seconds
Number of updated asset objects reloaded before import = 0
Number of asset objects unloaded after import = 1
========================================================================
Received Import Request.
  Time since last request: 173.547220 seconds.
  path: Assets/Art/KayKit_Restaurant_Bits_1.0_FREE/Assets/fbx/wall_window_open.fbx
  artifactKey: Guid(796f8ce663c1743079b1730a6b4e9620) Importer(815301076,1909f56bfc062723c751e8b465ee728b)
Start importing Assets/Art/KayKit_Restaurant_Bits_1.0_FREE/Assets/fbx/wall_window_open.fbx using Guid(796f8ce663c1743079b1730a6b4e9620) Importer(815301076,1909f56bfc062723c751e8b465ee728b) [PhysX] Initialized MultithreadedTaskDispatcher with 12 workers.
[PhysX] Initialized MultithreadedTaskDispatcher with 12 workers.
[PhysX] Initialized MultithreadedTaskDispatcher with 12 workers.
[PhysX] Initialized MultithreadedTaskDispatcher with 12 workers.
 -> (artifact id: 'd6570459e804f5a050c18d975ed686ff') in 0.020127 seconds
Number of updated asset objects reloaded before import = 0
Number of asset objects unloaded after import = 9
========================================================================
Received Import Request.
  Time since last request: 0.041902 seconds.
  path: Assets/Art/KayKit_Restaurant_Bits_1.0_FREE/Assets/fbx/wall_window_closed.fbx
  artifactKey: Guid(e4224d028de0a4bdbb9950974ca65a7e) Importer(815301076,1909f56bfc062723c751e8b465ee728b)
Start importing Assets/Art/KayKit_Restaurant_Bits_1.0_FREE/Assets/fbx/wall_window_closed.fbx using Guid(e4224d028de0a4bdbb9950974ca65a7e) Importer(815301076,1909f56bfc062723c751e8b465ee728b) [PhysX] Initialized MultithreadedTaskDispatcher with 12 workers.
[PhysX] Initialized MultithreadedTaskDispatcher with 12 workers.
[PhysX] Initialized MultithreadedTaskDispatcher with 12 workers.
[PhysX] Initialized MultithreadedTaskDispatcher with 12 workers.
 -> (artifact id: '66ee1cccdbf962c4313cba5de11c1a4f') in 0.006964 seconds
Number of updated asset objects reloaded before import = 0
Number of asset objects unloaded after import = 9
========================================================================
Received Import Request.
  Time since last request: 0.611663 seconds.
  path: Assets/Art/KayKit_Restaurant_Bits_1.0_FREE/Assets/fbx/wall_orderwindow.fbx
  artifactKey: Guid(6833b86569e634d1095755ff343b9df5) Importer(815301076,1909f56bfc062723c751e8b465ee728b)
Start importing Assets/Art/KayKit_Restaurant_Bits_1.0_FREE/Assets/fbx/wall_orderwindow.fbx using Guid(6833b86569e634d1095755ff343b9df5) Importer(815301076,1909f56bfc062723c751e8b465ee728b) [PhysX] Initialized MultithreadedTaskDispatcher with 12 workers.
[PhysX] Initialized MultithreadedTaskDispatcher with 12 workers.
[PhysX] Initialized MultithreadedTaskDispatcher with 12 workers.
[PhysX] Initialized MultithreadedTaskDispatcher with 12 workers.
 -> (artifact id: '016cf42e372418fc022627f504bbcb0a') in 0.008264 seconds
Number of updated asset objects reloaded before import = 0
Number of asset objects unloaded after import = 9
========================================================================
Received Import Request.
  Time since last request: 0.543863 seconds.
  path: Assets/Art/KayKit_Restaurant_Bits_1.0_FREE/Assets/fbx/wall_doorway.fbx
  artifactKey: Guid(7c5d1899b4a6a491ba8f08eadad39378) Importer(815301076,1909f56bfc062723c751e8b465ee728b)
Start importing Assets/Art/KayKit_Restaurant_Bits_1.0_FREE/Assets/fbx/wall_doorway.fbx using Guid(7c5d1899b4a6a491ba8f08eadad39378) Importer(815301076,1909f56bfc062723c751e8b465ee728b) [PhysX] Initialized MultithreadedTaskDispatcher with 12 workers.
[PhysX] Initialized MultithreadedTaskDispatcher with 12 workers.
[PhysX] Initialized MultithreadedTaskDispatcher with 12 workers.
[PhysX] Initialized MultithreadedTaskDispatcher with 12 workers.
 -> (artifact id: 'e911bd9e43688dbf383c065565e9ba2b') in 0.009648 seconds
Number of updated asset objects reloaded before import = 0
Number of asset objects unloaded after import = 9
========================================================================
Received Import Request.
  Time since last request: 0.289899 seconds.
  path: Assets/Art/KayKit_Restaurant_Bits_1.0_FREE/Assets/fbx/wall_decorated.fbx
  artifactKey: Guid(6b52fdfd6862a4fd6a6505cfd963cdb3) Importer(815301076,1909f56bfc062723c751e8b465ee728b)
Start importing Assets/Art/KayKit_Restaurant_Bits_1.0_FREE/Assets/fbx/wall_decorated.fbx using Guid(6b52fdfd6862a4fd6a6505cfd963cdb3) Importer(815301076,1909f56bfc062723c751e8b465ee728b) [PhysX] Initialized MultithreadedTaskDispatcher with 12 workers.
[PhysX] Initialized MultithreadedTaskDispatcher with 12 workers.
[PhysX] Initialized MultithreadedTaskDispatcher with 12 workers.
[PhysX] Initialized MultithreadedTaskDispatcher with 12 workers.
 -> (artifact id: '0c2d266bd97d90fc1ae7648b8a5871b2') in 0.008211 seconds
Number of updated asset objects reloaded before import = 0
Number of asset objects unloaded after import = 9
========================================================================
Received Import Request.
  Time since last request: 0.095258 seconds.
  path: Assets/Art/KayKit_Restaurant_Bits_1.0_FREE/Assets/fbx/wall.fbx
  artifactKey: Guid(4e4d15130667d4331be003276721d165) Importer(815301076,1909f56bfc062723c751e8b465ee728b)
Start importing Assets/Art/KayKit_Restaurant_Bits_1.0_FREE/Assets/fbx/wall.fbx using Guid(4e4d15130667d4331be003276721d165) Importer(815301076,1909f56bfc062723c751e8b465ee728b) [PhysX] Initialized MultithreadedTaskDispatcher with 12 workers.
[PhysX] Initialized MultithreadedTaskDispatcher with 12 workers.
[PhysX] Initialized MultithreadedTaskDispatcher with 12 workers.
[PhysX] Initialized MultithreadedTaskDispatcher with 12 workers.
 -> (artifact id: 'c60b2e3265b52557ac3f5b36a271ae75') in 0.008304 seconds
Number of updated asset objects reloaded before import = 0
Number of asset objects unloaded after import = 9
========================================================================
Received Import Request.
  Time since last request: 0.131475 seconds.
  path: Assets/Art/KayKit_Restaurant_Bits_1.0_FREE/Assets/fbx/towelrail.fbx
  artifactKey: Guid(aa5a27e16122f4f5a958239013241b7d) Importer(815301076,1909f56bfc062723c751e8b465ee728b)
Start importing Assets/Art/KayKit_Restaurant_Bits_1.0_FREE/Assets/fbx/towelrail.fbx using Guid(aa5a27e16122f4f5a958239013241b7d) Importer(815301076,1909f56bfc062723c751e8b465ee728b) [PhysX] Initialized MultithreadedTaskDispatcher with 12 workers.
[PhysX] Initialized MultithreadedTaskDispatcher with 12 workers.
[PhysX] Initialized MultithreadedTaskDispatcher with 12 workers.
[PhysX] Initialized MultithreadedTaskDispatcher with 12 workers.
 -> (artifact id: '55a40dde1daa80fcdc470a7388f23ab9') in 0.010512 seconds
Number of updated asset objects reloaded before import = 0
Number of asset objects unloaded after import = 9
========================================================================
Received Import Request.
  Time since last request: 0.937147 seconds.
  path: Assets/Art/KayKit_Restaurant_Bits_1.0_FREE/Assets/fbx/table_round_A_small_decorated.fbx
  artifactKey: Guid(d954db28afad540af9090ee4e40c816c) Importer(815301076,1909f56bfc062723c751e8b465ee728b)
Start importing Assets/Art/KayKit_Restaurant_Bits_1.0_FREE/Assets/fbx/table_round_A_small_decorated.fbx using Guid(d954db28afad540af9090ee4e40c816c) Importer(815301076,1909f56bfc062723c751e8b465ee728b) [PhysX] Initialized MultithreadedTaskDispatcher with 12 workers.
[PhysX] Initialized MultithreadedTaskDispatcher with 12 workers.
[PhysX] Initialized MultithreadedTaskDispatcher with 12 workers.
[PhysX] Initialized MultithreadedTaskDispatcher with 12 workers.
 -> (artifact id: '66a99e74e2a820031bee0c711cca7c0b') in 0.010197 seconds
Number of updated asset objects reloaded before import = 0
Number of asset objects unloaded after import = 9
========================================================================
Received Import Request.
  Time since last request: 0.156009 seconds.
  path: Assets/Art/KayKit_Restaurant_Bits_1.0_FREE/Assets/fbx/table_round_A_small.fbx
  artifactKey: Guid(12307310e54c544288889c24aadd8dcb) Importer(815301076,1909f56bfc062723c751e8b465ee728b)
Start importing Assets/Art/KayKit_Restaurant_Bits_1.0_FREE/Assets/fbx/table_round_A_small.fbx using Guid(12307310e54c544288889c24aadd8dcb) Importer(815301076,1909f56bfc062723c751e8b465ee728b) [PhysX] Initialized MultithreadedTaskDispatcher with 12 workers.
[PhysX] Initialized MultithreadedTaskDispatcher with 12 workers.
[PhysX] Initialized MultithreadedTaskDispatcher with 12 workers.
[PhysX] Initialized MultithreadedTaskDispatcher with 12 workers.
 -> (artifact id: 'c2640828735264592a2018f30ef170cf') in 0.008338 seconds
Number of updated asset objects reloaded before import = 0
Number of asset objects unloaded after import = 9
========================================================================
Received Import Request.
  Time since last request: 0.554167 seconds.
  path: Assets/Art/KayKit_Restaurant_Bits_1.0_FREE/Assets/fbx/table_round_A_decorated.fbx
  artifactKey: Guid(0c9055036dd074339b9f0bb37b0eb88b) Importer(815301076,1909f56bfc062723c751e8b465ee728b)
Start importing Assets/Art/KayKit_Restaurant_Bits_1.0_FREE/Assets/fbx/table_round_A_decorated.fbx using Guid(0c9055036dd074339b9f0bb37b0eb88b) Importer(815301076,1909f56bfc062723c751e8b465ee728b) [PhysX] Initialized MultithreadedTaskDispatcher with 12 workers.
[PhysX] Initialized MultithreadedTaskDispatcher with 12 workers.
[PhysX] Initialized MultithreadedTaskDispatcher with 12 workers.
[PhysX] Initialized MultithreadedTaskDispatcher with 12 workers.
 -> (artifact id: '517cf00eb95fd9d67fe10f3d6474be23') in 0.009471 seconds
Number of updated asset objects reloaded before import = 0
Number of asset objects unloaded after import = 9
========================================================================
Received Import Request.
  Time since last request: 0.478200 seconds.
  path: Assets/Art/KayKit_Restaurant_Bits_1.0_FREE/Assets/fbx/stove_single_countertop.fbx
  artifactKey: Guid(43260ca7a30d14022b1523add3bd4234) Importer(815301076,1909f56bfc062723c751e8b465ee728b)
Start importing Assets/Art/KayKit_Restaurant_Bits_1.0_FREE/Assets/fbx/stove_single_countertop.fbx using Guid(43260ca7a30d14022b1523add3bd4234) Importer(815301076,1909f56bfc062723c751e8b465ee728b) [PhysX] Initialized MultithreadedTaskDispatcher with 12 workers.
[PhysX] Initialized MultithreadedTaskDispatcher with 12 workers.
[PhysX] Initialized MultithreadedTaskDispatcher with 12 workers.
[PhysX] Initialized MultithreadedTaskDispatcher with 12 workers.
 -> (artifact id: 'af7bff7a8bfcab9085fceb996cb50395') in 0.010611 seconds
Number of updated asset objects reloaded before import = 0
Number of asset objects unloaded after import = 9
========================================================================
Received Import Request.
  Time since last request: 0.748424 seconds.
  path: Assets/Art/KayKit_Restaurant_Bits_1.0_FREE/Assets/fbx/stove_multi_decorated.fbx
  artifactKey: Guid(c619e149ab27a487d8e86b7d7086bf63) Importer(815301076,1909f56bfc062723c751e8b465ee728b)
Start importing Assets/Art/KayKit_Restaurant_Bits_1.0_FREE/Assets/fbx/stove_multi_decorated.fbx using Guid(c619e149ab27a487d8e86b7d7086bf63) Importer(815301076,1909f56bfc062723c751e8b465ee728b) [PhysX] Initialized MultithreadedTaskDispatcher with 12 workers.
[PhysX] Initialized MultithreadedTaskDispatcher with 12 workers.
[PhysX] Initialized MultithreadedTaskDispatcher with 12 workers.
[PhysX] Initialized MultithreadedTaskDispatcher with 12 workers.
 -> (artifact id: 'f7cb1b9b396f5ff893618451a8389b37') in 0.012160 seconds
Number of updated asset objects reloaded before import = 0
Number of asset objects unloaded after import = 9
========================================================================
Received Import Request.
  Time since last request: 0.289807 seconds.
  path: Assets/Art/KayKit_Restaurant_Bits_1.0_FREE/Assets/fbx/stove_multi_countertop.fbx
  artifactKey: Guid(9d43386ab69de4659a74ce95e80f83f2) Importer(815301076,1909f56bfc062723c751e8b465ee728b)
Start importing Assets/Art/KayKit_Restaurant_Bits_1.0_FREE/Assets/fbx/stove_multi_countertop.fbx using Guid(9d43386ab69de4659a74ce95e80f83f2) Importer(815301076,1909f56bfc062723c751e8b465ee728b) [PhysX] Initialized MultithreadedTaskDispatcher with 12 workers.
[PhysX] Initialized MultithreadedTaskDispatcher with 12 workers.
[PhysX] Initialized MultithreadedTaskDispatcher with 12 workers.
[PhysX] Initialized MultithreadedTaskDispatcher with 12 workers.
 -> (artifact id: 'e8e32bd4d90c7f8886227022c718deeb') in 0.010168 seconds
Number of updated asset objects reloaded before import = 0
Number of asset objects unloaded after import = 9
========================================================================
Received Import Request.
  Time since last request: 0.198649 seconds.
  path: Assets/Art/KayKit_Restaurant_Bits_1.0_FREE/Assets/fbx/stew_pot.fbx
  artifactKey: Guid(66d452592ee1647cd87051bbb53b5c4e) Importer(815301076,1909f56bfc062723c751e8b465ee728b)
Start importing Assets/Art/KayKit_Restaurant_Bits_1.0_FREE/Assets/fbx/stew_pot.fbx using Guid(66d452592ee1647cd87051bbb53b5c4e) Importer(815301076,1909f56bfc062723c751e8b465ee728b) [PhysX] Initialized MultithreadedTaskDispatcher with 12 workers.
[PhysX] Initialized MultithreadedTaskDispatcher with 12 workers.
[PhysX] Initialized MultithreadedTaskDispatcher with 12 workers.
[PhysX] Initialized MultithreadedTaskDispatcher with 12 workers.
 -> (artifact id: '0bf06daa88df2cb581b58dd51e1b0b9b') in 0.009908 seconds
Number of updated asset objects reloaded before import = 0
Number of asset objects unloaded after import = 9
========================================================================
Received Import Request.
  Time since last request: 0.432007 seconds.
  path: Assets/Art/KayKit_Restaurant_Bits_1.0_FREE/Assets/fbx/stew_bowl.fbx
  artifactKey: Guid(af80d935eb50a412a928d845f9a3eb07) Importer(815301076,1909f56bfc062723c751e8b465ee728b)
Start importing Assets/Art/KayKit_Restaurant_Bits_1.0_FREE/Assets/fbx/stew_bowl.fbx using Guid(af80d935eb50a412a928d845f9a3eb07) Importer(815301076,1909f56bfc062723c751e8b465ee728b) [PhysX] Initialized MultithreadedTaskDispatcher with 12 workers.
[PhysX] Initialized MultithreadedTaskDispatcher with 12 workers.
[PhysX] Initialized MultithreadedTaskDispatcher with 12 workers.
[PhysX] Initialized MultithreadedTaskDispatcher with 12 workers.
 -> (artifact id: '694e647147673e7fc6dd0f963623e0f3') in 0.009629 seconds
Number of updated asset objects reloaded before import = 0
Number of asset objects unloaded after import = 9
========================================================================
Received Import Request.
  Time since last request: 0.132741 seconds.
  path: Assets/Art/KayKit_Restaurant_Bits_1.0_FREE/Assets/fbx/shelf_papertowel_decorated.fbx
  artifactKey: Guid(1d75546a290a145c794ec7a4ed0496d6) Importer(815301076,1909f56bfc062723c751e8b465ee728b)
Start importing Assets/Art/KayKit_Restaurant_Bits_1.0_FREE/Assets/fbx/shelf_papertowel_decorated.fbx using Guid(1d75546a290a145c794ec7a4ed0496d6) Importer(815301076,1909f56bfc062723c751e8b465ee728b) [PhysX] Initialized MultithreadedTaskDispatcher with 12 workers.
[PhysX] Initialized MultithreadedTaskDispatcher with 12 workers.
[PhysX] Initialized MultithreadedTaskDispatcher with 12 workers.
[PhysX] Initialized MultithreadedTaskDispatcher with 12 workers.
 -> (artifact id: 'eee0ee7bf88895017b4131fb8c6ad87b') in 0.009091 seconds
Number of updated asset objects reloaded before import = 0
Number of asset objects unloaded after import = 9
========================================================================
Received Import Request.
  Time since last request: 0.394806 seconds.
  path: Assets/Art/KayKit_Restaurant_Bits_1.0_FREE/Assets/fbx/shelf_papertowel.fbx
  artifactKey: Guid(cd1a8258191b74d53adacafe089fdc06) Importer(815301076,1909f56bfc062723c751e8b465ee728b)
Start importing Assets/Art/KayKit_Restaurant_Bits_1.0_FREE/Assets/fbx/shelf_papertowel.fbx using Guid(cd1a8258191b74d53adacafe089fdc06) Importer(815301076,1909f56bfc062723c751e8b465ee728b) [PhysX] Initialized MultithreadedTaskDispatcher with 12 workers.
[PhysX] Initialized MultithreadedTaskDispatcher with 12 workers.
[PhysX] Initialized MultithreadedTaskDispatcher with 12 workers.
[PhysX] Initialized MultithreadedTaskDispatcher with 12 workers.
 -> (artifact id: '7e1a4782ff9c9105984ccff0b3b2e947') in 0.009233 seconds
Number of updated asset objects reloaded before import = 0
Number of asset objects unloaded after import = 9
========================================================================
Received Import Request.
  Time since last request: 0.150122 seconds.
  path: Assets/Art/KayKit_Restaurant_Bits_1.0_FREE/Assets/fbx/pot_large.fbx
  artifactKey: Guid(a5fc4171c5d0b4cae9330fea2fb2b6c3) Importer(815301076,1909f56bfc062723c751e8b465ee728b)
Start importing Assets/Art/KayKit_Restaurant_Bits_1.0_FREE/Assets/fbx/pot_large.fbx using Guid(a5fc4171c5d0b4cae9330fea2fb2b6c3) Importer(815301076,1909f56bfc062723c751e8b465ee728b) [PhysX] Initialized MultithreadedTaskDispatcher with 12 workers.
[PhysX] Initialized MultithreadedTaskDispatcher with 12 workers.
[PhysX] Initialized MultithreadedTaskDispatcher with 12 workers.
[PhysX] Initialized MultithreadedTaskDispatcher with 12 workers.
 -> (artifact id: '6449fb3bdd72de140b1120a71d51e27d') in 0.009086 seconds
Number of updated asset objects reloaded before import = 0
Number of asset objects unloaded after import = 9
========================================================================
Received Import Request.
  Time since last request: 0.337413 seconds.
  path: Assets/Art/KayKit_Restaurant_Bits_1.0_FREE/Assets/fbx/pot_B_stew.fbx
  artifactKey: Guid(e88aa52da8dbd446fb17e1258fa12070) Importer(815301076,1909f56bfc062723c751e8b465ee728b)
Start importing Assets/Art/KayKit_Restaurant_Bits_1.0_FREE/Assets/fbx/pot_B_stew.fbx using Guid(e88aa52da8dbd446fb17e1258fa12070) Importer(815301076,1909f56bfc062723c751e8b465ee728b) [PhysX] Initialized MultithreadedTaskDispatcher with 12 workers.
[PhysX] Initialized MultithreadedTaskDispatcher with 12 workers.
[PhysX] Initialized MultithreadedTaskDispatcher with 12 workers.
[PhysX] Initialized MultithreadedTaskDispatcher with 12 workers.
 -> (artifact id: '6ce4524e84d90f36901ea90444aa5ad6') in 0.009378 seconds
Number of updated asset objects reloaded before import = 0
Number of asset objects unloaded after import = 9
========================================================================
Received Import Request.
  Time since last request: 0.101784 seconds.
  path: Assets/Art/KayKit_Restaurant_Bits_1.0_FREE/Assets/fbx/pot_A_stew.fbx
  artifactKey: Guid(1955bd43123714df2a998034b795c528) Importer(815301076,1909f56bfc062723c751e8b465ee728b)
Start importing Assets/Art/KayKit_Restaurant_Bits_1.0_FREE/Assets/fbx/pot_A_stew.fbx using Guid(1955bd43123714df2a998034b795c528) Importer(815301076,1909f56bfc062723c751e8b465ee728b) [PhysX] Initialized MultithreadedTaskDispatcher with 12 workers.
[PhysX] Initialized MultithreadedTaskDispatcher with 12 workers.
[PhysX] Initialized MultithreadedTaskDispatcher with 12 workers.
[PhysX] Initialized MultithreadedTaskDispatcher with 12 workers.
 -> (artifact id: '1f083f82e87e49abfe9a4579542c0837') in 0.007692 seconds
Number of updated asset objects reloaded before import = 0
Number of asset objects unloaded after import = 9
========================================================================
Received Import Request.
  Time since last request: 0.181669 seconds.
  path: Assets/Art/KayKit_Restaurant_Bits_1.0_FREE/Assets/fbx/pot_A.fbx
  artifactKey: Guid(574e6056916e4429eb63dfe4b1c1c72f) Importer(815301076,1909f56bfc062723c751e8b465ee728b)
Start importing Assets/Art/KayKit_Restaurant_Bits_1.0_FREE/Assets/fbx/pot_A.fbx using Guid(574e6056916e4429eb63dfe4b1c1c72f) Importer(815301076,1909f56bfc062723c751e8b465ee728b) [PhysX] Initialized MultithreadedTaskDispatcher with 12 workers.
[PhysX] Initialized MultithreadedTaskDispatcher with 12 workers.
[PhysX] Initialized MultithreadedTaskDispatcher with 12 workers.
[PhysX] Initialized MultithreadedTaskDispatcher with 12 workers.
 -> (artifact id: '22255c4e7052bb264ffc5f4239d9770d') in 0.007125 seconds
Number of updated asset objects reloaded before import = 0
Number of asset objects unloaded after import = 9
========================================================================
Received Import Request.
  Time since last request: 0.325246 seconds.
  path: Assets/Art/KayKit_Restaurant_Bits_1.0_FREE/Assets/fbx/plate_small.fbx
  artifactKey: Guid(33d5bde50cfc04d94a051214a4b926fb) Importer(815301076,1909f56bfc062723c751e8b465ee728b)
Start importing Assets/Art/KayKit_Restaurant_Bits_1.0_FREE/Assets/fbx/plate_small.fbx using Guid(33d5bde50cfc04d94a051214a4b926fb) Importer(815301076,1909f56bfc062723c751e8b465ee728b) [PhysX] Initialized MultithreadedTaskDispatcher with 12 workers.
[PhysX] Initialized MultithreadedTaskDispatcher with 12 workers.
[PhysX] Initialized MultithreadedTaskDispatcher with 12 workers.
[PhysX] Initialized MultithreadedTaskDispatcher with 12 workers.
 -> (artifact id: 'dadef54dbb0a120a9f2c7d8801683f6b') in 0.008611 seconds
Number of updated asset objects reloaded before import = 0
Number of asset objects unloaded after import = 9
========================================================================
Received Import Request.
  Time since last request: 0.339961 seconds.
  path: Assets/Art/KayKit_Restaurant_Bits_1.0_FREE/Assets/fbx/plate.fbx
  artifactKey: Guid(bba9d4d8269d0469688a7c88c7a1dcec) Importer(815301076,1909f56bfc062723c751e8b465ee728b)
Start importing Assets/Art/KayKit_Restaurant_Bits_1.0_FREE/Assets/fbx/plate.fbx using Guid(bba9d4d8269d0469688a7c88c7a1dcec) Importer(815301076,1909f56bfc062723c751e8b465ee728b) [PhysX] Initialized MultithreadedTaskDispatcher with 12 workers.
[PhysX] Initialized MultithreadedTaskDispatcher with 12 workers.
[PhysX] Initialized MultithreadedTaskDispatcher with 12 workers.
[PhysX] Initialized MultithreadedTaskDispatcher with 12 workers.
 -> (artifact id: 'd3ba34f6c8038d4ada73bfb17b0697e9') in 0.010733 seconds
Number of updated asset objects reloaded before import = 0
Number of asset objects unloaded after import = 9
========================================================================
Received Import Request.
  Time since last request: 0.093371 seconds.
  path: Assets/Art/KayKit_Restaurant_Bits_1.0_FREE/Assets/fbx/pillar_B.fbx
  artifactKey: Guid(4369b74cbcaf3475f8b26cfdce052397) Importer(815301076,1909f56bfc062723c751e8b465ee728b)
Start importing Assets/Art/KayKit_Restaurant_Bits_1.0_FREE/Assets/fbx/pillar_B.fbx using Guid(4369b74cbcaf3475f8b26cfdce052397) Importer(815301076,1909f56bfc062723c751e8b465ee728b) [PhysX] Initialized MultithreadedTaskDispatcher with 12 workers.
[PhysX] Initialized MultithreadedTaskDispatcher with 12 workers.
[PhysX] Initialized MultithreadedTaskDispatcher with 12 workers.
[PhysX] Initialized MultithreadedTaskDispatcher with 12 workers.
 -> (artifact id: 'deffc970ca698ff1098822d450514edc') in 0.007277 seconds
Number of updated asset objects reloaded before import = 0
Number of asset objects unloaded after import = 9
========================================================================
Received Import Request.
  Time since last request: 0.321294 seconds.
  path: Assets/Art/KayKit_Restaurant_Bits_1.0_FREE/Assets/fbx/pillar_A.fbx
  artifactKey: Guid(9b906d953a7cb48cb8f376b351c09590) Importer(815301076,1909f56bfc062723c751e8b465ee728b)
Start importing Assets/Art/KayKit_Restaurant_Bits_1.0_FREE/Assets/fbx/pillar_A.fbx using Guid(9b906d953a7cb48cb8f376b351c09590) Importer(815301076,1909f56bfc062723c751e8b465ee728b) [PhysX] Initialized MultithreadedTaskDispatcher with 12 workers.
[PhysX] Initialized MultithreadedTaskDispatcher with 12 workers.
[PhysX] Initialized MultithreadedTaskDispatcher with 12 workers.
[PhysX] Initialized MultithreadedTaskDispatcher with 12 workers.
 -> (artifact id: 'cf77b1bdd4138d027b1742d8bf94f330') in 0.007024 seconds
Number of updated asset objects reloaded before import = 0
Number of asset objects unloaded after import = 9
========================================================================
Received Import Request.
  Time since last request: 0.183103 seconds.
  path: Assets/Art/KayKit_Restaurant_Bits_1.0_FREE/Assets/fbx/papertowel.fbx
  artifactKey: Guid(0e29ed693f4ac454e9c35220bfe180ca) Importer(815301076,1909f56bfc062723c751e8b465ee728b)
Start importing Assets/Art/KayKit_Restaurant_Bits_1.0_FREE/Assets/fbx/papertowel.fbx using Guid(0e29ed693f4ac454e9c35220bfe180ca) Importer(815301076,1909f56bfc062723c751e8b465ee728b) [PhysX] Initialized MultithreadedTaskDispatcher with 12 workers.
[PhysX] Initialized MultithreadedTaskDispatcher with 12 workers.
[PhysX] Initialized MultithreadedTaskDispatcher with 12 workers.
[PhysX] Initialized MultithreadedTaskDispatcher with 12 workers.
 -> (artifact id: 'a8c87b0447c1488442e9bff0ee958754') in 0.008725 seconds
Number of updated asset objects reloaded before import = 0
Number of asset objects unloaded after import = 9
========================================================================
Received Import Request.
  Time since last request: 1.799589 seconds.
  path: Assets/Art/KayKit_Restaurant_Bits_1.0_FREE/Assets/fbx/pan_A.fbx
  artifactKey: Guid(3f4dbbf192759400b98ac9ae911ff65f) Importer(815301076,1909f56bfc062723c751e8b465ee728b)
Start importing Assets/Art/KayKit_Restaurant_Bits_1.0_FREE/Assets/fbx/pan_A.fbx using Guid(3f4dbbf192759400b98ac9ae911ff65f) Importer(815301076,1909f56bfc062723c751e8b465ee728b) [PhysX] Initialized MultithreadedTaskDispatcher with 12 workers.
[PhysX] Initialized MultithreadedTaskDispatcher with 12 workers.
[PhysX] Initialized MultithreadedTaskDispatcher with 12 workers.
[PhysX] Initialized MultithreadedTaskDispatcher with 12 workers.
 -> (artifact id: 'caa66cd05b13b9b3b61ff36e26bf1ab0') in 0.015937 seconds
Number of updated asset objects reloaded before import = 0
Number of asset objects unloaded after import = 9
========================================================================
Received Import Request.
  Time since last request: 0.074487 seconds.
  path: Assets/Art/KayKit_Restaurant_Bits_1.0_FREE/Assets/fbx/pan_006.fbx
  artifactKey: Guid(b4c85b473c5e147f784e3f9c1ea1d595) Importer(815301076,1909f56bfc062723c751e8b465ee728b)
Start importing Assets/Art/KayKit_Restaurant_Bits_1.0_FREE/Assets/fbx/pan_006.fbx using Guid(b4c85b473c5e147f784e3f9c1ea1d595) Importer(815301076,1909f56bfc062723c751e8b465ee728b) [PhysX] Initialized MultithreadedTaskDispatcher with 12 workers.
[PhysX] Initialized MultithreadedTaskDispatcher with 12 workers.
[PhysX] Initialized MultithreadedTaskDispatcher with 12 workers.
[PhysX] Initialized MultithreadedTaskDispatcher with 12 workers.
 -> (artifact id: '18a1a7cee31f36d38ba43971b97c4942') in 0.008113 seconds
Number of updated asset objects reloaded before import = 0
Number of asset objects unloaded after import = 9
========================================================================
Received Import Request.
  Time since last request: 0.351720 seconds.
  path: Assets/Art/KayKit_Restaurant_Bits_1.0_FREE/Assets/fbx/oven.fbx
  artifactKey: Guid(3f5bf3e9a9fec4d3384cde681ad33848) Importer(815301076,1909f56bfc062723c751e8b465ee728b)
Start importing Assets/Art/KayKit_Restaurant_Bits_1.0_FREE/Assets/fbx/oven.fbx using Guid(3f5bf3e9a9fec4d3384cde681ad33848) Importer(815301076,1909f56bfc062723c751e8b465ee728b) [PhysX] Initialized MultithreadedTaskDispatcher with 12 workers.
[PhysX] Initialized MultithreadedTaskDispatcher with 12 workers.
[PhysX] Initialized MultithreadedTaskDispatcher with 12 workers.
[PhysX] Initialized MultithreadedTaskDispatcher with 12 workers.
[PhysX] Initialized MultithreadedTaskDispatcher with 12 workers.
[PhysX] Initialized MultithreadedTaskDispatcher with 12 workers.
 -> (artifact id: '8557a04264fce179a65a6f147df8f13f') in 0.012555 seconds
Number of updated asset objects reloaded before import = 0
Number of asset objects unloaded after import = 14
========================================================================
Received Import Request.
  Time since last request: 3.509997 seconds.
  path: Assets/Art/KayKit_Restaurant_Bits_1.0_FREE/Assets/fbx/lid_large.fbx
  artifactKey: Guid(077f6f9e05efd4885940a5c564e30e66) Importer(815301076,1909f56bfc062723c751e8b465ee728b)
Start importing Assets/Art/KayKit_Restaurant_Bits_1.0_FREE/Assets/fbx/lid_large.fbx using Guid(077f6f9e05efd4885940a5c564e30e66) Importer(815301076,1909f56bfc062723c751e8b465ee728b) [PhysX] Initialized MultithreadedTaskDispatcher with 12 workers.
[PhysX] Initialized MultithreadedTaskDispatcher with 12 workers.
[PhysX] Initialized MultithreadedTaskDispatcher with 12 workers.
[PhysX] Initialized MultithreadedTaskDispatcher with 12 workers.
 -> (artifact id: '8a3844b04a62b8ec2f4b307389cd396d') in 0.012534 seconds
Number of updated asset objects reloaded before import = 0
Number of asset objects unloaded after import = 9
========================================================================
Received Import Request.
  Time since last request: 0.013428 seconds.
  path: Assets/Art/KayKit_Restaurant_Bits_1.0_FREE/Assets/fbx/kitchentable_sink_large_decorated.fbx
  artifactKey: Guid(8b0bba3831c694842ba193150a5cb0eb) Importer(815301076,1909f56bfc062723c751e8b465ee728b)
Start importing Assets/Art/KayKit_Restaurant_Bits_1.0_FREE/Assets/fbx/kitchentable_sink_large_decorated.fbx using Guid(8b0bba3831c694842ba193150a5cb0eb) Importer(815301076,1909f56bfc062723c751e8b465ee728b) [PhysX] Initialized MultithreadedTaskDispatcher with 12 workers.
[PhysX] Initialized MultithreadedTaskDispatcher with 12 workers.
[PhysX] Initialized MultithreadedTaskDispatcher with 12 workers.
[PhysX] Initialized MultithreadedTaskDispatcher with 12 workers.
 -> (artifact id: '2dd21e1231c50c20dd9445c003d06c48') in 0.006331 seconds
Number of updated asset objects reloaded before import = 0
Number of asset objects unloaded after import = 9
========================================================================
Received Import Request.
  Time since last request: 0.000036 seconds.
  path: Assets/Art/KayKit_Restaurant_Bits_1.0_FREE/Assets/fbx/lid_B.fbx
  artifactKey: Guid(cf2273d16d8dd4cbb87cc3176d94bf70) Importer(815301076,1909f56bfc062723c751e8b465ee728b)
Start importing Assets/Art/KayKit_Restaurant_Bits_1.0_FREE/Assets/fbx/lid_B.fbx using Guid(cf2273d16d8dd4cbb87cc3176d94bf70) Importer(815301076,1909f56bfc062723c751e8b465ee728b) [PhysX] Initialized MultithreadedTaskDispatcher with 12 workers.
[PhysX] Initialized MultithreadedTaskDispatcher with 12 workers.
[PhysX] Initialized MultithreadedTaskDispatcher with 12 workers.
[PhysX] Initialized MultithreadedTaskDispatcher with 12 workers.
 -> (artifact id: 'b22752a794915ea36875090f32aecfb5') in 0.006362 seconds
Number of updated asset objects reloaded before import = 0
Number of asset objects unloaded after import = 9
========================================================================
Received Import Request.
  Time since last request: 0.024269 seconds.
  path: Assets/Art/KayKit_Restaurant_Bits_1.0_FREE/Assets/fbx/kitchentable_B_large.fbx
  artifactKey: Guid(28bab73421b7c4e79b7018c9cd724592) Importer(815301076,1909f56bfc062723c751e8b465ee728b)
Start importing Assets/Art/KayKit_Restaurant_Bits_1.0_FREE/Assets/fbx/kitchentable_B_large.fbx using Guid(28bab73421b7c4e79b7018c9cd724592) Importer(815301076,1909f56bfc062723c751e8b465ee728b) [PhysX] Initialized MultithreadedTaskDispatcher with 12 workers.
[PhysX] Initialized MultithreadedTaskDispatcher with 12 workers.
[PhysX] Initialized MultithreadedTaskDispatcher with 12 workers.
[PhysX] Initialized MultithreadedTaskDispatcher with 12 workers.
 -> (artifact id: '6f916e295e4d596dbbcb46334aefe813') in 0.007346 seconds
Number of updated asset objects reloaded before import = 0
Number of asset objects unloaded after import = 9
========================================================================
Received Import Request.
  Time since last request: 0.034743 seconds.
  path: Assets/Art/KayKit_Restaurant_Bits_1.0_FREE/Assets/fbx/kitchentable_A_large.fbx
  artifactKey: Guid(b653d4f45c9084f12a7aec88ec1e702a) Importer(815301076,1909f56bfc062723c751e8b465ee728b)
Start importing Assets/Art/KayKit_Restaurant_Bits_1.0_FREE/Assets/fbx/kitchentable_A_large.fbx using Guid(b653d4f45c9084f12a7aec88ec1e702a) Importer(815301076,1909f56bfc062723c751e8b465ee728b) [PhysX] Initialized MultithreadedTaskDispatcher with 12 workers.
[PhysX] Initialized MultithreadedTaskDispatcher with 12 workers.
[PhysX] Initialized MultithreadedTaskDispatcher with 12 workers.
[PhysX] Initialized MultithreadedTaskDispatcher with 12 workers.
 -> (artifact id: '89e2c3557eade03b4536716c4eaf98e4') in 0.006890 seconds
Number of updated asset objects reloaded before import = 0
Number of asset objects unloaded after import = 9
========================================================================
Received Import Request.
  Time since last request: 0.000055 seconds.
  path: Assets/Art/KayKit_Restaurant_Bits_1.0_FREE/Assets/fbx/kitchentable_B.fbx
  artifactKey: Guid(07890f253d6474e79af982d046b5ba59) Importer(815301076,1909f56bfc062723c751e8b465ee728b)
Start importing Assets/Art/KayKit_Restaurant_Bits_1.0_FREE/Assets/fbx/kitchentable_B.fbx using Guid(07890f253d6474e79af982d046b5ba59) Importer(815301076,1909f56bfc062723c751e8b465ee728b) [PhysX] Initialized MultithreadedTaskDispatcher with 12 workers.
[PhysX] Initialized MultithreadedTaskDispatcher with 12 workers.
[PhysX] Initialized MultithreadedTaskDispatcher with 12 workers.
[PhysX] Initialized MultithreadedTaskDispatcher with 12 workers.
 -> (artifact id: '4fe1818691fb1752989eaf5bf5927e2e') in 0.009444 seconds
Number of updated asset objects reloaded before import = 0
Number of asset objects unloaded after import = 9
========================================================================
Received Import Request.
  Time since last request: 0.037613 seconds.
  path: Assets/Art/KayKit_Restaurant_Bits_1.0_FREE/Assets/fbx/kitchencounter_straight_B_backsplash.fbx
  artifactKey: Guid(5b47c5c9f563f46cb92bb1817ec0e245) Importer(815301076,1909f56bfc062723c751e8b465ee728b)
Start importing Assets/Art/KayKit_Restaurant_Bits_1.0_FREE/Assets/fbx/kitchencounter_straight_B_backsplash.fbx using Guid(5b47c5c9f563f46cb92bb1817ec0e245) Importer(815301076,1909f56bfc062723c751e8b465ee728b) [PhysX] Initialized MultithreadedTaskDispatcher with 12 workers.
[PhysX] Initialized MultithreadedTaskDispatcher with 12 workers.
[PhysX] Initialized MultithreadedTaskDispatcher with 12 workers.
[PhysX] Initialized MultithreadedTaskDispatcher with 12 workers.
 -> (artifact id: '4c871c18b13c9463890dc3b3fdb1a0d4') in 0.006555 seconds
Number of updated asset objects reloaded before import = 0
Number of asset objects unloaded after import = 9
========================================================================
Received Import Request.
  Time since last request: 0.070814 seconds.
  path: Assets/Art/KayKit_Restaurant_Bits_1.0_FREE/Assets/fbx/kitchencounter_straight_A_backsplash.fbx
  artifactKey: Guid(5d384511c918f470989216bc2d7937ed) Importer(815301076,1909f56bfc062723c751e8b465ee728b)
Start importing Assets/Art/KayKit_Restaurant_Bits_1.0_FREE/Assets/fbx/kitchencounter_straight_A_backsplash.fbx using Guid(5d384511c918f470989216bc2d7937ed) Importer(815301076,1909f56bfc062723c751e8b465ee728b) [PhysX] Initialized MultithreadedTaskDispatcher with 12 workers.
[PhysX] Initialized MultithreadedTaskDispatcher with 12 workers.
[PhysX] Initialized MultithreadedTaskDispatcher with 12 workers.
[PhysX] Initialized MultithreadedTaskDispatcher with 12 workers.
 -> (artifact id: '3aca3dc0849d7c2ea8041fbef1f62c41') in 0.007395 seconds
Number of updated asset objects reloaded before import = 0
Number of asset objects unloaded after import = 9
========================================================================
Received Import Request.
  Time since last request: 0.000033 seconds.
  path: Assets/Art/KayKit_Restaurant_Bits_1.0_FREE/Assets/fbx/kitchencounter_straight_B.fbx
  artifactKey: Guid(6e1be5f36ee24491da4f8e48e90036c2) Importer(815301076,1909f56bfc062723c751e8b465ee728b)
Start importing Assets/Art/KayKit_Restaurant_Bits_1.0_FREE/Assets/fbx/kitchencounter_straight_B.fbx using Guid(6e1be5f36ee24491da4f8e48e90036c2) Importer(815301076,1909f56bfc062723c751e8b465ee728b) [PhysX] Initialized MultithreadedTaskDispatcher with 12 workers.
[PhysX] Initialized MultithreadedTaskDispatcher with 12 workers.
[PhysX] Initialized MultithreadedTaskDispatcher with 12 workers.
[PhysX] Initialized MultithreadedTaskDispatcher with 12 workers.
 -> (artifact id: 'f1769f4140f4710b698d6a9a62831095') in 0.010954 seconds
Number of updated asset objects reloaded before import = 0
Number of asset objects unloaded after import = 9
========================================================================
Received Import Request.
  Time since last request: 0.140673 seconds.
  path: Assets/Art/KayKit_Restaurant_Bits_1.0_FREE/Assets/fbx/kitchencounter_sink.fbx
  artifactKey: Guid(3d6521a9e533d477eb3f91966b4036a2) Importer(815301076,1909f56bfc062723c751e8b465ee728b)
Start importing Assets/Art/KayKit_Restaurant_Bits_1.0_FREE/Assets/fbx/kitchencounter_sink.fbx using Guid(3d6521a9e533d477eb3f91966b4036a2) Importer(815301076,1909f56bfc062723c751e8b465ee728b) [PhysX] Initialized MultithreadedTaskDispatcher with 12 workers.
[PhysX] Initialized MultithreadedTaskDispatcher with 12 workers.
[PhysX] Initialized MultithreadedTaskDispatcher with 12 workers.
[PhysX] Initialized MultithreadedTaskDispatcher with 12 workers.
 -> (artifact id: '541f1c240bbc8556d05dc20681eb74da') in 0.009658 seconds
Number of updated asset objects reloaded before import = 0
Number of asset objects unloaded after import = 9
========================================================================
Received Import Request.
  Time since last request: 0.018545 seconds.
  path: Assets/Art/KayKit_Restaurant_Bits_1.0_FREE/Assets/fbx/kitchencabinet_half.fbx
  artifactKey: Guid(6f4deaf7b91134104bfeb8c587ac0ca1) Importer(815301076,1909f56bfc062723c751e8b465ee728b)
Start importing Assets/Art/KayKit_Restaurant_Bits_1.0_FREE/Assets/fbx/kitchencabinet_half.fbx using Guid(6f4deaf7b91134104bfeb8c587ac0ca1) Importer(815301076,1909f56bfc062723c751e8b465ee728b) [PhysX] Initialized MultithreadedTaskDispatcher with 12 workers.
[PhysX] Initialized MultithreadedTaskDispatcher with 12 workers.
[PhysX] Initialized MultithreadedTaskDispatcher with 12 workers.
[PhysX] Initialized MultithreadedTaskDispatcher with 12 workers.
 -> (artifact id: 'ff71de42249e73869146d31806eb84ee') in 0.006730 seconds
Number of updated asset objects reloaded before import = 0
Number of asset objects unloaded after import = 9
========================================================================
Received Import Request.
  Time since last request: 0.000037 seconds.
  path: Assets/Art/KayKit_Restaurant_Bits_1.0_FREE/Assets/fbx/kitchencounter_outercorner_backsplash.fbx
  artifactKey: Guid(2adee14a514124f61a152a8d170747a9) Importer(815301076,1909f56bfc062723c751e8b465ee728b)
Start importing Assets/Art/KayKit_Restaurant_Bits_1.0_FREE/Assets/fbx/kitchencounter_outercorner_backsplash.fbx using Guid(2adee14a514124f61a152a8d170747a9) Importer(815301076,1909f56bfc062723c751e8b465ee728b) [PhysX] Initialized MultithreadedTaskDispatcher with 12 workers.
[PhysX] Initialized MultithreadedTaskDispatcher with 12 workers.
[PhysX] Initialized MultithreadedTaskDispatcher with 12 workers.
[PhysX] Initialized MultithreadedTaskDispatcher with 12 workers.
 -> (artifact id: '58f0bccbe4e05d854216d3b79fc4cbaf') in 0.007628 seconds
Number of updated asset objects reloaded before import = 0
Number of asset objects unloaded after import = 9
========================================================================
Received Import Request.
  Time since last request: 0.000031 seconds.
  path: Assets/Art/KayKit_Restaurant_Bits_1.0_FREE/Assets/fbx/ketchup.fbx
  artifactKey: Guid(9ea03ed9857684d3e83dd25c16309927) Importer(815301076,1909f56bfc062723c751e8b465ee728b)
Start importing Assets/Art/KayKit_Restaurant_Bits_1.0_FREE/Assets/fbx/ketchup.fbx using Guid(9ea03ed9857684d3e83dd25c16309927) Importer(815301076,1909f56bfc062723c751e8b465ee728b) [PhysX] Initialized MultithreadedTaskDispatcher with 12 workers.
[PhysX] Initialized MultithreadedTaskDispatcher with 12 workers.
[PhysX] Initialized MultithreadedTaskDispatcher with 12 workers.
[PhysX] Initialized MultithreadedTaskDispatcher with 12 workers.
 -> (artifact id: '23d2fc0f8ca46c25da37c5c629a44d58') in 0.007058 seconds
Number of updated asset objects reloaded before import = 0
Number of asset objects unloaded after import = 9
========================================================================
Received Import Request.
  Time since last request: 0.000054 seconds.
  path: Assets/Art/KayKit_Restaurant_Bits_1.0_FREE/Assets/fbx/kitchencabinet_corner_half.fbx
  artifactKey: Guid(37791c7ea2ca643bca92479fa8c4ded1) Importer(815301076,1909f56bfc062723c751e8b465ee728b)
Start importing Assets/Art/KayKit_Restaurant_Bits_1.0_FREE/Assets/fbx/kitchencabinet_corner_half.fbx using Guid(37791c7ea2ca643bca92479fa8c4ded1) Importer(815301076,1909f56bfc062723c751e8b465ee728b) [PhysX] Initialized MultithreadedTaskDispatcher with 12 workers.
[PhysX] Initialized MultithreadedTaskDispatcher with 12 workers.
[PhysX] Initialized MultithreadedTaskDispatcher with 12 workers.
[PhysX] Initialized MultithreadedTaskDispatcher with 12 workers.
 -> (artifact id: '0c61de832330fb4abc663cd9f9bf8973') in 0.006620 seconds
Number of updated asset objects reloaded before import = 0
Number of asset objects unloaded after import = 9
========================================================================
Received Import Request.
  Time since last request: 0.000046 seconds.
  path: Assets/Art/KayKit_Restaurant_Bits_1.0_FREE/Assets/fbx/jar_C_large.fbx
  artifactKey: Guid(9010f8387a4f849e7a68a18d8969fd2d) Importer(815301076,1909f56bfc062723c751e8b465ee728b)
Start importing Assets/Art/KayKit_Restaurant_Bits_1.0_FREE/Assets/fbx/jar_C_large.fbx using Guid(9010f8387a4f849e7a68a18d8969fd2d) Importer(815301076,1909f56bfc062723c751e8b465ee728b) [PhysX] Initialized MultithreadedTaskDispatcher with 12 workers.
[PhysX] Initialized MultithreadedTaskDispatcher with 12 workers.
[PhysX] Initialized MultithreadedTaskDispatcher with 12 workers.
[PhysX] Initialized MultithreadedTaskDispatcher with 12 workers.
 -> (artifact id: '2662b0fbe2c5c34508eb41db621d1f9d') in 0.007013 seconds
Number of updated asset objects reloaded before import = 0
Number of asset objects unloaded after import = 9
========================================================================
Received Import Request.
  Time since last request: 0.000035 seconds.
  path: Assets/Art/KayKit_Restaurant_Bits_1.0_FREE/Assets/fbx/jar_B_small.fbx
  artifactKey: Guid(27589dd3ddfea4016b27461f11ae7077) Importer(815301076,1909f56bfc062723c751e8b465ee728b)
Start importing Assets/Art/KayKit_Restaurant_Bits_1.0_FREE/Assets/fbx/jar_B_small.fbx using Guid(27589dd3ddfea4016b27461f11ae7077) Importer(815301076,1909f56bfc062723c751e8b465ee728b) [PhysX] Initialized MultithreadedTaskDispatcher with 12 workers.
[PhysX] Initialized MultithreadedTaskDispatcher with 12 workers.
[PhysX] Initialized MultithreadedTaskDispatcher with 12 workers.
[PhysX] Initialized MultithreadedTaskDispatcher with 12 workers.
 -> (artifact id: 'e59c733e46a7da8d8731617a38f85b91') in 0.006888 seconds
Number of updated asset objects reloaded before import = 0
Number of asset objects unloaded after import = 9
========================================================================
Received Import Request.
  Time since last request: 0.000033 seconds.
  path: Assets/Art/KayKit_Restaurant_Bits_1.0_FREE/Assets/fbx/fridge_A_decorated.fbx
  artifactKey: Guid(eadbea6dd3f9d4843ad67df1990e9374) Importer(815301076,1909f56bfc062723c751e8b465ee728b)
Start importing Assets/Art/KayKit_Restaurant_Bits_1.0_FREE/Assets/fbx/fridge_A_decorated.fbx using Guid(eadbea6dd3f9d4843ad67df1990e9374) Importer(815301076,1909f56bfc062723c751e8b465ee728b) [PhysX] Initialized MultithreadedTaskDispatcher with 12 workers.
[PhysX] Initialized MultithreadedTaskDispatcher with 12 workers.
[PhysX] Initialized MultithreadedTaskDispatcher with 12 workers.
[PhysX] Initialized MultithreadedTaskDispatcher with 12 workers.
[PhysX] Initialized MultithreadedTaskDispatcher with 12 workers.
[PhysX] Initialized MultithreadedTaskDispatcher with 12 workers.
[PhysX] Initialized MultithreadedTaskDispatcher with 12 workers.
[PhysX] Initialized MultithreadedTaskDispatcher with 12 workers.
 -> (artifact id: '3e79e77cb88139a0c78d4ea3a2f068f8') in 0.014229 seconds
Number of updated asset objects reloaded before import = 0
Number of asset objects unloaded after import = 19
========================================================================
Received Import Request.
  Time since last request: 0.000040 seconds.
  path: Assets/Art/KayKit_Restaurant_Bits_1.0_FREE/Assets/fbx/food_vegetableburger.fbx
  artifactKey: Guid(62b9717add2fb4b2083a01b403d6fc6b) Importer(815301076,1909f56bfc062723c751e8b465ee728b)
Start importing Assets/Art/KayKit_Restaurant_Bits_1.0_FREE/Assets/fbx/food_vegetableburger.fbx using Guid(62b9717add2fb4b2083a01b403d6fc6b) Importer(815301076,1909f56bfc062723c751e8b465ee728b) [PhysX] Initialized MultithreadedTaskDispatcher with 12 workers.
[PhysX] Initialized MultithreadedTaskDispatcher with 12 workers.
[PhysX] Initialized MultithreadedTaskDispatcher with 12 workers.
[PhysX] Initialized MultithreadedTaskDispatcher with 12 workers.
 -> (artifact id: '4f45dd86d2f8188472b0fa027c4ad5d7') in 0.006405 seconds
Number of updated asset objects reloaded before import = 0
Number of asset objects unloaded after import = 9
========================================================================
Received Import Request.
  Time since last request: 0.000147 seconds.
  path: Assets/Art/KayKit_Restaurant_Bits_1.0_FREE/Assets/fbx/jar_D_medium.fbx
  artifactKey: Guid(1ccb7192da6964df98b66b935a3d25e7) Importer(815301076,1909f56bfc062723c751e8b465ee728b)
Start importing Assets/Art/KayKit_Restaurant_Bits_1.0_FREE/Assets/fbx/jar_D_medium.fbx using Guid(1ccb7192da6964df98b66b935a3d25e7) Importer(815301076,1909f56bfc062723c751e8b465ee728b) [PhysX] Initialized MultithreadedTaskDispatcher with 12 workers.
[PhysX] Initialized MultithreadedTaskDispatcher with 12 workers.
[PhysX] Initialized MultithreadedTaskDispatcher with 12 workers.
[PhysX] Initialized MultithreadedTaskDispatcher with 12 workers.
 -> (artifact id: '817aaf2d9e1fd433178301c449abfa8c') in 0.006818 seconds
Number of updated asset objects reloaded before import = 0
Number of asset objects unloaded after import = 9
========================================================================
Received Import Request.
  Time since last request: 0.000034 seconds.
  path: Assets/Art/KayKit_Restaurant_Bits_1.0_FREE/Assets/fbx/fridge_B.fbx
  artifactKey: Guid(089580eafb0c54e278c0439dcae25d9a) Importer(815301076,1909f56bfc062723c751e8b465ee728b)
Start importing Assets/Art/KayKit_Restaurant_Bits_1.0_FREE/Assets/fbx/fridge_B.fbx using Guid(089580eafb0c54e278c0439dcae25d9a) Importer(815301076,1909f56bfc062723c751e8b465ee728b) [PhysX] Initialized MultithreadedTaskDispatcher with 12 workers.
[PhysX] Initialized MultithreadedTaskDispatcher with 12 workers.
[PhysX] Initialized MultithreadedTaskDispatcher with 12 workers.
[PhysX] Initialized MultithreadedTaskDispatcher with 12 workers.
[PhysX] Initialized MultithreadedTaskDispatcher with 12 workers.
[PhysX] Initialized MultithreadedTaskDispatcher with 12 workers.
 -> (artifact id: 'fd89cf3a2c93251357b842f7dd1d81a0') in 0.012965 seconds
Number of updated asset objects reloaded before import = 0
Number of asset objects unloaded after import = 14
========================================================================
Received Import Request.
  Time since last request: 0.000032 seconds.
  path: Assets/Art/KayKit_Restaurant_Bits_1.0_FREE/Assets/fbx/food_ingredient_vegetableburger_uncooked.fbx
  artifactKey: Guid(e99d7b9f9c7ca402ab2137d3d79212ac) Importer(815301076,1909f56bfc062723c751e8b465ee728b)
Start importing Assets/Art/KayKit_Restaurant_Bits_1.0_FREE/Assets/fbx/food_ingredient_vegetableburger_uncooked.fbx using Guid(e99d7b9f9c7ca402ab2137d3d79212ac) Importer(815301076,1909f56bfc062723c751e8b465ee728b) [PhysX] Initialized MultithreadedTaskDispatcher with 12 workers.
[PhysX] Initialized MultithreadedTaskDispatcher with 12 workers.
[PhysX] Initialized MultithreadedTaskDispatcher with 12 workers.
[PhysX] Initialized MultithreadedTaskDispatcher with 12 workers.
 -> (artifact id: '6e6829fe0ad2d90caa64ebd145220287') in 0.006808 seconds
Number of updated asset objects reloaded before import = 0
Number of asset objects unloaded after import = 9
========================================================================
Received Import Request.
  Time since last request: 0.000040 seconds.
  path: Assets/Art/KayKit_Restaurant_Bits_1.0_FREE/Assets/fbx/food_ingredient_steak_pieces.fbx
  artifactKey: Guid(445573e8dad754d40bb3a0fa294fae07) Importer(815301076,1909f56bfc062723c751e8b465ee728b)
Start importing Assets/Art/KayKit_Restaurant_Bits_1.0_FREE/Assets/fbx/food_ingredient_steak_pieces.fbx using Guid(445573e8dad754d40bb3a0fa294fae07) Importer(815301076,1909f56bfc062723c751e8b465ee728b) [PhysX] Initialized MultithreadedTaskDispatcher with 12 workers.
[PhysX] Initialized MultithreadedTaskDispatcher with 12 workers.
[PhysX] Initialized MultithreadedTaskDispatcher with 12 workers.
[PhysX] Initialized MultithreadedTaskDispatcher with 12 workers.
 -> (artifact id: '8781db9d14ef59cce0d1da8a6f74aa61') in 0.006326 seconds
Number of updated asset objects reloaded before import = 0
Number of asset objects unloaded after import = 9
========================================================================
Received Import Request.
  Time since last request: 0.000191 seconds.
  path: Assets/Art/KayKit_Restaurant_Bits_1.0_FREE/Assets/fbx/food_ingredient_onion.fbx
  artifactKey: Guid(302bf8a8fd1e14505ad4ef5df4488391) Importer(815301076,1909f56bfc062723c751e8b465ee728b)
Start importing Assets/Art/KayKit_Restaurant_Bits_1.0_FREE/Assets/fbx/food_ingredient_onion.fbx using Guid(302bf8a8fd1e14505ad4ef5df4488391) Importer(815301076,1909f56bfc062723c751e8b465ee728b) [PhysX] Initialized MultithreadedTaskDispatcher with 12 workers.
[PhysX] Initialized MultithreadedTaskDispatcher with 12 workers.
[PhysX] Initialized MultithreadedTaskDispatcher with 12 workers.
[PhysX] Initialized MultithreadedTaskDispatcher with 12 workers.
 -> (artifact id: 'ad9381a179ee403ff170bd3dcc0aabe2') in 0.006844 seconds
Number of updated asset objects reloaded before import = 0
Number of asset objects unloaded after import = 9
========================================================================
Received Import Request.
  Time since last request: 0.000032 seconds.
  path: Assets/Art/KayKit_Restaurant_Bits_1.0_FREE/Assets/fbx/food_ingredient_potato.fbx
  artifactKey: Guid(9948a271db0eb4a0a9b4fadcf6479d7a) Importer(815301076,1909f56bfc062723c751e8b465ee728b)
Start importing Assets/Art/KayKit_Restaurant_Bits_1.0_FREE/Assets/fbx/food_ingredient_potato.fbx using Guid(9948a271db0eb4a0a9b4fadcf6479d7a) Importer(815301076,1909f56bfc062723c751e8b465ee728b) [PhysX] Initialized MultithreadedTaskDispatcher with 12 workers.
[PhysX] Initialized MultithreadedTaskDispatcher with 12 workers.
[PhysX] Initialized MultithreadedTaskDispatcher with 12 workers.
[PhysX] Initialized MultithreadedTaskDispatcher with 12 workers.
 -> (artifact id: 'e514f5c2016dfce355f2f6d56aa30cc5') in 0.006748 seconds
Number of updated asset objects reloaded before import = 0
Number of asset objects unloaded after import = 9
========================================================================
Received Import Request.
  Time since last request: 0.000034 seconds.
  path: Assets/Art/KayKit_Restaurant_Bits_1.0_FREE/Assets/fbx/food_ingredient_potato_mashed.fbx
  artifactKey: Guid(79162f8425077404a8e465c1bff6c80c) Importer(815301076,1909f56bfc062723c751e8b465ee728b)
Start importing Assets/Art/KayKit_Restaurant_Bits_1.0_FREE/Assets/fbx/food_ingredient_potato_mashed.fbx using Guid(79162f8425077404a8e465c1bff6c80c) Importer(815301076,1909f56bfc062723c751e8b465ee728b) [PhysX] Initialized MultithreadedTaskDispatcher with 12 workers.
[PhysX] Initialized MultithreadedTaskDispatcher with 12 workers.
[PhysX] Initialized MultithreadedTaskDispatcher with 12 workers.
[PhysX] Initialized MultithreadedTaskDispatcher with 12 workers.
 -> (artifact id: 'fe2dfa00838643307ee43d821545a704') in 0.005990 seconds
Number of updated asset objects reloaded before import = 0
Number of asset objects unloaded after import = 9
========================================================================
Received Import Request.
  Time since last request: 0.000037 seconds.
  path: Assets/Art/KayKit_Restaurant_Bits_1.0_FREE/Assets/fbx/food_ingredient_cheese.fbx
  artifactKey: Guid(e77eeb375430c4599a966c36f6eb6160) Importer(815301076,1909f56bfc062723c751e8b465ee728b)
Start importing Assets/Art/KayKit_Restaurant_Bits_1.0_FREE/Assets/fbx/food_ingredient_cheese.fbx using Guid(e77eeb375430c4599a966c36f6eb6160) Importer(815301076,1909f56bfc062723c751e8b465ee728b) [PhysX] Initialized MultithreadedTaskDispatcher with 12 workers.
[PhysX] Initialized MultithreadedTaskDispatcher with 12 workers.
[PhysX] Initialized MultithreadedTaskDispatcher with 12 workers.
[PhysX] Initialized MultithreadedTaskDispatcher with 12 workers.
 -> (artifact id: '03fdad2b72e49e62c183b01f253b7323') in 0.006115 seconds
Number of updated asset objects reloaded before import = 0
Number of asset objects unloaded after import = 9
========================================================================
Received Import Request.
  Time since last request: 0.000025 seconds.
  path: Assets/Art/KayKit_Restaurant_Bits_1.0_FREE/Assets/fbx/food_ingredient_cheese_slice.fbx
  artifactKey: Guid(1e9df4d35ad884b59bda8de545304d22) Importer(815301076,1909f56bfc062723c751e8b465ee728b)
Start importing Assets/Art/KayKit_Restaurant_Bits_1.0_FREE/Assets/fbx/food_ingredient_cheese_slice.fbx using Guid(1e9df4d35ad884b59bda8de545304d22) Importer(815301076,1909f56bfc062723c751e8b465ee728b) [PhysX] Initialized MultithreadedTaskDispatcher with 12 workers.
[PhysX] Initialized MultithreadedTaskDispatcher with 12 workers.
[PhysX] Initialized MultithreadedTaskDispatcher with 12 workers.
[PhysX] Initialized MultithreadedTaskDispatcher with 12 workers.
 -> (artifact id: '0f703520cc848273b00525b8c87c3a1d') in 0.006856 seconds
Number of updated asset objects reloaded before import = 0
Number of asset objects unloaded after import = 9
========================================================================
Received Import Request.
  Time since last request: 0.000288 seconds.
  path: Assets/Art/KayKit_Restaurant_Bits_1.0_FREE/Assets/fbx/food_ingredient_carrot.fbx
  artifactKey: Guid(f3a7ac8f0716c49c987a7754dc32d361) Importer(815301076,1909f56bfc062723c751e8b465ee728b)
Start importing Assets/Art/KayKit_Restaurant_Bits_1.0_FREE/Assets/fbx/food_ingredient_carrot.fbx using Guid(f3a7ac8f0716c49c987a7754dc32d361) Importer(815301076,1909f56bfc062723c751e8b465ee728b) [PhysX] Initialized MultithreadedTaskDispatcher with 12 workers.
[PhysX] Initialized MultithreadedTaskDispatcher with 12 workers.
[PhysX] Initialized MultithreadedTaskDispatcher with 12 workers.
[PhysX] Initialized MultithreadedTaskDispatcher with 12 workers.
 -> (artifact id: '4b8a667dffa4e4185f3057d854f7b7bf') in 0.007282 seconds
Number of updated asset objects reloaded before import = 0
Number of asset objects unloaded after import = 9
========================================================================
Received Import Request.
  Time since last request: 0.000026 seconds.
  path: Assets/Art/KayKit_Restaurant_Bits_1.0_FREE/Assets/fbx/food_ingredient_burger_cooked.fbx
  artifactKey: Guid(0398c72d9082d42ba9e0edfd8d832fb1) Importer(815301076,1909f56bfc062723c751e8b465ee728b)
Start importing Assets/Art/KayKit_Restaurant_Bits_1.0_FREE/Assets/fbx/food_ingredient_burger_cooked.fbx using Guid(0398c72d9082d42ba9e0edfd8d832fb1) Importer(815301076,1909f56bfc062723c751e8b465ee728b) [PhysX] Initialized MultithreadedTaskDispatcher with 12 workers.
[PhysX] Initialized MultithreadedTaskDispatcher with 12 workers.
[PhysX] Initialized MultithreadedTaskDispatcher with 12 workers.
[PhysX] Initialized MultithreadedTaskDispatcher with 12 workers.
 -> (artifact id: 'be62c577891f3ddbdcd61b518f577b63') in 0.007057 seconds
Number of updated asset objects reloaded before import = 0
Number of asset objects unloaded after import = 9
========================================================================
Received Import Request.
  Time since last request: 0.000034 seconds.
  path: Assets/Art/KayKit_Restaurant_Bits_1.0_FREE/Assets/fbx/food_ingredient_bun.fbx
  artifactKey: Guid(39335d85d465f43878469161eb842315) Importer(815301076,1909f56bfc062723c751e8b465ee728b)
Start importing Assets/Art/KayKit_Restaurant_Bits_1.0_FREE/Assets/fbx/food_ingredient_bun.fbx using Guid(39335d85d465f43878469161eb842315) Importer(815301076,1909f56bfc062723c751e8b465ee728b) [PhysX] Initialized MultithreadedTaskDispatcher with 12 workers.
[PhysX] Initialized MultithreadedTaskDispatcher with 12 workers.
[PhysX] Initialized MultithreadedTaskDispatcher with 12 workers.
[PhysX] Initialized MultithreadedTaskDispatcher with 12 workers.
 -> (artifact id: '6109726508fb63d9ba3ef24d0f8bc05b') in 0.006626 seconds
Number of updated asset objects reloaded before import = 0
Number of asset objects unloaded after import = 9
========================================================================
Received Import Request.
  Time since last request: 0.000065 seconds.
  path: Assets/Art/KayKit_Restaurant_Bits_1.0_FREE/Assets/fbx/food_ingredient_ham_trash.fbx
  artifactKey: Guid(fbe5bf06b93624f429f8f5ab47ee6275) Importer(815301076,1909f56bfc062723c751e8b465ee728b)
Start importing Assets/Art/KayKit_Restaurant_Bits_1.0_FREE/Assets/fbx/food_ingredient_ham_trash.fbx using Guid(fbe5bf06b93624f429f8f5ab47ee6275) Importer(815301076,1909f56bfc062723c751e8b465ee728b) [PhysX] Initialized MultithreadedTaskDispatcher with 12 workers.
[PhysX] Initialized MultithreadedTaskDispatcher with 12 workers.
[PhysX] Initialized MultithreadedTaskDispatcher with 12 workers.
[PhysX] Initialized MultithreadedTaskDispatcher with 12 workers.
 -> (artifact id: 'cc36c7a64196fd9531749e56e8462b9f') in 0.007011 seconds
Number of updated asset objects reloaded before import = 0
Number of asset objects unloaded after import = 9
========================================================================
Received Import Request.
  Time since last request: 0.000037 seconds.
  path: Assets/Art/KayKit_Restaurant_Bits_1.0_FREE/Assets/fbx/floor_kitchen_small.fbx
  artifactKey: Guid(3ecb8f41abd87433ba9674cc07bff430) Importer(815301076,1909f56bfc062723c751e8b465ee728b)
Start importing Assets/Art/KayKit_Restaurant_Bits_1.0_FREE/Assets/fbx/floor_kitchen_small.fbx using Guid(3ecb8f41abd87433ba9674cc07bff430) Importer(815301076,1909f56bfc062723c751e8b465ee728b) [PhysX] Initialized MultithreadedTaskDispatcher with 12 workers.
[PhysX] Initialized MultithreadedTaskDispatcher with 12 workers.
[PhysX] Initialized MultithreadedTaskDispatcher with 12 workers.
[PhysX] Initialized MultithreadedTaskDispatcher with 12 workers.
 -> (artifact id: '1d9ad8313b19478460a20cf8e0762407') in 0.006680 seconds
Number of updated asset objects reloaded before import = 0
Number of asset objects unloaded after import = 9
========================================================================
Received Import Request.
  Time since last request: 0.000049 seconds.
  path: Assets/Art/KayKit_Restaurant_Bits_1.0_FREE/Assets/fbx/door_B.fbx
  artifactKey: Guid(54445aef9e9b848aabfbbcabd4be1911) Importer(815301076,1909f56bfc062723c751e8b465ee728b)
Start importing Assets/Art/KayKit_Restaurant_Bits_1.0_FREE/Assets/fbx/door_B.fbx using Guid(54445aef9e9b848aabfbbcabd4be1911) Importer(815301076,1909f56bfc062723c751e8b465ee728b) [PhysX] Initialized MultithreadedTaskDispatcher with 12 workers.
[PhysX] Initialized MultithreadedTaskDispatcher with 12 workers.
[PhysX] Initialized MultithreadedTaskDispatcher with 12 workers.
[PhysX] Initialized MultithreadedTaskDispatcher with 12 workers.
 -> (artifact id: '05faa12a066bdc11ca69398f72854a8a') in 0.007040 seconds
Number of updated asset objects reloaded before import = 0
Number of asset objects unloaded after import = 9
========================================================================
Received Import Request.
  Time since last request: 0.000040 seconds.
  path: Assets/Art/KayKit_Restaurant_Bits_1.0_FREE/Assets/fbx/food_ingredient_carrot_chopped.fbx
  artifactKey: Guid(f52f3ac86a50742aca1944605e1881ea) Importer(815301076,1909f56bfc062723c751e8b465ee728b)
Start importing Assets/Art/KayKit_Restaurant_Bits_1.0_FREE/Assets/fbx/food_ingredient_carrot_chopped.fbx using Guid(f52f3ac86a50742aca1944605e1881ea) Importer(815301076,1909f56bfc062723c751e8b465ee728b) [PhysX] Initialized MultithreadedTaskDispatcher with 12 workers.
[PhysX] Initialized MultithreadedTaskDispatcher with 12 workers.
[PhysX] Initialized MultithreadedTaskDispatcher with 12 workers.
[PhysX] Initialized MultithreadedTaskDispatcher with 12 workers.
 -> (artifact id: '9c5fb1d3c93a4b4b5fb02c41d5a4115a') in 0.006642 seconds
Number of updated asset objects reloaded before import = 0
Number of asset objects unloaded after import = 9
========================================================================
Received Import Request.
  Time since last request: 0.000093 seconds.
  path: Assets/Art/KayKit_Restaurant_Bits_1.0_FREE/Assets/fbx/dishrack_plates.fbx
  artifactKey: Guid(b8b974815000342ce9289ff74a4dfcfb) Importer(815301076,1909f56bfc062723c751e8b465ee728b)
Start importing Assets/Art/KayKit_Restaurant_Bits_1.0_FREE/Assets/fbx/dishrack_plates.fbx using Guid(b8b974815000342ce9289ff74a4dfcfb) Importer(815301076,1909f56bfc062723c751e8b465ee728b) [PhysX] Initialized MultithreadedTaskDispatcher with 12 workers.
[PhysX] Initialized MultithreadedTaskDispatcher with 12 workers.
[PhysX] Initialized MultithreadedTaskDispatcher with 12 workers.
[PhysX] Initialized MultithreadedTaskDispatcher with 12 workers.
 -> (artifact id: '5924e18c3e46bd82fd84b8dc914165c4') in 0.006452 seconds
Number of updated asset objects reloaded before import = 0
Number of asset objects unloaded after import = 9
========================================================================
Received Import Request.
  Time since last request: 0.000069 seconds.
  path: Assets/Art/KayKit_Restaurant_Bits_1.0_FREE/Assets/obj/kitchencounter_sink_backsplash.obj
  artifactKey: Guid(f22ae2a5f3ea64a3e818376da74e8435) Importer(815301076,1909f56bfc062723c751e8b465ee728b)
Start importing Assets/Art/KayKit_Restaurant_Bits_1.0_FREE/Assets/obj/kitchencounter_sink_backsplash.obj using Guid(f22ae2a5f3ea64a3e818376da74e8435) Importer(815301076,1909f56bfc062723c751e8b465ee728b) [PhysX] Initialized MultithreadedTaskDispatcher with 12 workers.
[PhysX] Initialized MultithreadedTaskDispatcher with 12 workers.
[PhysX] Initialized MultithreadedTaskDispatcher with 12 workers.
[PhysX] Initialized MultithreadedTaskDispatcher with 12 workers.
[PhysX] Initialized MultithreadedTaskDispatcher with 12 workers.
 -> (artifact id: '6462c39d7551f6d1c902043c9bb65f1c') in 0.008384 seconds
Number of updated asset objects reloaded before import = 0
Number of asset objects unloaded after import = 11
========================================================================
Received Import Request.
  Time since last request: 0.000040 seconds.
  path: Assets/Art/KayKit_Restaurant_Bits_1.0_FREE/Assets/obj/kitchencounter_straight_A_backsplash.obj
  artifactKey: Guid(4721f8cf25e0c43e78d70fdb06935c23) Importer(815301076,1909f56bfc062723c751e8b465ee728b)
Start importing Assets/Art/KayKit_Restaurant_Bits_1.0_FREE/Assets/obj/kitchencounter_straight_A_backsplash.obj using Guid(4721f8cf25e0c43e78d70fdb06935c23) Importer(815301076,1909f56bfc062723c751e8b465ee728b) [PhysX] Initialized MultithreadedTaskDispatcher with 12 workers.
[PhysX] Initialized MultithreadedTaskDispatcher with 12 workers.
[PhysX] Initialized MultithreadedTaskDispatcher with 12 workers.
[PhysX] Initialized MultithreadedTaskDispatcher with 12 workers.
[PhysX] Initialized MultithreadedTaskDispatcher with 12 workers.
 -> (artifact id: '02af953083e3ccd3380a9769767c2f13') in 0.008053 seconds
Number of updated asset objects reloaded before import = 0
Number of asset objects unloaded after import = 11
========================================================================
Received Import Request.
  Time since last request: 0.000068 seconds.
  path: Assets/Art/KayKit_Restaurant_Bits_1.0_FREE/Assets/obj/kitchentable_A_large_decorated.obj
  artifactKey: Guid(a3a568e3aee804b08a62400a4e702e28) Importer(815301076,1909f56bfc062723c751e8b465ee728b)
Start importing Assets/Art/KayKit_Restaurant_Bits_1.0_FREE/Assets/obj/kitchentable_A_large_decorated.obj using Guid(a3a568e3aee804b08a62400a4e702e28) Importer(815301076,1909f56bfc062723c751e8b465ee728b) [PhysX] Initialized MultithreadedTaskDispatcher with 12 workers.
[PhysX] Initialized MultithreadedTaskDispatcher with 12 workers.
[PhysX] Initialized MultithreadedTaskDispatcher with 12 workers.
[PhysX] Initialized MultithreadedTaskDispatcher with 12 workers.
[PhysX] Initialized MultithreadedTaskDispatcher with 12 workers.
 -> (artifact id: '757efa8d9dbf0702da8b744a68e06f52') in 0.008317 seconds
Number of updated asset objects reloaded before import = 0
Number of asset objects unloaded after import = 11
========================================================================
Received Import Request.
  Time since last request: 0.000059 seconds.
  path: Assets/Art/KayKit_Restaurant_Bits_1.0_FREE/Assets/obj/kitchentable_A_large.obj
  artifactKey: Guid(d4b3ce7ac725444ea94ef8118e57ab00) Importer(815301076,1909f56bfc062723c751e8b465ee728b)
Start importing Assets/Art/KayKit_Restaurant_Bits_1.0_FREE/Assets/obj/kitchentable_A_large.obj using Guid(d4b3ce7ac725444ea94ef8118e57ab00) Importer(815301076,1909f56bfc062723c751e8b465ee728b) [PhysX] Initialized MultithreadedTaskDispatcher with 12 workers.
[PhysX] Initialized MultithreadedTaskDispatcher with 12 workers.
[PhysX] Initialized MultithreadedTaskDispatcher with 12 workers.
[PhysX] Initialized MultithreadedTaskDispatcher with 12 workers.
[PhysX] Initialized MultithreadedTaskDispatcher with 12 workers.
 -> (artifact id: 'b143f2bb76ccb07db7caafaef9dbcab0') in 0.007318 seconds
Number of updated asset objects reloaded before import = 0
Number of asset objects unloaded after import = 11
========================================================================
Received Import Request.
  Time since last request: 0.000030 seconds.
  path: Assets/Art/KayKit_Restaurant_Bits_1.0_FREE/Assets/obj/knife.obj
  artifactKey: Guid(379ca6058b6db4a62a80213a714f8735) Importer(815301076,1909f56bfc062723c751e8b465ee728b)
Start importing Assets/Art/KayKit_Restaurant_Bits_1.0_FREE/Assets/obj/knife.obj using Guid(379ca6058b6db4a62a80213a714f8735) Importer(815301076,1909f56bfc062723c751e8b465ee728b) [PhysX] Initialized MultithreadedTaskDispatcher with 12 workers.
[PhysX] Initialized MultithreadedTaskDispatcher with 12 workers.
[PhysX] Initialized MultithreadedTaskDispatcher with 12 workers.
[PhysX] Initialized MultithreadedTaskDispatcher with 12 workers.
[PhysX] Initialized MultithreadedTaskDispatcher with 12 workers.
 -> (artifact id: 'd9ddfce46af7db5f8dbf5da10a94442a') in 0.007550 seconds
Number of updated asset objects reloaded before import = 0
Number of asset objects unloaded after import = 11
========================================================================
Received Import Request.
  Time since last request: 0.000047 seconds.
  path: Assets/Art/KayKit_Restaurant_Bits_1.0_FREE/Assets/obj/jar_A_medium.obj
  artifactKey: Guid(df3063c713b3f424a856a341d2d37942) Importer(815301076,1909f56bfc062723c751e8b465ee728b)
Start importing Assets/Art/KayKit_Restaurant_Bits_1.0_FREE/Assets/obj/jar_A_medium.obj using Guid(df3063c713b3f424a856a341d2d37942) Importer(815301076,1909f56bfc062723c751e8b465ee728b) [PhysX] Initialized MultithreadedTaskDispatcher with 12 workers.
[PhysX] Initialized MultithreadedTaskDispatcher with 12 workers.
[PhysX] Initialized MultithreadedTaskDispatcher with 12 workers.
[PhysX] Initialized MultithreadedTaskDispatcher with 12 workers.
[PhysX] Initialized MultithreadedTaskDispatcher with 12 workers.
 -> (artifact id: 'a6a40e63fc666ed0f236a068b4777646') in 0.008005 seconds
Number of updated asset objects reloaded before import = 0
Number of asset objects unloaded after import = 11
========================================================================
Received Import Request.
  Time since last request: 0.000058 seconds.
  path: Assets/Art/KayKit_Restaurant_Bits_1.0_FREE/Assets/obj/jar_B_large.obj
  artifactKey: Guid(55d50eef912fa4bb68689f7810503e5e) Importer(815301076,1909f56bfc062723c751e8b465ee728b)
Start importing Assets/Art/KayKit_Restaurant_Bits_1.0_FREE/Assets/obj/jar_B_large.obj using Guid(55d50eef912fa4bb68689f7810503e5e) Importer(815301076,1909f56bfc062723c751e8b465ee728b) [PhysX] Initialized MultithreadedTaskDispatcher with 12 workers.
[PhysX] Initialized MultithreadedTaskDispatcher with 12 workers.
[PhysX] Initialized MultithreadedTaskDispatcher with 12 workers.
[PhysX] Initialized MultithreadedTaskDispatcher with 12 workers.
[PhysX] Initialized MultithreadedTaskDispatcher with 12 workers.
 -> (artifact id: 'c08e18de7e2750601cb234caa0001f49') in 0.008565 seconds
Number of updated asset objects reloaded before import = 0
Number of asset objects unloaded after import = 11
========================================================================
Received Import Request.
  Time since last request: 0.000047 seconds.
  path: Assets/Art/KayKit_Restaurant_Bits_1.0_FREE/Assets/obj/kitchencabinet_corner_half.obj
  artifactKey: Guid(d1a31773c0fe54bceaa162b62930c8ea) Importer(815301076,1909f56bfc062723c751e8b465ee728b)
Start importing Assets/Art/KayKit_Restaurant_Bits_1.0_FREE/Assets/obj/kitchencabinet_corner_half.obj using Guid(d1a31773c0fe54bceaa162b62930c8ea) Importer(815301076,1909f56bfc062723c751e8b465ee728b) [PhysX] Initialized MultithreadedTaskDispatcher with 12 workers.
[PhysX] Initialized MultithreadedTaskDispatcher with 12 workers.
[PhysX] Initialized MultithreadedTaskDispatcher with 12 workers.
[PhysX] Initialized MultithreadedTaskDispatcher with 12 workers.
[PhysX] Initialized MultithreadedTaskDispatcher with 12 workers.
 -> (artifact id: '4ad4948b37188fad7fcd4e5699351156') in 0.008339 seconds
Number of updated asset objects reloaded before import = 0
Number of asset objects unloaded after import = 11
========================================================================
Received Import Request.
  Time since last request: 0.000080 seconds.
  path: Assets/Art/KayKit_Restaurant_Bits_1.0_FREE/Assets/obj/fridge_B_door.obj
  artifactKey: Guid(a1256ca80e7ee4c1e95aa6d2116dcd24) Importer(815301076,1909f56bfc062723c751e8b465ee728b)
Start importing Assets/Art/KayKit_Restaurant_Bits_1.0_FREE/Assets/obj/fridge_B_door.obj using Guid(a1256ca80e7ee4c1e95aa6d2116dcd24) Importer(815301076,1909f56bfc062723c751e8b465ee728b) [PhysX] Initialized MultithreadedTaskDispatcher with 12 workers.
[PhysX] Initialized MultithreadedTaskDispatcher with 12 workers.
[PhysX] Initialized MultithreadedTaskDispatcher with 12 workers.
[PhysX] Initialized MultithreadedTaskDispatcher with 12 workers.
[PhysX] Initialized MultithreadedTaskDispatcher with 12 workers.
 -> (artifact id: 'ba5e2fa0791be6df3cf24a91b69d7b30') in 0.007072 seconds
Number of updated asset objects reloaded before import = 0
Number of asset objects unloaded after import = 11
========================================================================
Received Import Request.
  Time since last request: 0.000025 seconds.
  path: Assets/Art/KayKit_Restaurant_Bits_1.0_FREE/Assets/obj/ketchup.obj
  artifactKey: Guid(05b4684516e8e48caaaa9d6881b55ea9) Importer(815301076,1909f56bfc062723c751e8b465ee728b)
Start importing Assets/Art/KayKit_Restaurant_Bits_1.0_FREE/Assets/obj/ketchup.obj using Guid(05b4684516e8e48caaaa9d6881b55ea9) Importer(815301076,1909f56bfc062723c751e8b465ee728b) [PhysX] Initialized MultithreadedTaskDispatcher with 12 workers.
[PhysX] Initialized MultithreadedTaskDispatcher with 12 workers.
[PhysX] Initialized MultithreadedTaskDispatcher with 12 workers.
[PhysX] Initialized MultithreadedTaskDispatcher with 12 workers.
[PhysX] Initialized MultithreadedTaskDispatcher with 12 workers.
 -> (artifact id: 'e8f3613c28a1b92c0c6f8109c03208b9') in 0.006750 seconds
Number of updated asset objects reloaded before import = 0
Number of asset objects unloaded after import = 11
========================================================================
Received Import Request.
  Time since last request: 0.000029 seconds.
  path: Assets/Art/KayKit_Restaurant_Bits_1.0_FREE/Assets/obj/kitchentable_sink.obj
  artifactKey: Guid(691df58c376764e51a47f7ac6f387818) Importer(815301076,1909f56bfc062723c751e8b465ee728b)
Start importing Assets/Art/KayKit_Restaurant_Bits_1.0_FREE/Assets/obj/kitchentable_sink.obj using Guid(691df58c376764e51a47f7ac6f387818) Importer(815301076,1909f56bfc062723c751e8b465ee728b) [PhysX] Initialized MultithreadedTaskDispatcher with 12 workers.
[PhysX] Initialized MultithreadedTaskDispatcher with 12 workers.
[PhysX] Initialized MultithreadedTaskDispatcher with 12 workers.
[PhysX] Initialized MultithreadedTaskDispatcher with 12 workers.
[PhysX] Initialized MultithreadedTaskDispatcher with 12 workers.
 -> (artifact id: '54e260b0d55656c7b0f8a0e3239a9b8a') in 0.007472 seconds
Number of updated asset objects reloaded before import = 0
Number of asset objects unloaded after import = 11
========================================================================
Received Import Request.
  Time since last request: 0.000035 seconds.
  path: Assets/Art/KayKit_Restaurant_Bits_1.0_FREE/Assets/obj/stove_multi.obj
  artifactKey: Guid(12afd9b1c6c574402a442c1a7876e064) Importer(815301076,1909f56bfc062723c751e8b465ee728b)
Start importing Assets/Art/KayKit_Restaurant_Bits_1.0_FREE/Assets/obj/stove_multi.obj using Guid(12afd9b1c6c574402a442c1a7876e064) Importer(815301076,1909f56bfc062723c751e8b465ee728b) [PhysX] Initialized MultithreadedTaskDispatcher with 12 workers.
[PhysX] Initialized MultithreadedTaskDispatcher with 12 workers.
[PhysX] Initialized MultithreadedTaskDispatcher with 12 workers.
[PhysX] Initialized MultithreadedTaskDispatcher with 12 workers.
[PhysX] Initialized MultithreadedTaskDispatcher with 12 workers.
 -> (artifact id: '94c84f815835473764610613beefc8a2') in 0.007299 seconds
Number of updated asset objects reloaded before import = 0
Number of asset objects unloaded after import = 11
========================================================================
Received Import Request.
  Time since last request: 0.000032 seconds.
  path: Assets/Art/KayKit_Restaurant_Bits_1.0_FREE/Assets/obj/table_round_A_small_decorated.obj
  artifactKey: Guid(04b6c0ee437f044a0b117315a1b6828d) Importer(815301076,1909f56bfc062723c751e8b465ee728b)
Start importing Assets/Art/KayKit_Restaurant_Bits_1.0_FREE/Assets/obj/table_round_A_small_decorated.obj using Guid(04b6c0ee437f044a0b117315a1b6828d) Importer(815301076,1909f56bfc062723c751e8b465ee728b) [PhysX] Initialized MultithreadedTaskDispatcher with 12 workers.
[PhysX] Initialized MultithreadedTaskDispatcher with 12 workers.
[PhysX] Initialized MultithreadedTaskDispatcher with 12 workers.
[PhysX] Initialized MultithreadedTaskDispatcher with 12 workers.
[PhysX] Initialized MultithreadedTaskDispatcher with 12 workers.
 -> (artifact id: 'e6df1e5a3bbd77fed420a04d0b08c5ad') in 0.008181 seconds
Number of updated asset objects reloaded before import = 0
Number of asset objects unloaded after import = 11
========================================================================
Received Import Request.
  Time since last request: 0.000033 seconds.
  path: Assets/Art/KayKit_Restaurant_Bits_1.0_FREE/Assets/obj/table_round_A_decorated.obj
  artifactKey: Guid(f14734039a24d4437b97537caf159dd7) Importer(815301076,1909f56bfc062723c751e8b465ee728b)
Start importing Assets/Art/KayKit_Restaurant_Bits_1.0_FREE/Assets/obj/table_round_A_decorated.obj using Guid(f14734039a24d4437b97537caf159dd7) Importer(815301076,1909f56bfc062723c751e8b465ee728b) [PhysX] Initialized MultithreadedTaskDispatcher with 12 workers.
[PhysX] Initialized MultithreadedTaskDispatcher with 12 workers.
[PhysX] Initialized MultithreadedTaskDispatcher with 12 workers.
[PhysX] Initialized MultithreadedTaskDispatcher with 12 workers.
[PhysX] Initialized MultithreadedTaskDispatcher with 12 workers.
 -> (artifact id: 'f1b3ab659dc4fa1dd01289eabbeed2e7') in 0.008785 seconds
Number of updated asset objects reloaded before import = 0
Number of asset objects unloaded after import = 11
========================================================================
Received Import Request.
  Time since last request: 0.000038 seconds.
  path: Assets/Art/KayKit_Restaurant_Bits_1.0_FREE/Assets/obj/table_round_A.obj
  artifactKey: Guid(c4aea7b96ba4741af96ccc11577d8ef2) Importer(815301076,1909f56bfc062723c751e8b465ee728b)
Start importing Assets/Art/KayKit_Restaurant_Bits_1.0_FREE/Assets/obj/table_round_A.obj using Guid(c4aea7b96ba4741af96ccc11577d8ef2) Importer(815301076,1909f56bfc062723c751e8b465ee728b) [PhysX] Initialized MultithreadedTaskDispatcher with 12 workers.
[PhysX] Initialized MultithreadedTaskDispatcher with 12 workers.
[PhysX] Initialized MultithreadedTaskDispatcher with 12 workers.
[PhysX] Initialized MultithreadedTaskDispatcher with 12 workers.
[PhysX] Initialized MultithreadedTaskDispatcher with 12 workers.
 -> (artifact id: '73c695d72b650ada661cfd6544a76031') in 0.007775 seconds
Number of updated asset objects reloaded before import = 0
Number of asset objects unloaded after import = 11
========================================================================
Received Import Request.
  Time since last request: 0.000037 seconds.
  path: Assets/Art/KayKit_Restaurant_Bits_1.0_FREE/Assets/obj/stove_single_countertop.obj
  artifactKey: Guid(f878ac28e9ea44a34a72d61165b49416) Importer(815301076,1909f56bfc062723c751e8b465ee728b)
Start importing Assets/Art/KayKit_Restaurant_Bits_1.0_FREE/Assets/obj/stove_single_countertop.obj using Guid(f878ac28e9ea44a34a72d61165b49416) Importer(815301076,1909f56bfc062723c751e8b465ee728b) [PhysX] Initialized MultithreadedTaskDispatcher with 12 workers.
[PhysX] Initialized MultithreadedTaskDispatcher with 12 workers.
[PhysX] Initialized MultithreadedTaskDispatcher with 12 workers.
[PhysX] Initialized MultithreadedTaskDispatcher with 12 workers.
[PhysX] Initialized MultithreadedTaskDispatcher with 12 workers.
 -> (artifact id: 'a0fefa6f8277ea9914c6bdc336ce7a9d') in 0.009636 seconds
Number of updated asset objects reloaded before import = 0
Number of asset objects unloaded after import = 11
========================================================================
Received Import Request.
  Time since last request: 0.000045 seconds.
  path: Assets/Art/KayKit_Restaurant_Bits_1.0_FREE/Assets/obj/oven.obj
  artifactKey: Guid(1a61ca4a24534428383451656cd2194d) Importer(815301076,1909f56bfc062723c751e8b465ee728b)
Start importing Assets/Art/KayKit_Restaurant_Bits_1.0_FREE/Assets/obj/oven.obj using Guid(1a61ca4a24534428383451656cd2194d) Importer(815301076,1909f56bfc062723c751e8b465ee728b) [PhysX] Initialized MultithreadedTaskDispatcher with 12 workers.
[PhysX] Initialized MultithreadedTaskDispatcher with 12 workers.
[PhysX] Initialized MultithreadedTaskDispatcher with 12 workers.
[PhysX] Initialized MultithreadedTaskDispatcher with 12 workers.
[PhysX] Initialized MultithreadedTaskDispatcher with 12 workers.
 -> (artifact id: 'd82869db23123e3a1b8367bf6fd92b29') in 0.008308 seconds
Number of updated asset objects reloaded before import = 0
Number of asset objects unloaded after import = 11
========================================================================
Received Import Request.
  Time since last request: 0.000034 seconds.
  path: Assets/Art/KayKit_Restaurant_Bits_1.0_FREE/Assets/obj/shelf_papertowel_decorated.obj
  artifactKey: Guid(338eb2f64c0b149c78cd4eeb143b4ed6) Importer(815301076,1909f56bfc062723c751e8b465ee728b)
Start importing Assets/Art/KayKit_Restaurant_Bits_1.0_FREE/Assets/obj/shelf_papertowel_decorated.obj using Guid(338eb2f64c0b149c78cd4eeb143b4ed6) Importer(815301076,1909f56bfc062723c751e8b465ee728b) [PhysX] Initialized MultithreadedTaskDispatcher with 12 workers.
[PhysX] Initialized MultithreadedTaskDispatcher with 12 workers.
[PhysX] Initialized MultithreadedTaskDispatcher with 12 workers.
[PhysX] Initialized MultithreadedTaskDispatcher with 12 workers.
[PhysX] Initialized MultithreadedTaskDispatcher with 12 workers.
 -> (artifact id: '6ba8b8c198bd7159069736fa5c607b01') in 0.007867 seconds
Number of updated asset objects reloaded before import = 0
Number of asset objects unloaded after import = 11
========================================================================
Received Import Request.
  Time since last request: 0.000032 seconds.
  path: Assets/Art/KayKit_Restaurant_Bits_1.0_FREE/Assets/obj/kitchencounter_innercorner_backsplash.obj
  artifactKey: Guid(c78ac778a729f4b6f9c840bb62f6b7bc) Importer(815301076,1909f56bfc062723c751e8b465ee728b)
Start importing Assets/Art/KayKit_Restaurant_Bits_1.0_FREE/Assets/obj/kitchencounter_innercorner_backsplash.obj using Guid(c78ac778a729f4b6f9c840bb62f6b7bc) Importer(815301076,1909f56bfc062723c751e8b465ee728b) [PhysX] Initialized MultithreadedTaskDispatcher with 12 workers.
[PhysX] Initialized MultithreadedTaskDispatcher with 12 workers.
[PhysX] Initialized MultithreadedTaskDispatcher with 12 workers.
[PhysX] Initialized MultithreadedTaskDispatcher with 12 workers.
[PhysX] Initialized MultithreadedTaskDispatcher with 12 workers.
 -> (artifact id: 'ad9ceee1e1860f485d417d9e8324e821') in 0.007465 seconds
Number of updated asset objects reloaded before import = 0
Number of asset objects unloaded after import = 11
========================================================================
Received Import Request.
  Time since last request: 0.000024 seconds.
  path: Assets/Art/KayKit_Restaurant_Bits_1.0_FREE/Assets/obj/table_round_B.obj
  artifactKey: Guid(4829a3bca9eec4302999140f042a89d4) Importer(815301076,1909f56bfc062723c751e8b465ee728b)
Start importing Assets/Art/KayKit_Restaurant_Bits_1.0_FREE/Assets/obj/table_round_B.obj using Guid(4829a3bca9eec4302999140f042a89d4) Importer(815301076,1909f56bfc062723c751e8b465ee728b) [PhysX] Initialized MultithreadedTaskDispatcher with 12 workers.
[PhysX] Initialized MultithreadedTaskDispatcher with 12 workers.
[PhysX] Initialized MultithreadedTaskDispatcher with 12 workers.
[PhysX] Initialized MultithreadedTaskDispatcher with 12 workers.
[PhysX] Initialized MultithreadedTaskDispatcher with 12 workers.
 -> (artifact id: '47df3972014bf31c8bb817fef566cfd5') in 0.007510 seconds
Number of updated asset objects reloaded before import = 0
Number of asset objects unloaded after import = 11
========================================================================
Received Import Request.
  Time since last request: 0.000045 seconds.
  path: Assets/Art/KayKit_Restaurant_Bits_1.0_FREE/Assets/obj/pillar_A.obj
  artifactKey: Guid(b6bc018c74c9641398e69aaec944491e) Importer(815301076,1909f56bfc062723c751e8b465ee728b)
Start importing Assets/Art/KayKit_Restaurant_Bits_1.0_FREE/Assets/obj/pillar_A.obj using Guid(b6bc018c74c9641398e69aaec944491e) Importer(815301076,1909f56bfc062723c751e8b465ee728b) [PhysX] Initialized MultithreadedTaskDispatcher with 12 workers.
[PhysX] Initialized MultithreadedTaskDispatcher with 12 workers.
[PhysX] Initialized MultithreadedTaskDispatcher with 12 workers.
[PhysX] Initialized MultithreadedTaskDispatcher with 12 workers.
[PhysX] Initialized MultithreadedTaskDispatcher with 12 workers.
 -> (artifact id: 'db46c3f05a6ba725c4fc8f9e34312a48') in 0.007192 seconds
Number of updated asset objects reloaded before import = 0
Number of asset objects unloaded after import = 11
========================================================================
Received Import Request.
  Time since last request: 0.000032 seconds.
  path: Assets/Art/KayKit_Restaurant_Bits_1.0_FREE/Assets/obj/plate_small.obj
  artifactKey: Guid(d83349c341442458987df7493b117f8a) Importer(815301076,1909f56bfc062723c751e8b465ee728b)
Start importing Assets/Art/KayKit_Restaurant_Bits_1.0_FREE/Assets/obj/plate_small.obj using Guid(d83349c341442458987df7493b117f8a) Importer(815301076,1909f56bfc062723c751e8b465ee728b) [PhysX] Initialized MultithreadedTaskDispatcher with 12 workers.
[PhysX] Initialized MultithreadedTaskDispatcher with 12 workers.
[PhysX] Initialized MultithreadedTaskDispatcher with 12 workers.
[PhysX] Initialized MultithreadedTaskDispatcher with 12 workers.
[PhysX] Initialized MultithreadedTaskDispatcher with 12 workers.
 -> (artifact id: '41c963040cd1d3795213fb1c97574a2f') in 0.007895 seconds
Number of updated asset objects reloaded before import = 0
Number of asset objects unloaded after import = 11
========================================================================
Received Import Request.
  Time since last request: 0.000040 seconds.
  path: Assets/Art/KayKit_Restaurant_Bits_1.0_FREE/Assets/obj/shelf_papertowel.obj
  artifactKey: Guid(f185204eebd82494aa79c5c0e2ca047f) Importer(815301076,1909f56bfc062723c751e8b465ee728b)
Start importing Assets/Art/KayKit_Restaurant_Bits_1.0_FREE/Assets/obj/shelf_papertowel.obj using Guid(f185204eebd82494aa79c5c0e2ca047f) Importer(815301076,1909f56bfc062723c751e8b465ee728b) [PhysX] Initialized MultithreadedTaskDispatcher with 12 workers.
[PhysX] Initialized MultithreadedTaskDispatcher with 12 workers.
[PhysX] Initialized MultithreadedTaskDispatcher with 12 workers.
[PhysX] Initialized MultithreadedTaskDispatcher with 12 workers.
[PhysX] Initialized MultithreadedTaskDispatcher with 12 workers.
 -> (artifact id: '03664ef0926eea1b3f49b822caecc699') in 0.008045 seconds
Number of updated asset objects reloaded before import = 0
Number of asset objects unloaded after import = 11
========================================================================
Received Import Request.
  Time since last request: 0.000040 seconds.
  path: Assets/Art/KayKit_Restaurant_Bits_1.0_FREE/Assets/obj/food_ingredient_bun.obj
  artifactKey: Guid(ea6ab70a1bda141daa41a000d147ba33) Importer(815301076,1909f56bfc062723c751e8b465ee728b)
Start importing Assets/Art/KayKit_Restaurant_Bits_1.0_FREE/Assets/obj/food_ingredient_bun.obj using Guid(ea6ab70a1bda141daa41a000d147ba33) Importer(815301076,1909f56bfc062723c751e8b465ee728b) [PhysX] Initialized MultithreadedTaskDispatcher with 12 workers.
[PhysX] Initialized MultithreadedTaskDispatcher with 12 workers.
[PhysX] Initialized MultithreadedTaskDispatcher with 12 workers.
[PhysX] Initialized MultithreadedTaskDispatcher with 12 workers.
[PhysX] Initialized MultithreadedTaskDispatcher with 12 workers.
 -> (artifact id: '9feac544ec55385c0f85db2cd8ba6597') in 0.007795 seconds
Number of updated asset objects reloaded before import = 0
Number of asset objects unloaded after import = 11
========================================================================
Received Import Request.
  Time since last request: 0.000032 seconds.
  path: Assets/Art/KayKit_Restaurant_Bits_1.0_FREE/Assets/obj/pot_A_stew.obj
  artifactKey: Guid(579fa9f81ef0941709ca9e744c004d80) Importer(815301076,1909f56bfc062723c751e8b465ee728b)
Start importing Assets/Art/KayKit_Restaurant_Bits_1.0_FREE/Assets/obj/pot_A_stew.obj using Guid(579fa9f81ef0941709ca9e744c004d80) Importer(815301076,1909f56bfc062723c751e8b465ee728b) [PhysX] Initialized MultithreadedTaskDispatcher with 12 workers.
[PhysX] Initialized MultithreadedTaskDispatcher with 12 workers.
[PhysX] Initialized MultithreadedTaskDispatcher with 12 workers.
[PhysX] Initialized MultithreadedTaskDispatcher with 12 workers.
[PhysX] Initialized MultithreadedTaskDispatcher with 12 workers.
 -> (artifact id: '3972c4ca4de39d181ae9a28eacda8881') in 0.007503 seconds
Number of updated asset objects reloaded before import = 0
Number of asset objects unloaded after import = 11
========================================================================
Received Import Request.
  Time since last request: 0.000036 seconds.
  path: Assets/Art/KayKit_Restaurant_Bits_1.0_FREE/Assets/obj/fridge_A_decorated_door_top.obj
  artifactKey: Guid(0ce4e6a8371324b408fc636573524d02) Importer(815301076,1909f56bfc062723c751e8b465ee728b)
Start importing Assets/Art/KayKit_Restaurant_Bits_1.0_FREE/Assets/obj/fridge_A_decorated_door_top.obj using Guid(0ce4e6a8371324b408fc636573524d02) Importer(815301076,1909f56bfc062723c751e8b465ee728b) [PhysX] Initialized MultithreadedTaskDispatcher with 12 workers.
[PhysX] Initialized MultithreadedTaskDispatcher with 12 workers.
[PhysX] Initialized MultithreadedTaskDispatcher with 12 workers.
[PhysX] Initialized MultithreadedTaskDispatcher with 12 workers.
[PhysX] Initialized MultithreadedTaskDispatcher with 12 workers.
 -> (artifact id: '9881f249ae8f6edac777da28594aeb4f') in 0.007810 seconds
Number of updated asset objects reloaded before import = 0
Number of asset objects unloaded after import = 11
========================================================================
Received Import Request.
  Time since last request: 0.000024 seconds.
  path: Assets/Art/KayKit_Restaurant_Bits_1.0_FREE/Assets/obj/food_ingredient_bun_top.obj
  artifactKey: Guid(6727404b5d864443493dddfb7d51b498) Importer(815301076,1909f56bfc062723c751e8b465ee728b)
Start importing Assets/Art/KayKit_Restaurant_Bits_1.0_FREE/Assets/obj/food_ingredient_bun_top.obj using Guid(6727404b5d864443493dddfb7d51b498) Importer(815301076,1909f56bfc062723c751e8b465ee728b) [PhysX] Initialized MultithreadedTaskDispatcher with 12 workers.
[PhysX] Initialized MultithreadedTaskDispatcher with 12 workers.
[PhysX] Initialized MultithreadedTaskDispatcher with 12 workers.
[PhysX] Initialized MultithreadedTaskDispatcher with 12 workers.
[PhysX] Initialized MultithreadedTaskDispatcher with 12 workers.
 -> (artifact id: '9b9a8e28597de93b64b224098bd48bd4') in 0.007730 seconds
Number of updated asset objects reloaded before import = 0
Number of asset objects unloaded after import = 11
========================================================================
Received Import Request.
  Time since last request: 0.000028 seconds.
  path: Assets/Art/KayKit_Restaurant_Bits_1.0_FREE/Assets/obj/jar_C_small.obj
  artifactKey: Guid(f021ee27fe4604363a95d24341b9a4cc) Importer(815301076,1909f56bfc062723c751e8b465ee728b)
Start importing Assets/Art/KayKit_Restaurant_Bits_1.0_FREE/Assets/obj/jar_C_small.obj using Guid(f021ee27fe4604363a95d24341b9a4cc) Importer(815301076,1909f56bfc062723c751e8b465ee728b) [PhysX] Initialized MultithreadedTaskDispatcher with 12 workers.
[PhysX] Initialized MultithreadedTaskDispatcher with 12 workers.
[PhysX] Initialized MultithreadedTaskDispatcher with 12 workers.
[PhysX] Initialized MultithreadedTaskDispatcher with 12 workers.
[PhysX] Initialized MultithreadedTaskDispatcher with 12 workers.
 -> (artifact id: 'dbd5ae26005ef5c2c919d69a0354144a') in 0.007957 seconds
Number of updated asset objects reloaded before import = 0
Number of asset objects unloaded after import = 11
========================================================================
Received Import Request.
  Time since last request: 0.000056 seconds.
  path: Assets/Art/KayKit_Restaurant_Bits_1.0_FREE/Assets/obj/crate_lid.obj
  artifactKey: Guid(282cd14cc9a2f44b59583959409d7317) Importer(815301076,1909f56bfc062723c751e8b465ee728b)
Start importing Assets/Art/KayKit_Restaurant_Bits_1.0_FREE/Assets/obj/crate_lid.obj using Guid(282cd14cc9a2f44b59583959409d7317) Importer(815301076,1909f56bfc062723c751e8b465ee728b) [PhysX] Initialized MultithreadedTaskDispatcher with 12 workers.
[PhysX] Initialized MultithreadedTaskDispatcher with 12 workers.
[PhysX] Initialized MultithreadedTaskDispatcher with 12 workers.
[PhysX] Initialized MultithreadedTaskDispatcher with 12 workers.
[PhysX] Initialized MultithreadedTaskDispatcher with 12 workers.
 -> (artifact id: '94d66e8783b0a985d3ea4d7d5837712f') in 0.007255 seconds
Number of updated asset objects reloaded before import = 0
Number of asset objects unloaded after import = 11
========================================================================
Received Import Request.
  Time since last request: 0.000086 seconds.
  path: Assets/Art/KayKit_Restaurant_Bits_1.0_FREE/Assets/obj/crate_lettuce.obj
  artifactKey: Guid(a509150943b5c4020941f9cfa5bcd043) Importer(815301076,1909f56bfc062723c751e8b465ee728b)
Start importing Assets/Art/KayKit_Restaurant_Bits_1.0_FREE/Assets/obj/crate_lettuce.obj using Guid(a509150943b5c4020941f9cfa5bcd043) Importer(815301076,1909f56bfc062723c751e8b465ee728b) [PhysX] Initialized MultithreadedTaskDispatcher with 12 workers.
[PhysX] Initialized MultithreadedTaskDispatcher with 12 workers.
[PhysX] Initialized MultithreadedTaskDispatcher with 12 workers.
[PhysX] Initialized MultithreadedTaskDispatcher with 12 workers.
[PhysX] Initialized MultithreadedTaskDispatcher with 12 workers.
 -> (artifact id: 'be9c10f91b991f3699171b5425e817bf') in 0.008249 seconds
Number of updated asset objects reloaded before import = 0
Number of asset objects unloaded after import = 11
========================================================================
Received Import Request.
  Time since last request: 0.000030 seconds.
  path: Assets/Art/KayKit_Restaurant_Bits_1.0_FREE/Assets/obj/wall.obj
  artifactKey: Guid(98dfbf62898684244aa1fc883bb796d8) Importer(815301076,1909f56bfc062723c751e8b465ee728b)
Start importing Assets/Art/KayKit_Restaurant_Bits_1.0_FREE/Assets/obj/wall.obj using Guid(98dfbf62898684244aa1fc883bb796d8) Importer(815301076,1909f56bfc062723c751e8b465ee728b) [PhysX] Initialized MultithreadedTaskDispatcher with 12 workers.
[PhysX] Initialized MultithreadedTaskDispatcher with 12 workers.
[PhysX] Initialized MultithreadedTaskDispatcher with 12 workers.
[PhysX] Initialized MultithreadedTaskDispatcher with 12 workers.
[PhysX] Initialized MultithreadedTaskDispatcher with 12 workers.
 -> (artifact id: '099472c0610ab34c8675b659cf04ca27') in 0.007417 seconds
Number of updated asset objects reloaded before import = 0
Number of asset objects unloaded after import = 11
========================================================================
Received Import Request.
  Time since last request: 0.000040 seconds.
  path: Assets/Art/KayKit_Restaurant_Bits_1.0_FREE/Assets/obj/lid_large.obj
  artifactKey: Guid(c0c3c5a75f0cd4fddbec256d508c48ee) Importer(815301076,1909f56bfc062723c751e8b465ee728b)
Start importing Assets/Art/KayKit_Restaurant_Bits_1.0_FREE/Assets/obj/lid_large.obj using Guid(c0c3c5a75f0cd4fddbec256d508c48ee) Importer(815301076,1909f56bfc062723c751e8b465ee728b) [PhysX] Initialized MultithreadedTaskDispatcher with 12 workers.
[PhysX] Initialized MultithreadedTaskDispatcher with 12 workers.
[PhysX] Initialized MultithreadedTaskDispatcher with 12 workers.
[PhysX] Initialized MultithreadedTaskDispatcher with 12 workers.
[PhysX] Initialized MultithreadedTaskDispatcher with 12 workers.
 -> (artifact id: 'a94da72a4af9961bc154917688cd0491') in 0.007540 seconds
Number of updated asset objects reloaded before import = 0
Number of asset objects unloaded after import = 11
========================================================================
Received Import Request.
  Time since last request: 0.000032 seconds.
  path: Assets/Art/KayKit_Restaurant_Bits_1.0_FREE/Assets/obj/towelrail.obj
  artifactKey: Guid(02b198bac577e434d985f349503ded97) Importer(815301076,1909f56bfc062723c751e8b465ee728b)
Start importing Assets/Art/KayKit_Restaurant_Bits_1.0_FREE/Assets/obj/towelrail.obj using Guid(02b198bac577e434d985f349503ded97) Importer(815301076,1909f56bfc062723c751e8b465ee728b) [PhysX] Initialized MultithreadedTaskDispatcher with 12 workers.
[PhysX] Initialized MultithreadedTaskDispatcher with 12 workers.
[PhysX] Initialized MultithreadedTaskDispatcher with 12 workers.
[PhysX] Initialized MultithreadedTaskDispatcher with 12 workers.
[PhysX] Initialized MultithreadedTaskDispatcher with 12 workers.
 -> (artifact id: 'a67fea17b3d497b4a1ac692537149841') in 0.008094 seconds
Number of updated asset objects reloaded before import = 0
Number of asset objects unloaded after import = 11
========================================================================
Received Import Request.
  Time since last request: 0.000034 seconds.
  path: Assets/Art/KayKit_Restaurant_Bits_1.0_FREE/Assets/obj/oven_door.obj
  artifactKey: Guid(294e95869594842a387a0126c5bf81af) Importer(815301076,1909f56bfc062723c751e8b465ee728b)
Start importing Assets/Art/KayKit_Restaurant_Bits_1.0_FREE/Assets/obj/oven_door.obj using Guid(294e95869594842a387a0126c5bf81af) Importer(815301076,1909f56bfc062723c751e8b465ee728b) [PhysX] Initialized MultithreadedTaskDispatcher with 12 workers.
[PhysX] Initialized MultithreadedTaskDispatcher with 12 workers.
[PhysX] Initialized MultithreadedTaskDispatcher with 12 workers.
[PhysX] Initialized MultithreadedTaskDispatcher with 12 workers.
[PhysX] Initialized MultithreadedTaskDispatcher with 12 workers.
 -> (artifact id: '934d8b96a12e6da0e89676932cf229dc') in 0.007216 seconds
Number of updated asset objects reloaded before import = 0
Number of asset objects unloaded after import = 11
========================================================================
Received Import Request.
  Time since last request: 0.000050 seconds.
  path: Assets/Art/KayKit_Restaurant_Bits_1.0_FREE/Assets/obj/bowl_small.obj
  artifactKey: Guid(13a855c925adf42d3bf874d6fb02bada) Importer(815301076,1909f56bfc062723c751e8b465ee728b)
Start importing Assets/Art/KayKit_Restaurant_Bits_1.0_FREE/Assets/obj/bowl_small.obj using Guid(13a855c925adf42d3bf874d6fb02bada) Importer(815301076,1909f56bfc062723c751e8b465ee728b) [PhysX] Initialized MultithreadedTaskDispatcher with 12 workers.
[PhysX] Initialized MultithreadedTaskDispatcher with 12 workers.
[PhysX] Initialized MultithreadedTaskDispatcher with 12 workers.
[PhysX] Initialized MultithreadedTaskDispatcher with 12 workers.
[PhysX] Initialized MultithreadedTaskDispatcher with 12 workers.
 -> (artifact id: '0ec893212a1a705565db0f369d8b5537') in 0.007687 seconds
Number of updated asset objects reloaded before import = 0
Number of asset objects unloaded after import = 11
========================================================================
Received Import Request.
  Time since last request: 0.000031 seconds.
  path: Assets/Art/KayKit_Restaurant_Bits_1.0_FREE/Assets/obj/food_stew.obj
  artifactKey: Guid(8b7902a9f180646b3bc3a52c92cc9d74) Importer(815301076,1909f56bfc062723c751e8b465ee728b)
Start importing Assets/Art/KayKit_Restaurant_Bits_1.0_FREE/Assets/obj/food_stew.obj using Guid(8b7902a9f180646b3bc3a52c92cc9d74) Importer(815301076,1909f56bfc062723c751e8b465ee728b) [PhysX] Initialized MultithreadedTaskDispatcher with 12 workers.
[PhysX] Initialized MultithreadedTaskDispatcher with 12 workers.
[PhysX] Initialized MultithreadedTaskDispatcher with 12 workers.
[PhysX] Initialized MultithreadedTaskDispatcher with 12 workers.
[PhysX] Initialized MultithreadedTaskDispatcher with 12 workers.
 -> (artifact id: 'ddea95c08a760d8c09a22a4e5bec7ed2') in 0.008136 seconds
Number of updated asset objects reloaded before import = 0
Number of asset objects unloaded after import = 11
========================================================================
Received Import Request.
  Time since last request: 0.000037 seconds.
  path: Assets/Art/KayKit_Restaurant_Bits_1.0_FREE/Assets/obj/fridge_A_decorated.obj
  artifactKey: Guid(da41479f8d34b4e0fa6fa6c63518d0ac) Importer(815301076,1909f56bfc062723c751e8b465ee728b)
Start importing Assets/Art/KayKit_Restaurant_Bits_1.0_FREE/Assets/obj/fridge_A_decorated.obj using Guid(da41479f8d34b4e0fa6fa6c63518d0ac) Importer(815301076,1909f56bfc062723c751e8b465ee728b) [PhysX] Initialized MultithreadedTaskDispatcher with 12 workers.
[PhysX] Initialized MultithreadedTaskDispatcher with 12 workers.
[PhysX] Initialized MultithreadedTaskDispatcher with 12 workers.
[PhysX] Initialized MultithreadedTaskDispatcher with 12 workers.
[PhysX] Initialized MultithreadedTaskDispatcher with 12 workers.
 -> (artifact id: '97a862a20a7ed57c0a44cd49d6f40130') in 0.008087 seconds
Number of updated asset objects reloaded before import = 0
Number of asset objects unloaded after import = 11
========================================================================
Received Import Request.
  Time since last request: 0.000034 seconds.
  path: Assets/Art/KayKit_Restaurant_Bits_1.0_FREE/Assets/obj/plate.obj
  artifactKey: Guid(f08b2fcc73a234b43b05b86c2d5fcaf9) Importer(815301076,1909f56bfc062723c751e8b465ee728b)
Start importing Assets/Art/KayKit_Restaurant_Bits_1.0_FREE/Assets/obj/plate.obj using Guid(f08b2fcc73a234b43b05b86c2d5fcaf9) Importer(815301076,1909f56bfc062723c751e8b465ee728b) [PhysX] Initialized MultithreadedTaskDispatcher with 12 workers.
[PhysX] Initialized MultithreadedTaskDispatcher with 12 workers.
[PhysX] Initialized MultithreadedTaskDispatcher with 12 workers.
[PhysX] Initialized MultithreadedTaskDispatcher with 12 workers.
[PhysX] Initialized MultithreadedTaskDispatcher with 12 workers.
 -> (artifact id: 'da2f08e2885b1541e058e6b2e698dc39') in 0.007265 seconds
Number of updated asset objects reloaded before import = 0
Number of asset objects unloaded after import = 11
========================================================================
Received Import Request.
  Time since last request: 0.000048 seconds.
  path: Assets/Art/KayKit_Restaurant_Bits_1.0_FREE/Assets/obj/food_ingredient_potato.obj
  artifactKey: Guid(b7c5f748f4db64f1e8e4b8770cc7d5a7) Importer(815301076,1909f56bfc062723c751e8b465ee728b)
Start importing Assets/Art/KayKit_Restaurant_Bits_1.0_FREE/Assets/obj/food_ingredient_potato.obj using Guid(b7c5f748f4db64f1e8e4b8770cc7d5a7) Importer(815301076,1909f56bfc062723c751e8b465ee728b) [PhysX] Initialized MultithreadedTaskDispatcher with 12 workers.
[PhysX] Initialized MultithreadedTaskDispatcher with 12 workers.
[PhysX] Initialized MultithreadedTaskDispatcher with 12 workers.
[PhysX] Initialized MultithreadedTaskDispatcher with 12 workers.
[PhysX] Initialized MultithreadedTaskDispatcher with 12 workers.
 -> (artifact id: 'c0134d1f5848edc3e8e880c88a49be79') in 0.008060 seconds
Number of updated asset objects reloaded before import = 0
Number of asset objects unloaded after import = 11
========================================================================
Received Import Request.
  Time since last request: 0.000045 seconds.
  path: Assets/Art/KayKit_Restaurant_Bits_1.0_FREE/Assets/obj/kitchentable_A.obj
  artifactKey: Guid(02cb462fe8d0d4ffab60646dce6b698f) Importer(815301076,1909f56bfc062723c751e8b465ee728b)
Start importing Assets/Art/KayKit_Restaurant_Bits_1.0_FREE/Assets/obj/kitchentable_A.obj using Guid(02cb462fe8d0d4ffab60646dce6b698f) Importer(815301076,1909f56bfc062723c751e8b465ee728b) [PhysX] Initialized MultithreadedTaskDispatcher with 12 workers.
[PhysX] Initialized MultithreadedTaskDispatcher with 12 workers.
[PhysX] Initialized MultithreadedTaskDispatcher with 12 workers.
[PhysX] Initialized MultithreadedTaskDispatcher with 12 workers.
[PhysX] Initialized MultithreadedTaskDispatcher with 12 workers.
 -> (artifact id: '587c1f6f3e5d3c7177431d375e6dd766') in 0.007315 seconds
Number of updated asset objects reloaded before import = 0
Number of asset objects unloaded after import = 11
========================================================================
Received Import Request.
  Time since last request: 0.000035 seconds.
  path: Assets/Art/KayKit_Restaurant_Bits_1.0_FREE/Assets/obj/pan_B.obj
  artifactKey: Guid(aa335e7323e98434db6fd6c632d205e1) Importer(815301076,1909f56bfc062723c751e8b465ee728b)
Start importing Assets/Art/KayKit_Restaurant_Bits_1.0_FREE/Assets/obj/pan_B.obj using Guid(aa335e7323e98434db6fd6c632d205e1) Importer(815301076,1909f56bfc062723c751e8b465ee728b) [PhysX] Initialized MultithreadedTaskDispatcher with 12 workers.
[PhysX] Initialized MultithreadedTaskDispatcher with 12 workers.
[PhysX] Initialized MultithreadedTaskDispatcher with 12 workers.
[PhysX] Initialized MultithreadedTaskDispatcher with 12 workers.
[PhysX] Initialized MultithreadedTaskDispatcher with 12 workers.
 -> (artifact id: '0cb34297eb1ab47f3cfdf6a057dca837') in 0.007780 seconds
Number of updated asset objects reloaded before import = 0
Number of asset objects unloaded after import = 11
========================================================================
Received Import Request.
  Time since last request: 0.000036 seconds.
  path: Assets/Art/KayKit_Restaurant_Bits_1.0_FREE/Assets/obj/kitchencabinet_half.obj
  artifactKey: Guid(b1d92669a6f4c4575abc4cb585eae857) Importer(815301076,1909f56bfc062723c751e8b465ee728b)
Start importing Assets/Art/KayKit_Restaurant_Bits_1.0_FREE/Assets/obj/kitchencabinet_half.obj using Guid(b1d92669a6f4c4575abc4cb585eae857) Importer(815301076,1909f56bfc062723c751e8b465ee728b) [PhysX] Initialized MultithreadedTaskDispatcher with 12 workers.
[PhysX] Initialized MultithreadedTaskDispatcher with 12 workers.
[PhysX] Initialized MultithreadedTaskDispatcher with 12 workers.
[PhysX] Initialized MultithreadedTaskDispatcher with 12 workers.
[PhysX] Initialized MultithreadedTaskDispatcher with 12 workers.
 -> (artifact id: 'ed7a8f63686562586186d7df56fbfab2') in 0.008030 seconds
Number of updated asset objects reloaded before import = 0
Number of asset objects unloaded after import = 11
========================================================================
Received Import Request.
  Time since last request: 0.000035 seconds.
  path: Assets/Art/KayKit_Restaurant_Bits_1.0_FREE/Assets/obj/food_ingredient_potato_chopped.obj
  artifactKey: Guid(d0f5b600c46ed4849bc3eee2a8662596) Importer(815301076,1909f56bfc062723c751e8b465ee728b)
Start importing Assets/Art/KayKit_Restaurant_Bits_1.0_FREE/Assets/obj/food_ingredient_potato_chopped.obj using Guid(d0f5b600c46ed4849bc3eee2a8662596) Importer(815301076,1909f56bfc062723c751e8b465ee728b) [PhysX] Initialized MultithreadedTaskDispatcher with 12 workers.
[PhysX] Initialized MultithreadedTaskDispatcher with 12 workers.
[PhysX] Initialized MultithreadedTaskDispatcher with 12 workers.
[PhysX] Initialized MultithreadedTaskDispatcher with 12 workers.
[PhysX] Initialized MultithreadedTaskDispatcher with 12 workers.
 -> (artifact id: 'c4df3471a8b543570c030f4438d7368b') in 0.007639 seconds
Number of updated asset objects reloaded before import = 0
Number of asset objects unloaded after import = 11
========================================================================
Received Import Request.
  Time since last request: 0.000069 seconds.
  path: Assets/Art/KayKit_Restaurant_Bits_1.0_FREE/Assets/obj/food_ingredient_onion.obj
  artifactKey: Guid(3d8068daf608b4dca9ad7211d24a504a) Importer(815301076,1909f56bfc062723c751e8b465ee728b)
Start importing Assets/Art/KayKit_Restaurant_Bits_1.0_FREE/Assets/obj/food_ingredient_onion.obj using Guid(3d8068daf608b4dca9ad7211d24a504a) Importer(815301076,1909f56bfc062723c751e8b465ee728b) [PhysX] Initialized MultithreadedTaskDispatcher with 12 workers.
[PhysX] Initialized MultithreadedTaskDispatcher with 12 workers.
[PhysX] Initialized MultithreadedTaskDispatcher with 12 workers.
[PhysX] Initialized MultithreadedTaskDispatcher with 12 workers.
[PhysX] Initialized MultithreadedTaskDispatcher with 12 workers.
 -> (artifact id: '1d8fc9827e77ff0b0f6c37b0a4c0f70b') in 0.007947 seconds
Number of updated asset objects reloaded before import = 0
Number of asset objects unloaded after import = 11
========================================================================
Received Import Request.
  Time since last request: 0.000037 seconds.
  path: Assets/Art/KayKit_Restaurant_Bits_1.0_FREE/Assets/obj/fridge_A_decorated_door_bottom.obj
  artifactKey: Guid(2d266dd2ac5054af9aaae92d967e154c) Importer(815301076,1909f56bfc062723c751e8b465ee728b)
Start importing Assets/Art/KayKit_Restaurant_Bits_1.0_FREE/Assets/obj/fridge_A_decorated_door_bottom.obj using Guid(2d266dd2ac5054af9aaae92d967e154c) Importer(815301076,1909f56bfc062723c751e8b465ee728b) [PhysX] Initialized MultithreadedTaskDispatcher with 12 workers.
[PhysX] Initialized MultithreadedTaskDispatcher with 12 workers.
[PhysX] Initialized MultithreadedTaskDispatcher with 12 workers.
[PhysX] Initialized MultithreadedTaskDispatcher with 12 workers.
[PhysX] Initialized MultithreadedTaskDispatcher with 12 workers.
 -> (artifact id: '006cedb3788b7d7462740e47bf280b0f') in 0.008905 seconds
Number of updated asset objects reloaded before import = 0
Number of asset objects unloaded after import = 11
========================================================================
Received Import Request.
  Time since last request: 0.000026 seconds.
  path: Assets/Art/KayKit_Restaurant_Bits_1.0_FREE/Assets/obj/cuttingboard.obj
  artifactKey: Guid(3662c96f4d5e64aaab213ca6bec3c732) Importer(815301076,1909f56bfc062723c751e8b465ee728b)
Start importing Assets/Art/KayKit_Restaurant_Bits_1.0_FREE/Assets/obj/cuttingboard.obj using Guid(3662c96f4d5e64aaab213ca6bec3c732) Importer(815301076,1909f56bfc062723c751e8b465ee728b) [PhysX] Initialized MultithreadedTaskDispatcher with 12 workers.
[PhysX] Initialized MultithreadedTaskDispatcher with 12 workers.
[PhysX] Initialized MultithreadedTaskDispatcher with 12 workers.
[PhysX] Initialized MultithreadedTaskDispatcher with 12 workers.
[PhysX] Initialized MultithreadedTaskDispatcher with 12 workers.
 -> (artifact id: '09f93abb5019f79a879f2a0647737630') in 0.007755 seconds
Number of updated asset objects reloaded before import = 0
Number of asset objects unloaded after import = 11
========================================================================
Received Import Request.
  Time since last request: 0.000051 seconds.
  path: Assets/Art/KayKit_Restaurant_Bits_1.0_FREE/Assets/obj/food_ingredient_vegetableburger_uncooked.obj
  artifactKey: Guid(5e896fefd3e324c419f296deff3ee5cb) Importer(815301076,1909f56bfc062723c751e8b465ee728b)
Start importing Assets/Art/KayKit_Restaurant_Bits_1.0_FREE/Assets/obj/food_ingredient_vegetableburger_uncooked.obj using Guid(5e896fefd3e324c419f296deff3ee5cb) Importer(815301076,1909f56bfc062723c751e8b465ee728b) [PhysX] Initialized MultithreadedTaskDispatcher with 12 workers.
[PhysX] Initialized MultithreadedTaskDispatcher with 12 workers.
[PhysX] Initialized MultithreadedTaskDispatcher with 12 workers.
[PhysX] Initialized MultithreadedTaskDispatcher with 12 workers.
[PhysX] Initialized MultithreadedTaskDispatcher with 12 workers.
 -> (artifact id: 'dbdda22a199114cd447fedce365b13b0') in 0.008415 seconds
Number of updated asset objects reloaded before import = 0
Number of asset objects unloaded after import = 11
========================================================================
Received Import Request.
  Time since last request: 0.000034 seconds.
  path: Assets/Art/KayKit_Restaurant_Bits_1.0_FREE/Assets/obj/kitchencabinet.obj
  artifactKey: Guid(0c4236a916472425fb3fefe0fec1fbdf) Importer(815301076,1909f56bfc062723c751e8b465ee728b)
Start importing Assets/Art/KayKit_Restaurant_Bits_1.0_FREE/Assets/obj/kitchencabinet.obj using Guid(0c4236a916472425fb3fefe0fec1fbdf) Importer(815301076,1909f56bfc062723c751e8b465ee728b) [PhysX] Initialized MultithreadedTaskDispatcher with 12 workers.
[PhysX] Initialized MultithreadedTaskDispatcher with 12 workers.
[PhysX] Initialized MultithreadedTaskDispatcher with 12 workers.
[PhysX] Initialized MultithreadedTaskDispatcher with 12 workers.
[PhysX] Initialized MultithreadedTaskDispatcher with 12 workers.
 -> (artifact id: 'c1c7c41fe935164aed32ea01fa4dfc6d') in 0.007223 seconds
Number of updated asset objects reloaded before import = 0
Number of asset objects unloaded after import = 11
========================================================================
Received Import Request.
  Time since last request: 0.000034 seconds.
  path: Assets/Art/KayKit_Restaurant_Bits_1.0_FREE/Assets/obj/food_ingredient_ham_cooked.obj
  artifactKey: Guid(37d89bed260ef47ec833322fa412d014) Importer(815301076,1909f56bfc062723c751e8b465ee728b)
Start importing Assets/Art/KayKit_Restaurant_Bits_1.0_FREE/Assets/obj/food_ingredient_ham_cooked.obj using Guid(37d89bed260ef47ec833322fa412d014) Importer(815301076,1909f56bfc062723c751e8b465ee728b) [PhysX] Initialized MultithreadedTaskDispatcher with 12 workers.
[PhysX] Initialized MultithreadedTaskDispatcher with 12 workers.
[PhysX] Initialized MultithreadedTaskDispatcher with 12 workers.
[PhysX] Initialized MultithreadedTaskDispatcher with 12 workers.
[PhysX] Initialized MultithreadedTaskDispatcher with 12 workers.
 -> (artifact id: 'ccd3cf828bd5f31381a00b6bbdcb6ae3') in 0.008275 seconds
Number of updated asset objects reloaded before import = 0
Number of asset objects unloaded after import = 11
========================================================================
Received Import Request.
  Time since last request: 0.000093 seconds.
  path: Assets/Art/KayKit_Restaurant_Bits_1.0_FREE/Assets/obj/food_ingredient_ham.obj
  artifactKey: Guid(c07300eb14d8c4fcba8863b43198a12b) Importer(815301076,1909f56bfc062723c751e8b465ee728b)
Start importing Assets/Art/KayKit_Restaurant_Bits_1.0_FREE/Assets/obj/food_ingredient_ham.obj using Guid(c07300eb14d8c4fcba8863b43198a12b) Importer(815301076,1909f56bfc062723c751e8b465ee728b) [PhysX] Initialized MultithreadedTaskDispatcher with 12 workers.
[PhysX] Initialized MultithreadedTaskDispatcher with 12 workers.
[PhysX] Initialized MultithreadedTaskDispatcher with 12 workers.
[PhysX] Initialized MultithreadedTaskDispatcher with 12 workers.
[PhysX] Initialized MultithreadedTaskDispatcher with 12 workers.
 -> (artifact id: '8b88f9242b33dbfb9386d633423af294') in 0.007741 seconds
Number of updated asset objects reloaded before import = 0
Number of asset objects unloaded after import = 11
========================================================================
Received Import Request.
  Time since last request: 0.000033 seconds.
  path: Assets/Art/KayKit_Restaurant_Bits_1.0_FREE/Assets/obj/food_ingredient_carrot_chopped.obj
  artifactKey: Guid(0e49297beba8e40a3b8bad202595d8a6) Importer(815301076,1909f56bfc062723c751e8b465ee728b)
Start importing Assets/Art/KayKit_Restaurant_Bits_1.0_FREE/Assets/obj/food_ingredient_carrot_chopped.obj using Guid(0e49297beba8e40a3b8bad202595d8a6) Importer(815301076,1909f56bfc062723c751e8b465ee728b) [PhysX] Initialized MultithreadedTaskDispatcher with 12 workers.
[PhysX] Initialized MultithreadedTaskDispatcher with 12 workers.
[PhysX] Initialized MultithreadedTaskDispatcher with 12 workers.
[PhysX] Initialized MultithreadedTaskDispatcher with 12 workers.
[PhysX] Initialized MultithreadedTaskDispatcher with 12 workers.
 -> (artifact id: 'e5a7c1774148d857b1c19e1450aa775c') in 0.008628 seconds
Number of updated asset objects reloaded before import = 0
Number of asset objects unloaded after import = 11
========================================================================
Received Import Request.
  Time since last request: 0.000036 seconds.
  path: Assets/Art/KayKit_Restaurant_Bits_1.0_FREE/Assets/obj/food_ingredient_cheese.obj
  artifactKey: Guid(c09cd3c3f1e0d47f0b905811d6d416f9) Importer(815301076,1909f56bfc062723c751e8b465ee728b)
Start importing Assets/Art/KayKit_Restaurant_Bits_1.0_FREE/Assets/obj/food_ingredient_cheese.obj using Guid(c09cd3c3f1e0d47f0b905811d6d416f9) Importer(815301076,1909f56bfc062723c751e8b465ee728b) [PhysX] Initialized MultithreadedTaskDispatcher with 12 workers.
[PhysX] Initialized MultithreadedTaskDispatcher with 12 workers.
[PhysX] Initialized MultithreadedTaskDispatcher with 12 workers.
[PhysX] Initialized MultithreadedTaskDispatcher with 12 workers.
[PhysX] Initialized MultithreadedTaskDispatcher with 12 workers.
 -> (artifact id: '2080195b7ef9872eae3a47eb55530659') in 0.007629 seconds
Number of updated asset objects reloaded before import = 0
Number of asset objects unloaded after import = 11
========================================================================
Received Import Request.
  Time since last request: 0.000051 seconds.
  path: Assets/Art/KayKit_Restaurant_Bits_1.0_FREE/Assets/obj/food_ingredient_lettuce_chopped.obj
  artifactKey: Guid(955d6c7ae212641279e4300467c640c8) Importer(815301076,1909f56bfc062723c751e8b465ee728b)
Start importing Assets/Art/KayKit_Restaurant_Bits_1.0_FREE/Assets/obj/food_ingredient_lettuce_chopped.obj using Guid(955d6c7ae212641279e4300467c640c8) Importer(815301076,1909f56bfc062723c751e8b465ee728b) [PhysX] Initialized MultithreadedTaskDispatcher with 12 workers.
[PhysX] Initialized MultithreadedTaskDispatcher with 12 workers.
[PhysX] Initialized MultithreadedTaskDispatcher with 12 workers.
[PhysX] Initialized MultithreadedTaskDispatcher with 12 workers.
[PhysX] Initialized MultithreadedTaskDispatcher with 12 workers.
 -> (artifact id: 'bb57d8a17b3c21974682d6c6518ca446') in 0.007854 seconds
Number of updated asset objects reloaded before import = 0
Number of asset objects unloaded after import = 11
========================================================================
Received Import Request.
  Time since last request: 0.000028 seconds.
  path: Assets/Art/KayKit_Restaurant_Bits_1.0_FREE/Assets/obj/plate_dirty.obj
  artifactKey: Guid(0c609e5c5a27c479499deb928bfbb34e) Importer(815301076,1909f56bfc062723c751e8b465ee728b)
Start importing Assets/Art/KayKit_Restaurant_Bits_1.0_FREE/Assets/obj/plate_dirty.obj using Guid(0c609e5c5a27c479499deb928bfbb34e) Importer(815301076,1909f56bfc062723c751e8b465ee728b) [PhysX] Initialized MultithreadedTaskDispatcher with 12 workers.
[PhysX] Initialized MultithreadedTaskDispatcher with 12 workers.
[PhysX] Initialized MultithreadedTaskDispatcher with 12 workers.
[PhysX] Initialized MultithreadedTaskDispatcher with 12 workers.
[PhysX] Initialized MultithreadedTaskDispatcher with 12 workers.
 -> (artifact id: '9cef9566d425ebf2279f41ea3e5cec85') in 0.007946 seconds
Number of updated asset objects reloaded before import = 0
Number of asset objects unloaded after import = 11
========================================================================
Received Import Request.
  Time since last request: 0.000034 seconds.
  path: Assets/Art/KayKit_Restaurant_Bits_1.0_FREE/Assets/obj/food_vegetableburger.obj
  artifactKey: Guid(2dc8b9d1a3fad46f0855c8305b205c81) Importer(815301076,1909f56bfc062723c751e8b465ee728b)
Start importing Assets/Art/KayKit_Restaurant_Bits_1.0_FREE/Assets/obj/food_vegetableburger.obj using Guid(2dc8b9d1a3fad46f0855c8305b205c81) Importer(815301076,1909f56bfc062723c751e8b465ee728b) [PhysX] Initialized MultithreadedTaskDispatcher with 12 workers.
[PhysX] Initialized MultithreadedTaskDispatcher with 12 workers.
[PhysX] Initialized MultithreadedTaskDispatcher with 12 workers.
[PhysX] Initialized MultithreadedTaskDispatcher with 12 workers.
[PhysX] Initialized MultithreadedTaskDispatcher with 12 workers.
 -> (artifact id: 'ae89220800efb6208246de18b6ae7d7e') in 0.007765 seconds
Number of updated asset objects reloaded before import = 0
Number of asset objects unloaded after import = 11
========================================================================
Received Import Request.
  Time since last request: 0.000062 seconds.
  path: Assets/Art/KayKit_Restaurant_Bits_1.0_FREE/Assets/obj/crate_carrots.obj
  artifactKey: Guid(af67fee7d98e84db59d3eee71086f69c) Importer(815301076,1909f56bfc062723c751e8b465ee728b)
Start importing Assets/Art/KayKit_Restaurant_Bits_1.0_FREE/Assets/obj/crate_carrots.obj using Guid(af67fee7d98e84db59d3eee71086f69c) Importer(815301076,1909f56bfc062723c751e8b465ee728b) [PhysX] Initialized MultithreadedTaskDispatcher with 12 workers.
[PhysX] Initialized MultithreadedTaskDispatcher with 12 workers.
[PhysX] Initialized MultithreadedTaskDispatcher with 12 workers.
[PhysX] Initialized MultithreadedTaskDispatcher with 12 workers.
[PhysX] Initialized MultithreadedTaskDispatcher with 12 workers.
 -> (artifact id: '18b58b9b17cac1986fa847f6dbe069b7') in 0.008295 seconds
Number of updated asset objects reloaded before import = 0
Number of asset objects unloaded after import = 11
========================================================================
Received Import Request.
  Time since last request: 0.000035 seconds.
  path: Assets/Art/KayKit_Restaurant_Bits_1.0_FREE/Assets/fbx/crate_steak.fbx
  artifactKey: Guid(5b2d6d4ca43384008800aee3d24ec6bf) Importer(815301076,1909f56bfc062723c751e8b465ee728b)
Start importing Assets/Art/KayKit_Restaurant_Bits_1.0_FREE/Assets/fbx/crate_steak.fbx using Guid(5b2d6d4ca43384008800aee3d24ec6bf) Importer(815301076,1909f56bfc062723c751e8b465ee728b) [PhysX] Initialized MultithreadedTaskDispatcher with 12 workers.
[PhysX] Initialized MultithreadedTaskDispatcher with 12 workers.
[PhysX] Initialized MultithreadedTaskDispatcher with 12 workers.
[PhysX] Initialized MultithreadedTaskDispatcher with 12 workers.
 -> (artifact id: '9fe1167842ef89a5192704ab4070c321') in 0.006923 seconds
Number of updated asset objects reloaded before import = 0
Number of asset objects unloaded after import = 9
========================================================================
Received Import Request.
  Time since last request: 0.000029 seconds.
  path: Assets/Art/KayKit_Restaurant_Bits_1.0_FREE/Assets/obj/kitchencounter_straight_B_backsplash.obj
  artifactKey: Guid(5f5564f9d61ef46ed9445d3fb8eee46f) Importer(815301076,1909f56bfc062723c751e8b465ee728b)
Start importing Assets/Art/KayKit_Restaurant_Bits_1.0_FREE/Assets/obj/kitchencounter_straight_B_backsplash.obj using Guid(5f5564f9d61ef46ed9445d3fb8eee46f) Importer(815301076,1909f56bfc062723c751e8b465ee728b) [PhysX] Initialized MultithreadedTaskDispatcher with 12 workers.
[PhysX] Initialized MultithreadedTaskDispatcher with 12 workers.
[PhysX] Initialized MultithreadedTaskDispatcher with 12 workers.
[PhysX] Initialized MultithreadedTaskDispatcher with 12 workers.
[PhysX] Initialized MultithreadedTaskDispatcher with 12 workers.
 -> (artifact id: '6543b929af81c30095deb3db886d1a80') in 0.007769 seconds
Number of updated asset objects reloaded before import = 0
Number of asset objects unloaded after import = 11
========================================================================
Received Import Request.
  Time since last request: 0.000026 seconds.
  path: Assets/Art/KayKit_Restaurant_Bits_1.0_FREE/Assets/obj/food_ingredient_tomato_slice.obj
  artifactKey: Guid(a1cef387a810545a69455e0a6146f2ab) Importer(815301076,1909f56bfc062723c751e8b465ee728b)
Start importing Assets/Art/KayKit_Restaurant_Bits_1.0_FREE/Assets/obj/food_ingredient_tomato_slice.obj using Guid(a1cef387a810545a69455e0a6146f2ab) Importer(815301076,1909f56bfc062723c751e8b465ee728b) [PhysX] Initialized MultithreadedTaskDispatcher with 12 workers.
[PhysX] Initialized MultithreadedTaskDispatcher with 12 workers.
[PhysX] Initialized MultithreadedTaskDispatcher with 12 workers.
[PhysX] Initialized MultithreadedTaskDispatcher with 12 workers.
[PhysX] Initialized MultithreadedTaskDispatcher with 12 workers.
 -> (artifact id: 'c16cd3792345a38103199a179ac9665a') in 0.007781 seconds
Number of updated asset objects reloaded before import = 0
Number of asset objects unloaded after import = 11
========================================================================
Received Import Request.
  Time since last request: 0.000090 seconds.
  path: Assets/Art/KayKit_Restaurant_Bits_1.0_FREE/Assets/obj/food_ingredient_vegetableburger_cooked.obj
  artifactKey: Guid(08efe5292ae27473994281e32a642df1) Importer(815301076,1909f56bfc062723c751e8b465ee728b)
Start importing Assets/Art/KayKit_Restaurant_Bits_1.0_FREE/Assets/obj/food_ingredient_vegetableburger_cooked.obj using Guid(08efe5292ae27473994281e32a642df1) Importer(815301076,1909f56bfc062723c751e8b465ee728b) [PhysX] Initialized MultithreadedTaskDispatcher with 12 workers.
[PhysX] Initialized MultithreadedTaskDispatcher with 12 workers.
[PhysX] Initialized MultithreadedTaskDispatcher with 12 workers.
[PhysX] Initialized MultithreadedTaskDispatcher with 12 workers.
[PhysX] Initialized MultithreadedTaskDispatcher with 12 workers.
 -> (artifact id: '628cc023a65efb94ff14b9c857c21edc') in 0.007159 seconds
Number of updated asset objects reloaded before import = 0
Number of asset objects unloaded after import = 11
========================================================================
Received Import Request.
  Time since last request: 0.000067 seconds.
  path: Assets/Art/KayKit_Restaurant_Bits_1.0_FREE/Assets/obj/crate_steak.obj
  artifactKey: Guid(41bda00b79091442fbd067425225451c) Importer(815301076,1909f56bfc062723c751e8b465ee728b)
Start importing Assets/Art/KayKit_Restaurant_Bits_1.0_FREE/Assets/obj/crate_steak.obj using Guid(41bda00b79091442fbd067425225451c) Importer(815301076,1909f56bfc062723c751e8b465ee728b) [PhysX] Initialized MultithreadedTaskDispatcher with 12 workers.
[PhysX] Initialized MultithreadedTaskDispatcher with 12 workers.
[PhysX] Initialized MultithreadedTaskDispatcher with 12 workers.
[PhysX] Initialized MultithreadedTaskDispatcher with 12 workers.
[PhysX] Initialized MultithreadedTaskDispatcher with 12 workers.
 -> (artifact id: 'e4ad5beec1af6671762aa18dd2180d70') in 0.007777 seconds
Number of updated asset objects reloaded before import = 0
Number of asset objects unloaded after import = 11
========================================================================
Received Import Request.
  Time since last request: 0.000031 seconds.
  path: Assets/Art/KayKit_Restaurant_Bits_1.0_FREE/Assets/fbx/food_ingredient_tomato_slice.fbx
  artifactKey: Guid(009879b0c2f4142e6baba80445514dd6) Importer(815301076,1909f56bfc062723c751e8b465ee728b)
Start importing Assets/Art/KayKit_Restaurant_Bits_1.0_FREE/Assets/fbx/food_ingredient_tomato_slice.fbx using Guid(009879b0c2f4142e6baba80445514dd6) Importer(815301076,1909f56bfc062723c751e8b465ee728b) [PhysX] Initialized MultithreadedTaskDispatcher with 12 workers.
[PhysX] Initialized MultithreadedTaskDispatcher with 12 workers.
[PhysX] Initialized MultithreadedTaskDispatcher with 12 workers.
[PhysX] Initialized MultithreadedTaskDispatcher with 12 workers.
 -> (artifact id: '4256810ce3f63e9a1e831e9c13b3355d') in 0.005888 seconds
Number of updated asset objects reloaded before import = 0
Number of asset objects unloaded after import = 9
========================================================================
Received Import Request.
  Time since last request: 0.000040 seconds.
  path: Assets/Art/KayKit_Restaurant_Bits_1.0_FREE/Assets/obj/pot_B_stew.obj
  artifactKey: Guid(0e85d1f0646764bd5858318b8a890ce5) Importer(815301076,1909f56bfc062723c751e8b465ee728b)
Start importing Assets/Art/KayKit_Restaurant_Bits_1.0_FREE/Assets/obj/pot_B_stew.obj using Guid(0e85d1f0646764bd5858318b8a890ce5) Importer(815301076,1909f56bfc062723c751e8b465ee728b) [PhysX] Initialized MultithreadedTaskDispatcher with 12 workers.
[PhysX] Initialized MultithreadedTaskDispatcher with 12 workers.
[PhysX] Initialized MultithreadedTaskDispatcher with 12 workers.
[PhysX] Initialized MultithreadedTaskDispatcher with 12 workers.
[PhysX] Initialized MultithreadedTaskDispatcher with 12 workers.
 -> (artifact id: '093547ea19a283ca2dd291083c2d908b') in 0.007757 seconds
Number of updated asset objects reloaded before import = 0
Number of asset objects unloaded after import = 11
========================================================================
Received Import Request.
  Time since last request: 0.000061 seconds.
  path: Assets/Art/KayKit_Restaurant_Bits_1.0_FREE/Assets/obj/jar_C_medium.obj
  artifactKey: Guid(a443723935adf4f40a521107eecebbed) Importer(815301076,1909f56bfc062723c751e8b465ee728b)
Start importing Assets/Art/KayKit_Restaurant_Bits_1.0_FREE/Assets/obj/jar_C_medium.obj using Guid(a443723935adf4f40a521107eecebbed) Importer(815301076,1909f56bfc062723c751e8b465ee728b) [PhysX] Initialized MultithreadedTaskDispatcher with 12 workers.
[PhysX] Initialized MultithreadedTaskDispatcher with 12 workers.
[PhysX] Initialized MultithreadedTaskDispatcher with 12 workers.
[PhysX] Initialized MultithreadedTaskDispatcher with 12 workers.
[PhysX] Initialized MultithreadedTaskDispatcher with 12 workers.
 -> (artifact id: 'f191eb78aee0cd684cac04cd43b9c3f4') in 0.007126 seconds
Number of updated asset objects reloaded before import = 0
Number of asset objects unloaded after import = 11
========================================================================
Received Import Request.
  Time since last request: 0.000036 seconds.
  path: Assets/Art/KayKit_Restaurant_Bits_1.0_FREE/Assets/obj/fridge_A_door_top.obj
  artifactKey: Guid(d439097a704cf4027b0db0ef5bb135f7) Importer(815301076,1909f56bfc062723c751e8b465ee728b)
Start importing Assets/Art/KayKit_Restaurant_Bits_1.0_FREE/Assets/obj/fridge_A_door_top.obj using Guid(d439097a704cf4027b0db0ef5bb135f7) Importer(815301076,1909f56bfc062723c751e8b465ee728b) [PhysX] Initialized MultithreadedTaskDispatcher with 12 workers.
[PhysX] Initialized MultithreadedTaskDispatcher with 12 workers.
[PhysX] Initialized MultithreadedTaskDispatcher with 12 workers.
[PhysX] Initialized MultithreadedTaskDispatcher with 12 workers.
[PhysX] Initialized MultithreadedTaskDispatcher with 12 workers.
 -> (artifact id: '0d0f094ce1562a3f219d6de90c731879') in 0.008046 seconds
Number of updated asset objects reloaded before import = 0
Number of asset objects unloaded after import = 11
========================================================================
Received Import Request.
  Time since last request: 0.000033 seconds.
  path: Assets/Art/KayKit_Restaurant_Bits_1.0_FREE/Assets/obj/food_ingredient_carrot_pieces.obj
  artifactKey: Guid(ca648b49a861c4989aeb995c21709b1d) Importer(815301076,1909f56bfc062723c751e8b465ee728b)
Start importing Assets/Art/KayKit_Restaurant_Bits_1.0_FREE/Assets/obj/food_ingredient_carrot_pieces.obj using Guid(ca648b49a861c4989aeb995c21709b1d) Importer(815301076,1909f56bfc062723c751e8b465ee728b) [PhysX] Initialized MultithreadedTaskDispatcher with 12 workers.
[PhysX] Initialized MultithreadedTaskDispatcher with 12 workers.
[PhysX] Initialized MultithreadedTaskDispatcher with 12 workers.
[PhysX] Initialized MultithreadedTaskDispatcher with 12 workers.
[PhysX] Initialized MultithreadedTaskDispatcher with 12 workers.
 -> (artifact id: '7d635bc02c00e051b0f11666311312eb') in 0.008065 seconds
Number of updated asset objects reloaded before import = 0
Number of asset objects unloaded after import = 11
========================================================================
Received Import Request.
  Time since last request: 0.000060 seconds.
  path: Assets/Art/KayKit_Restaurant_Bits_1.0_FREE/Assets/obj/food_ingredient_burger_trash.obj
  artifactKey: Guid(a066c8ccaaf0e49beaa64ebdb332b3f9) Importer(815301076,1909f56bfc062723c751e8b465ee728b)
Start importing Assets/Art/KayKit_Restaurant_Bits_1.0_FREE/Assets/obj/food_ingredient_burger_trash.obj using Guid(a066c8ccaaf0e49beaa64ebdb332b3f9) Importer(815301076,1909f56bfc062723c751e8b465ee728b) [PhysX] Initialized MultithreadedTaskDispatcher with 12 workers.
[PhysX] Initialized MultithreadedTaskDispatcher with 12 workers.
[PhysX] Initialized MultithreadedTaskDispatcher with 12 workers.
[PhysX] Initialized MultithreadedTaskDispatcher with 12 workers.
[PhysX] Initialized MultithreadedTaskDispatcher with 12 workers.
 -> (artifact id: '1684a0b68c6f99d772042a9997f0b5c8') in 0.007298 seconds
Number of updated asset objects reloaded before import = 0
Number of asset objects unloaded after import = 11
========================================================================
Received Import Request.
  Time since last request: 0.000023 seconds.
  path: Assets/Art/KayKit_Restaurant_Bits_1.0_FREE/Assets/obj/floor_kitchen_small.obj
  artifactKey: Guid(16e278d861ea94e21b9e55df8d841750) Importer(815301076,1909f56bfc062723c751e8b465ee728b)
Start importing Assets/Art/KayKit_Restaurant_Bits_1.0_FREE/Assets/obj/floor_kitchen_small.obj using Guid(16e278d861ea94e21b9e55df8d841750) Importer(815301076,1909f56bfc062723c751e8b465ee728b) [PhysX] Initialized MultithreadedTaskDispatcher with 12 workers.
[PhysX] Initialized MultithreadedTaskDispatcher with 12 workers.
[PhysX] Initialized MultithreadedTaskDispatcher with 12 workers.
[PhysX] Initialized MultithreadedTaskDispatcher with 12 workers.
[PhysX] Initialized MultithreadedTaskDispatcher with 12 workers.
 -> (artifact id: '1ec862d520f5de974590baee5e732748') in 0.007234 seconds
Number of updated asset objects reloaded before import = 0
Number of asset objects unloaded after import = 11
========================================================================
Received Import Request.
  Time since last request: 0.000034 seconds.
  path: Assets/Art/KayKit_Restaurant_Bits_1.0_FREE/Assets/fbx/jar_B_large.fbx
  artifactKey: Guid(f78d016ca8047415db7bd37f68dfdcc6) Importer(815301076,1909f56bfc062723c751e8b465ee728b)
Start importing Assets/Art/KayKit_Restaurant_Bits_1.0_FREE/Assets/fbx/jar_B_large.fbx using Guid(f78d016ca8047415db7bd37f68dfdcc6) Importer(815301076,1909f56bfc062723c751e8b465ee728b) [PhysX] Initialized MultithreadedTaskDispatcher with 12 workers.
[PhysX] Initialized MultithreadedTaskDispatcher with 12 workers.
[PhysX] Initialized MultithreadedTaskDispatcher with 12 workers.
[PhysX] Initialized MultithreadedTaskDispatcher with 12 workers.
 -> (artifact id: '7d8fc4f9ecf8b670a7d16171e979ca27') in 0.006405 seconds
Number of updated asset objects reloaded before import = 0
Number of asset objects unloaded after import = 9
========================================================================
Received Import Request.
  Time since last request: 0.000251 seconds.
  path: Assets/Art/KayKit_Restaurant_Bits_1.0_FREE/Assets/obj/chair_stool.obj
  artifactKey: Guid(e20fec303b36c4d88aee0b7fabe841da) Importer(815301076,1909f56bfc062723c751e8b465ee728b)
Start importing Assets/Art/KayKit_Restaurant_Bits_1.0_FREE/Assets/obj/chair_stool.obj using Guid(e20fec303b36c4d88aee0b7fabe841da) Importer(815301076,1909f56bfc062723c751e8b465ee728b) [PhysX] Initialized MultithreadedTaskDispatcher with 12 workers.
[PhysX] Initialized MultithreadedTaskDispatcher with 12 workers.
[PhysX] Initialized MultithreadedTaskDispatcher with 12 workers.
[PhysX] Initialized MultithreadedTaskDispatcher with 12 workers.
[PhysX] Initialized MultithreadedTaskDispatcher with 12 workers.
 -> (artifact id: 'bf996d8819b887fd7b944a76dc52ddcb') in 0.007422 seconds
Number of updated asset objects reloaded before import = 0
Number of asset objects unloaded after import = 11
========================================================================
Received Import Request.
  Time since last request: 0.000081 seconds.
  path: Assets/Art/KayKit_Restaurant_Bits_1.0_FREE/Assets/fbx/jar_C_medium.fbx
  artifactKey: Guid(773025c83002a439aaedfc50193c4b96) Importer(815301076,1909f56bfc062723c751e8b465ee728b)
Start importing Assets/Art/KayKit_Restaurant_Bits_1.0_FREE/Assets/fbx/jar_C_medium.fbx using Guid(773025c83002a439aaedfc50193c4b96) Importer(815301076,1909f56bfc062723c751e8b465ee728b) [PhysX] Initialized MultithreadedTaskDispatcher with 12 workers.
[PhysX] Initialized MultithreadedTaskDispatcher with 12 workers.
[PhysX] Initialized MultithreadedTaskDispatcher with 12 workers.
[PhysX] Initialized MultithreadedTaskDispatcher with 12 workers.
 -> (artifact id: '7d1c9e25810d23246bbb70240a0de178') in 0.006584 seconds
Number of updated asset objects reloaded before import = 0
Number of asset objects unloaded after import = 9
========================================================================
Received Import Request.
  Time since last request: 0.000067 seconds.
  path: Assets/Art/KayKit_Restaurant_Bits_1.0_FREE/Assets/obj/crate_buns.obj
  artifactKey: Guid(40d2fe082fe2a485e92d0fef02877d27) Importer(815301076,1909f56bfc062723c751e8b465ee728b)
Start importing Assets/Art/KayKit_Restaurant_Bits_1.0_FREE/Assets/obj/crate_buns.obj using Guid(40d2fe082fe2a485e92d0fef02877d27) Importer(815301076,1909f56bfc062723c751e8b465ee728b) [PhysX] Initialized MultithreadedTaskDispatcher with 12 workers.
[PhysX] Initialized MultithreadedTaskDispatcher with 12 workers.
[PhysX] Initialized MultithreadedTaskDispatcher with 12 workers.
[PhysX] Initialized MultithreadedTaskDispatcher with 12 workers.
[PhysX] Initialized MultithreadedTaskDispatcher with 12 workers.
 -> (artifact id: '535081382ed6b9b8e16dfff06b9cd1e9') in 0.007785 seconds
Number of updated asset objects reloaded before import = 0
Number of asset objects unloaded after import = 11
========================================================================
Received Import Request.
  Time since last request: 0.000077 seconds.
  path: Assets/Art/KayKit_Restaurant_Bits_1.0_FREE/Assets/fbx/kitchencabinet.fbx
  artifactKey: Guid(fe31b2a9a90db4a909b5eb3529518421) Importer(815301076,1909f56bfc062723c751e8b465ee728b)
Start importing Assets/Art/KayKit_Restaurant_Bits_1.0_FREE/Assets/fbx/kitchencabinet.fbx using Guid(fe31b2a9a90db4a909b5eb3529518421) Importer(815301076,1909f56bfc062723c751e8b465ee728b) [PhysX] Initialized MultithreadedTaskDispatcher with 12 workers.
[PhysX] Initialized MultithreadedTaskDispatcher with 12 workers.
[PhysX] Initialized MultithreadedTaskDispatcher with 12 workers.
[PhysX] Initialized MultithreadedTaskDispatcher with 12 workers.
 -> (artifact id: 'a598773479f10e1fdb5570444ca6491e') in 0.005635 seconds
Number of updated asset objects reloaded before import = 0
Number of asset objects unloaded after import = 9
========================================================================
Received Import Request.
  Time since last request: 0.000046 seconds.
  path: Assets/Art/KayKit_Restaurant_Bits_1.0_FREE/Assets/obj/food_ingredient_tomato_slices.obj
  artifactKey: Guid(d0eea521dfdbf43f1944f1b8b731c548) Importer(815301076,1909f56bfc062723c751e8b465ee728b)
Start importing Assets/Art/KayKit_Restaurant_Bits_1.0_FREE/Assets/obj/food_ingredient_tomato_slices.obj using Guid(d0eea521dfdbf43f1944f1b8b731c548) Importer(815301076,1909f56bfc062723c751e8b465ee728b) [PhysX] Initialized MultithreadedTaskDispatcher with 12 workers.
[PhysX] Initialized MultithreadedTaskDispatcher with 12 workers.
[PhysX] Initialized MultithreadedTaskDispatcher with 12 workers.
[PhysX] Initialized MultithreadedTaskDispatcher with 12 workers.
[PhysX] Initialized MultithreadedTaskDispatcher with 12 workers.
 -> (artifact id: 'eaeae59f6da0c91c5ac3ca3e28f48e32') in 0.007351 seconds
Number of updated asset objects reloaded before import = 0
Number of asset objects unloaded after import = 11
========================================================================
Received Import Request.
  Time since last request: 0.000054 seconds.
  path: Assets/Art/KayKit_Restaurant_Bits_1.0_FREE/Assets/obj/kitchentable_B_large.obj
  artifactKey: Guid(713bd052506cc4854a0c8b1ae7436597) Importer(815301076,1909f56bfc062723c751e8b465ee728b)
Start importing Assets/Art/KayKit_Restaurant_Bits_1.0_FREE/Assets/obj/kitchentable_B_large.obj using Guid(713bd052506cc4854a0c8b1ae7436597) Importer(815301076,1909f56bfc062723c751e8b465ee728b) [PhysX] Initialized MultithreadedTaskDispatcher with 12 workers.
[PhysX] Initialized MultithreadedTaskDispatcher with 12 workers.
[PhysX] Initialized MultithreadedTaskDispatcher with 12 workers.
[PhysX] Initialized MultithreadedTaskDispatcher with 12 workers.
[PhysX] Initialized MultithreadedTaskDispatcher with 12 workers.
 -> (artifact id: '9f71aa00b6ac708847b52e666837d403') in 0.007716 seconds
Number of updated asset objects reloaded before import = 0
Number of asset objects unloaded after import = 11
========================================================================
Received Import Request.
  Time since last request: 0.000053 seconds.
  path: Assets/Art/KayKit_Restaurant_Bits_1.0_FREE/Assets/fbx/crate_tomatoes.fbx
  artifactKey: Guid(2605cf71c338f4d9da788c040375fcda) Importer(815301076,1909f56bfc062723c751e8b465ee728b)
Start importing Assets/Art/KayKit_Restaurant_Bits_1.0_FREE/Assets/fbx/crate_tomatoes.fbx using Guid(2605cf71c338f4d9da788c040375fcda) Importer(815301076,1909f56bfc062723c751e8b465ee728b) [PhysX] Initialized MultithreadedTaskDispatcher with 12 workers.
[PhysX] Initialized MultithreadedTaskDispatcher with 12 workers.
[PhysX] Initialized MultithreadedTaskDispatcher with 12 workers.
[PhysX] Initialized MultithreadedTaskDispatcher with 12 workers.
 -> (artifact id: '5a04d45c6eb1e81b5906cd9fd9e953be') in 0.006850 seconds
Number of updated asset objects reloaded before import = 0
Number of asset objects unloaded after import = 9
========================================================================
Received Import Request.
  Time since last request: 0.000042 seconds.
  path: Assets/Art/KayKit_Restaurant_Bits_1.0_FREE/Assets/fbx/jar_D_small.fbx
  artifactKey: Guid(89af6581ca61141bb9f26fd4b0fc2868) Importer(815301076,1909f56bfc062723c751e8b465ee728b)
Start importing Assets/Art/KayKit_Restaurant_Bits_1.0_FREE/Assets/fbx/jar_D_small.fbx using Guid(89af6581ca61141bb9f26fd4b0fc2868) Importer(815301076,1909f56bfc062723c751e8b465ee728b) [PhysX] Initialized MultithreadedTaskDispatcher with 12 workers.
[PhysX] Initialized MultithreadedTaskDispatcher with 12 workers.
[PhysX] Initialized MultithreadedTaskDispatcher with 12 workers.
[PhysX] Initialized MultithreadedTaskDispatcher with 12 workers.
 -> (artifact id: '8f864d10a36b20576aa3ddf266992abc') in 0.006111 seconds
Number of updated asset objects reloaded before import = 0
Number of asset objects unloaded after import = 9
========================================================================
Received Import Request.
  Time since last request: 0.000056 seconds.
  path: Assets/Art/KayKit_Restaurant_Bits_1.0_FREE/Assets/fbx/food_ingredient_tomato.fbx
  artifactKey: Guid(d2579058771d24ce682fa551dfac6914) Importer(815301076,1909f56bfc062723c751e8b465ee728b)
Start importing Assets/Art/KayKit_Restaurant_Bits_1.0_FREE/Assets/fbx/food_ingredient_tomato.fbx using Guid(d2579058771d24ce682fa551dfac6914) Importer(815301076,1909f56bfc062723c751e8b465ee728b) [PhysX] Initialized MultithreadedTaskDispatcher with 12 workers.
[PhysX] Initialized MultithreadedTaskDispatcher with 12 workers.
[PhysX] Initialized MultithreadedTaskDispatcher with 12 workers.
[PhysX] Initialized MultithreadedTaskDispatcher with 12 workers.
 -> (artifact id: 'b62c31b4a09b01d6dc7e4cbdf4498186') in 0.005973 seconds
Number of updated asset objects reloaded before import = 0
Number of asset objects unloaded after import = 9
========================================================================
Received Import Request.
  Time since last request: 0.000063 seconds.
  path: Assets/Art/KayKit_Restaurant_Bits_1.0_FREE/Assets/obj/kitchencounter_straight_A.obj
  artifactKey: Guid(34d324af1bd9c4cf0a000684c94f5419) Importer(815301076,1909f56bfc062723c751e8b465ee728b)
Start importing Assets/Art/KayKit_Restaurant_Bits_1.0_FREE/Assets/obj/kitchencounter_straight_A.obj using Guid(34d324af1bd9c4cf0a000684c94f5419) Importer(815301076,1909f56bfc062723c751e8b465ee728b) [PhysX] Initialized MultithreadedTaskDispatcher with 12 workers.
[PhysX] Initialized MultithreadedTaskDispatcher with 12 workers.
[PhysX] Initialized MultithreadedTaskDispatcher with 12 workers.
[PhysX] Initialized MultithreadedTaskDispatcher with 12 workers.
[PhysX] Initialized MultithreadedTaskDispatcher with 12 workers.
 -> (artifact id: 'b9398e5132156475894d96c7bde28f15') in 0.006816 seconds
Number of updated asset objects reloaded before import = 0
Number of asset objects unloaded after import = 11
========================================================================
Received Import Request.
  Time since last request: 0.000053 seconds.
  path: Assets/Art/KayKit_Restaurant_Bits_1.0_FREE/Assets/fbx/food_ingredient_bun_bottom.fbx
  artifactKey: Guid(a89a5b574a1794c298e16b4cbc09ba70) Importer(815301076,1909f56bfc062723c751e8b465ee728b)
Start importing Assets/Art/KayKit_Restaurant_Bits_1.0_FREE/Assets/fbx/food_ingredient_bun_bottom.fbx using Guid(a89a5b574a1794c298e16b4cbc09ba70) Importer(815301076,1909f56bfc062723c751e8b465ee728b) [PhysX] Initialized MultithreadedTaskDispatcher with 12 workers.
[PhysX] Initialized MultithreadedTaskDispatcher with 12 workers.
[PhysX] Initialized MultithreadedTaskDispatcher with 12 workers.
[PhysX] Initialized MultithreadedTaskDispatcher with 12 workers.
 -> (artifact id: '1aa2924ee90c87f30a37ae104fe00cec') in 0.005821 seconds
Number of updated asset objects reloaded before import = 0
Number of asset objects unloaded after import = 9
========================================================================
Received Import Request.
  Time since last request: 0.000086 seconds.
  path: Assets/Art/KayKit_Restaurant_Bits_1.0_FREE/Assets/fbx/food_ingredient_lettuce.fbx
  artifactKey: Guid(6efff01f7c6884b44ad3406af412e4e1) Importer(815301076,1909f56bfc062723c751e8b465ee728b)
Start importing Assets/Art/KayKit_Restaurant_Bits_1.0_FREE/Assets/fbx/food_ingredient_lettuce.fbx using Guid(6efff01f7c6884b44ad3406af412e4e1) Importer(815301076,1909f56bfc062723c751e8b465ee728b) [PhysX] Initialized MultithreadedTaskDispatcher with 12 workers.
[PhysX] Initialized MultithreadedTaskDispatcher with 12 workers.
[PhysX] Initialized MultithreadedTaskDispatcher with 12 workers.
[PhysX] Initialized MultithreadedTaskDispatcher with 12 workers.
 -> (artifact id: '795a1599a5e1973b4b9e2afc1be5e59f') in 0.006768 seconds
Number of updated asset objects reloaded before import = 0
Number of asset objects unloaded after import = 9
========================================================================
Received Import Request.
  Time since last request: 0.000052 seconds.
  path: Assets/Art/KayKit_Restaurant_Bits_1.0_FREE/Assets/fbx/extractorhood.fbx
  artifactKey: Guid(d9a7c0eadc5ad436896223233dd8b747) Importer(815301076,1909f56bfc062723c751e8b465ee728b)
Start importing Assets/Art/KayKit_Restaurant_Bits_1.0_FREE/Assets/fbx/extractorhood.fbx using Guid(d9a7c0eadc5ad436896223233dd8b747) Importer(815301076,1909f56bfc062723c751e8b465ee728b) [PhysX] Initialized MultithreadedTaskDispatcher with 12 workers.
[PhysX] Initialized MultithreadedTaskDispatcher with 12 workers.
[PhysX] Initialized MultithreadedTaskDispatcher with 12 workers.
[PhysX] Initialized MultithreadedTaskDispatcher with 12 workers.
 -> (artifact id: '27e4c3f823bfd222e0ce4b0c37a961fb') in 0.005946 seconds
Number of updated asset objects reloaded before import = 0
Number of asset objects unloaded after import = 9
========================================================================
Received Import Request.
  Time since last request: 0.000034 seconds.
  path: Assets/Art/KayKit_Restaurant_Bits_1.0_FREE/Assets/fbx/jar_A_small.fbx
  artifactKey: Guid(ebe6a10a8a81a4736815903983aae7a3) Importer(815301076,1909f56bfc062723c751e8b465ee728b)
Start importing Assets/Art/KayKit_Restaurant_Bits_1.0_FREE/Assets/fbx/jar_A_small.fbx using Guid(ebe6a10a8a81a4736815903983aae7a3) Importer(815301076,1909f56bfc062723c751e8b465ee728b) [PhysX] Initialized MultithreadedTaskDispatcher with 12 workers.
[PhysX] Initialized MultithreadedTaskDispatcher with 12 workers.
[PhysX] Initialized MultithreadedTaskDispatcher with 12 workers.
[PhysX] Initialized MultithreadedTaskDispatcher with 12 workers.
 -> (artifact id: 'c5c9cd97e203fd962a5afe165f9c4022') in 0.005590 seconds
Number of updated asset objects reloaded before import = 0
Number of asset objects unloaded after import = 9
========================================================================
Received Import Request.
  Time since last request: 0.000029 seconds.
  path: Assets/Art/KayKit_Restaurant_Bits_1.0_FREE/Assets/fbx/food_ingredient_bun_top.fbx
  artifactKey: Guid(0d872f08fe42f41c89b5fe6f44dd1625) Importer(815301076,1909f56bfc062723c751e8b465ee728b)
Start importing Assets/Art/KayKit_Restaurant_Bits_1.0_FREE/Assets/fbx/food_ingredient_bun_top.fbx using Guid(0d872f08fe42f41c89b5fe6f44dd1625) Importer(815301076,1909f56bfc062723c751e8b465ee728b) [PhysX] Initialized MultithreadedTaskDispatcher with 12 workers.
[PhysX] Initialized MultithreadedTaskDispatcher with 12 workers.
[PhysX] Initialized MultithreadedTaskDispatcher with 12 workers.
[PhysX] Initialized MultithreadedTaskDispatcher with 12 workers.
 -> (artifact id: '09176450e4c09b6f16d8c15292560464') in 0.006061 seconds
Number of updated asset objects reloaded before import = 0
Number of asset objects unloaded after import = 9
========================================================================
Received Import Request.
  Time since last request: 0.000053 seconds.
  path: Assets/Art/KayKit_Restaurant_Bits_1.0_FREE/Assets/obj/mustard.obj
  artifactKey: Guid(e2239a72ebe314fdd8c8da0913d2a711) Importer(815301076,1909f56bfc062723c751e8b465ee728b)
Start importing Assets/Art/KayKit_Restaurant_Bits_1.0_FREE/Assets/obj/mustard.obj using Guid(e2239a72ebe314fdd8c8da0913d2a711) Importer(815301076,1909f56bfc062723c751e8b465ee728b) [PhysX] Initialized MultithreadedTaskDispatcher with 12 workers.
[PhysX] Initialized MultithreadedTaskDispatcher with 12 workers.
[PhysX] Initialized MultithreadedTaskDispatcher with 12 workers.
[PhysX] Initialized MultithreadedTaskDispatcher with 12 workers.
[PhysX] Initialized MultithreadedTaskDispatcher with 12 workers.
 -> (artifact id: '13773b62af3470ad780f272222b546b1') in 0.007246 seconds
Number of updated asset objects reloaded before import = 0
Number of asset objects unloaded after import = 11
========================================================================
Received Import Request.
  Time since last request: 0.195810 seconds.
  path: Assets/Art/KayKit_Restaurant_Bits_1.0_FREE/Assets/fbx/crate_lid.fbx
  artifactKey: Guid(368024f0783124b9ba3b5ee035cadaca) Importer(815301076,1909f56bfc062723c751e8b465ee728b)
Start importing Assets/Art/KayKit_Restaurant_Bits_1.0_FREE/Assets/fbx/crate_lid.fbx using Guid(368024f0783124b9ba3b5ee035cadaca) Importer(815301076,1909f56bfc062723c751e8b465ee728b) [PhysX] Initialized MultithreadedTaskDispatcher with 12 workers.
[PhysX] Initialized MultithreadedTaskDispatcher with 12 workers.
[PhysX] Initialized MultithreadedTaskDispatcher with 12 workers.
[PhysX] Initialized MultithreadedTaskDispatcher with 12 workers.
 -> (artifact id: '4246035f2ba2778cf895a94ad0a100b5') in 0.006776 seconds
Number of updated asset objects reloaded before import = 0
Number of asset objects unloaded after import = 9
========================================================================
Received Import Request.
  Time since last request: 0.000029 seconds.
  path: Assets/Art/KayKit_Restaurant_Bits_1.0_FREE/Assets/fbx/crate_potatoes.fbx
  artifactKey: Guid(444d335de80e74fbd9813436d00c1b02) Importer(815301076,1909f56bfc062723c751e8b465ee728b)
Start importing Assets/Art/KayKit_Restaurant_Bits_1.0_FREE/Assets/fbx/crate_potatoes.fbx using Guid(444d335de80e74fbd9813436d00c1b02) Importer(815301076,1909f56bfc062723c751e8b465ee728b) [PhysX] Initialized MultithreadedTaskDispatcher with 12 workers.
[PhysX] Initialized MultithreadedTaskDispatcher with 12 workers.
[PhysX] Initialized MultithreadedTaskDispatcher with 12 workers.
[PhysX] Initialized MultithreadedTaskDispatcher with 12 workers.
 -> (artifact id: '3102124e0fb84ff16256a37e03611441') in 0.007713 seconds
Number of updated asset objects reloaded before import = 0
Number of asset objects unloaded after import = 9
========================================================================
Received Import Request.
  Time since last request: 0.025347 seconds.
  path: Assets/Art/KayKit_Restaurant_Bits_1.0_FREE/Assets/fbx/crate_carrots.fbx
  artifactKey: Guid(43e97a145461f47b785032b359bfdaf9) Importer(815301076,1909f56bfc062723c751e8b465ee728b)
Start importing Assets/Art/KayKit_Restaurant_Bits_1.0_FREE/Assets/fbx/crate_carrots.fbx using Guid(43e97a145461f47b785032b359bfdaf9) Importer(815301076,1909f56bfc062723c751e8b465ee728b) [PhysX] Initialized MultithreadedTaskDispatcher with 12 workers.
[PhysX] Initialized MultithreadedTaskDispatcher with 12 workers.
[PhysX] Initialized MultithreadedTaskDispatcher with 12 workers.
[PhysX] Initialized MultithreadedTaskDispatcher with 12 workers.
 -> (artifact id: '5114bcc2dbf0f4991d3f8d23ef96b5d7') in 0.007355 seconds
Number of updated asset objects reloaded before import = 0
Number of asset objects unloaded after import = 9
========================================================================
Received Import Request.
  Time since last request: 0.000027 seconds.
  path: Assets/Art/KayKit_Restaurant_Bits_1.0_FREE/Assets/fbx/crate_ham.fbx
  artifactKey: Guid(dc561ca152e1b4bdbb5f8e5f8dd4529c) Importer(815301076,1909f56bfc062723c751e8b465ee728b)
Start importing Assets/Art/KayKit_Restaurant_Bits_1.0_FREE/Assets/fbx/crate_ham.fbx using Guid(dc561ca152e1b4bdbb5f8e5f8dd4529c) Importer(815301076,1909f56bfc062723c751e8b465ee728b) [PhysX] Initialized MultithreadedTaskDispatcher with 12 workers.
[PhysX] Initialized MultithreadedTaskDispatcher with 12 workers.
[PhysX] Initialized MultithreadedTaskDispatcher with 12 workers.
[PhysX] Initialized MultithreadedTaskDispatcher with 12 workers.
 -> (artifact id: '0b04b2ce37371d7bdedd8386d11422ad') in 0.007662 seconds
Number of updated asset objects reloaded before import = 0
Number of asset objects unloaded after import = 9
========================================================================
Received Import Request.
  Time since last request: 0.018798 seconds.
  path: Assets/Art/KayKit_Restaurant_Bits_1.0_FREE/Assets/fbx/chair_stool.fbx
  artifactKey: Guid(ef386b93295744abea4731cd667d4bad) Importer(815301076,1909f56bfc062723c751e8b465ee728b)
Start importing Assets/Art/KayKit_Restaurant_Bits_1.0_FREE/Assets/fbx/chair_stool.fbx using Guid(ef386b93295744abea4731cd667d4bad) Importer(815301076,1909f56bfc062723c751e8b465ee728b) [PhysX] Initialized MultithreadedTaskDispatcher with 12 workers.
[PhysX] Initialized MultithreadedTaskDispatcher with 12 workers.
[PhysX] Initialized MultithreadedTaskDispatcher with 12 workers.
[PhysX] Initialized MultithreadedTaskDispatcher with 12 workers.
 -> (artifact id: '9ed79b0e789e73f4a15b3226d4c8a637') in 0.007599 seconds
Number of updated asset objects reloaded before import = 0
Number of asset objects unloaded after import = 9
========================================================================
Received Import Request.
  Time since last request: 0.013930 seconds.
  path: Assets/Art/KayKit_Restaurant_Bits_1.0_FREE/Assets/fbx/bowl_small.fbx
  artifactKey: Guid(7caf0345a615d4eb1bd7aebeb9ffab2f) Importer(815301076,1909f56bfc062723c751e8b465ee728b)
Start importing Assets/Art/KayKit_Restaurant_Bits_1.0_FREE/Assets/fbx/bowl_small.fbx using Guid(7caf0345a615d4eb1bd7aebeb9ffab2f) Importer(815301076,1909f56bfc062723c751e8b465ee728b) [PhysX] Initialized MultithreadedTaskDispatcher with 12 workers.
[PhysX] Initialized MultithreadedTaskDispatcher with 12 workers.
[PhysX] Initialized MultithreadedTaskDispatcher with 12 workers.
[PhysX] Initialized MultithreadedTaskDispatcher with 12 workers.
 -> (artifact id: 'ad76ab8355d36b4b8970eda893a0c071') in 0.006424 seconds
Number of updated asset objects reloaded before import = 0
Number of asset objects unloaded after import = 9
========================================================================
Received Import Request.
  Time since last request: 0.015001 seconds.
  path: Assets/Art/KayKit_Restaurant_Bits_1.0_FREE/Assets/fbx/bowl.fbx
  artifactKey: Guid(a078e1e4de1e14dda83d154077a79756) Importer(815301076,1909f56bfc062723c751e8b465ee728b)
Start importing Assets/Art/KayKit_Restaurant_Bits_1.0_FREE/Assets/fbx/bowl.fbx using Guid(a078e1e4de1e14dda83d154077a79756) Importer(815301076,1909f56bfc062723c751e8b465ee728b) [PhysX] Initialized MultithreadedTaskDispatcher with 12 workers.
[PhysX] Initialized MultithreadedTaskDispatcher with 12 workers.
[PhysX] Initialized MultithreadedTaskDispatcher with 12 workers.
[PhysX] Initialized MultithreadedTaskDispatcher with 12 workers.
 -> (artifact id: '139834ae6de854205de522bb3b60131b') in 0.006625 seconds
Number of updated asset objects reloaded before import = 0
Number of asset objects unloaded after import = 9
========================================================================
Received Import Request.
  Time since last request: 2670.585721 seconds.
  path: Assets/Art/KayKit_Restaurant_Bits_1.0_FREE/Assets/obj/restaurantbits_texture.png
  artifactKey: Guid(8e46c1ae3a99c4222be1120d3a450a75) Importer(815301076,1909f56bfc062723c751e8b465ee728b)
Start importing Assets/Art/KayKit_Restaurant_Bits_1.0_FREE/Assets/obj/restaurantbits_texture.png using Guid(8e46c1ae3a99c4222be1120d3a450a75) Importer(815301076,1909f56bfc062723c751e8b465ee728b) [PhysX] Initialized MultithreadedTaskDispatcher with 12 workers.
[PhysX] Initialized MultithreadedTaskDispatcher with 12 workers.
 -> (artifact id: 'edbd7e945b83a6c3d9cfd636adfaebd6') in 0.018017 seconds
Number of updated asset objects reloaded before import = 0
Number of asset objects unloaded after import = 2
========================================================================
Received Import Request.
  Time since last request: 1401.383132 seconds.
  path: Assets/Scenes/GameScene.unity
  artifactKey: Guid(9fc0d4010bbf28b4594072e72b8655ab) Importer(2089858483,0ecaa5967403d082aa24f35e1b516d23)
Start importing Assets/Scenes/GameScene.unity using Guid(9fc0d4010bbf28b4594072e72b8655ab) Importer(2089858483,0ecaa5967403d082aa24f35e1b516d23) [PhysX] Initialized MultithreadedTaskDispatcher with 12 workers.
 -> (artifact id: '31f0e8081b8be55e2d18072607f8916f') in 0.007317 seconds
Number of updated asset objects reloaded before import = 0
Number of asset objects unloaded after import = 1
========================================================================
Received Import Request.
  Time since last request: 1647.465755 seconds.
  path: Assets/Art/2srp1fi1oigw-CHARACTER-ANIME_HIGH/anime character(high).3ds
  artifactKey: Guid(cbd4b8d81af744ea5b87a06f1614b195) Importer(815301076,1909f56bfc062723c751e8b465ee728b)
Start importing Assets/Art/2srp1fi1oigw-CHARACTER-ANIME_HIGH/anime character(high).3ds using Guid(cbd4b8d81af744ea5b87a06f1614b195) Importer(815301076,1909f56bfc062723c751e8b465ee728b) [PhysX] Initialized MultithreadedTaskDispatcher with 12 workers.
[PhysX] Initialized MultithreadedTaskDispatcher with 12 workers.
[PhysX] Initialized MultithreadedTaskDispatcher with 12 workers.
[PhysX] Initialized MultithreadedTaskDispatcher with 12 workers.
[PhysX] Initialized MultithreadedTaskDispatcher with 12 workers.
[PhysX] Initialized MultithreadedTaskDispatcher with 12 workers.
[PhysX] Initialized MultithreadedTaskDispatcher with 12 workers.
[PhysX] Initialized MultithreadedTaskDispatcher with 12 workers.
[PhysX] Initialized MultithreadedTaskDispatcher with 12 workers.
[PhysX] Initialized MultithreadedTaskDispatcher with 12 workers.
[PhysX] Initialized MultithreadedTaskDispatcher with 12 workers.
[PhysX] Initialized MultithreadedTaskDispatcher with 12 workers.
[PhysX] Initialized MultithreadedTaskDispatcher with 12 workers.
[PhysX] Initialized MultithreadedTaskDispatcher with 12 workers.
[PhysX] Initialized MultithreadedTaskDispatcher with 12 workers.
[PhysX] Initialized MultithreadedTaskDispatcher with 12 workers.
[PhysX] Initialized MultithreadedTaskDispatcher with 12 workers.
[PhysX] Initialized MultithreadedTaskDispatcher with 12 workers.
[PhysX] Initialized MultithreadedTaskDispatcher with 12 workers.
[PhysX] Initialized MultithreadedTaskDispatcher with 12 workers.
[PhysX] Initialized MultithreadedTaskDispatcher with 12 workers.
[PhysX] Initialized MultithreadedTaskDispatcher with 12 workers.
[PhysX] Initialized MultithreadedTaskDispatcher with 12 workers.
[PhysX] Initialized MultithreadedTaskDispatcher with 12 workers.
[PhysX] Initialized MultithreadedTaskDispatcher with 12 workers.
[PhysX] Initialized MultithreadedTaskDispatcher with 12 workers.
[PhysX] Initialized MultithreadedTaskDispatcher with 12 workers.
[PhysX] Initialized MultithreadedTaskDispatcher with 12 workers.
[PhysX] Initialized MultithreadedTaskDispatcher with 12 workers.
[PhysX] Initialized MultithreadedTaskDispatcher with 12 workers.
[PhysX] Initialized MultithreadedTaskDispatcher with 12 workers.
[PhysX] Initialized MultithreadedTaskDispatcher with 12 workers.
[PhysX] Initialized MultithreadedTaskDispatcher with 12 workers.
[PhysX] Initialized MultithreadedTaskDispatcher with 12 workers.
[PhysX] Initialized MultithreadedTaskDispatcher with 12 workers.
[PhysX] Initialized MultithreadedTaskDispatcher with 12 workers.
[PhysX] Initialized MultithreadedTaskDispatcher with 12 workers.
[PhysX] Initialized MultithreadedTaskDispatcher with 12 workers.
 -> (artifact id: 'd14fcca147d9d5b231a840f83b310175') in 0.131596 seconds
Number of updated asset objects reloaded before import = 0
Number of asset objects unloaded after import = 76
========================================================================
Received Import Request.
  Time since last request: 0.000034 seconds.
  path: Assets/Art/2srp1fi1oigw-CHARACTER-ANIME_HIGH/anime character(high).obj
  artifactKey: Guid(acac96fe0964849e197e7649af345212) Importer(2089858483,0ecaa5967403d082aa24f35e1b516d23)
Start importing Assets/Art/2srp1fi1oigw-CHARACTER-ANIME_HIGH/anime character(high).obj using Guid(acac96fe0964849e197e7649af345212) Importer(2089858483,0ecaa5967403d082aa24f35e1b516d23) [PhysX] Initialized MultithreadedTaskDispatcher with 12 workers.
 -> (artifact id: '9834c0d8fffa324a2bf1e129d626cb61') in 0.006970 seconds
Number of updated asset objects reloaded before import = 0
Number of asset objects unloaded after import = 10
========================================================================
Received Import Request.
  Time since last request: 0.000062 seconds.
  path: Assets/Art/2srp1fi1oigw-CHARACTER-ANIME_HIGH/anime character(high).3ds
  artifactKey: Guid(cbd4b8d81af744ea5b87a06f1614b195) Importer(2089858483,0ecaa5967403d082aa24f35e1b516d23)
Start importing Assets/Art/2srp1fi1oigw-CHARACTER-ANIME_HIGH/anime character(high).3ds using Guid(cbd4b8d81af744ea5b87a06f1614b195) Importer(2089858483,0ecaa5967403d082aa24f35e1b516d23) [PhysX] Initialized MultithreadedTaskDispatcher with 12 workers.
 -> (artifact id: '38bd10663d248fd532b816aee8f43f88') in 0.021268 seconds
Number of updated asset objects reloaded before import = 0
Number of asset objects unloaded after import = 76
========================================================================
Received Import Request.
  Time since last request: 0.000027 seconds.
  path: Assets/Art/2srp1fi1oigw-CHARACTER-ANIME_HIGH
  artifactKey: Guid(d08f58c7dd0c64022b5672a06d63095e) Importer(2089858483,0ecaa5967403d082aa24f35e1b516d23)
Start importing Assets/Art/2srp1fi1oigw-CHARACTER-ANIME_HIGH using Guid(d08f58c7dd0c64022b5672a06d63095e) Importer(2089858483,0ecaa5967403d082aa24f35e1b516d23) [PhysX] Initialized MultithreadedTaskDispatcher with 12 workers.
 -> (artifact id: 'd358713dd1c9a2741d9ae72806f4437d') in 0.002344 seconds
Number of updated asset objects reloaded before import = 0
Number of asset objects unloaded after import = 1
========================================================================
Received Import Request.
  Time since last request: 0.000053 seconds.
  path: Assets/Art/2srp1fi1oigw-CHARACTER-ANIME_HIGH/anime character(high).blend
  artifactKey: Guid(257d5a67fd3a04296b15beb619d26f3b) Importer(2089858483,0ecaa5967403d082aa24f35e1b516d23)
Start importing Assets/Art/2srp1fi1oigw-CHARACTER-ANIME_HIGH/anime character(high).blend using Guid(257d5a67fd3a04296b15beb619d26f3b) Importer(2089858483,0ecaa5967403d082aa24f35e1b516d23) [PhysX] Initialized MultithreadedTaskDispatcher with 12 workers.
 -> (artifact id: 'b0559db467f5fbdb3bfe0db520f3e8e1') in 0.003720 seconds
Number of updated asset objects reloaded before import = 0
Number of asset objects unloaded after import = 1
========================================================================
Received Import Request.
  Time since last request: 0.000111 seconds.
  path: Assets/Art/2srp1fi1oigw-CHARACTER-ANIME_HIGH/anime character(high).fbx
  artifactKey: Guid(9070e3c1192544fb58a6a96f7193166d) Importer(2089858483,0ecaa5967403d082aa24f35e1b516d23)
Start importing Assets/Art/2srp1fi1oigw-CHARACTER-ANIME_HIGH/anime character(high).fbx using Guid(9070e3c1192544fb58a6a96f7193166d) Importer(2089858483,0ecaa5967403d082aa24f35e1b516d23) [PhysX] Initialized MultithreadedTaskDispatcher with 12 workers.
 -> (artifact id: 'b15a3718491bc689530678497a214855') in 0.023033 seconds
Number of updated asset objects reloaded before import = 0
Number of asset objects unloaded after import = 238
========================================================================
Received Import Request.
  Time since last request: 43.059401 seconds.
  path: Assets/Art/2srp1fi1oigw-CHARACTER-ANIME_HIGH/anime character(high).blend
  artifactKey: Guid(257d5a67fd3a04296b15beb619d26f3b) Importer(815301076,1909f56bfc062723c751e8b465ee728b)
Start importing Assets/Art/2srp1fi1oigw-CHARACTER-ANIME_HIGH/anime character(high).blend using Guid(257d5a67fd3a04296b15beb619d26f3b) Importer(815301076,1909f56bfc062723c751e8b465ee728b) [PhysX] Initialized MultithreadedTaskDispatcher with 12 workers.
 -> (artifact id: '34179d762efd9c9b201734d38ee05046') in 0.000851 seconds
Number of updated asset objects reloaded before import = 0
Number of asset objects unloaded after import = 1
========================================================================
Received Import Request.
  Time since last request: 500.040341 seconds.
  path: Assets/Scripts/Player.cs
  artifactKey: Guid(b20152cf63a8044358408ce651a0ef8e) Importer(815301076,1909f56bfc062723c751e8b465ee728b)
Start importing Assets/Scripts/Player.cs using Guid(b20152cf63a8044358408ce651a0ef8e) Importer(815301076,1909f56bfc062723c751e8b465ee728b) [PhysX] Initialized MultithreadedTaskDispatcher with 12 workers.
 -> (artifact id: '4d48428cf4f384cfd95213ed92373d70') in 0.000314 seconds
Number of updated asset objects reloaded before import = 0
Number of asset objects unloaded after import = 0
========================================================================
Received Import Request.
  Time since last request: 0.946979 seconds.
  path: Assets/Scripts/Player.cs
  artifactKey: Guid(b20152cf63a8044358408ce651a0ef8e) Importer(2089858483,0ecaa5967403d082aa24f35e1b516d23)
Start importing Assets/Scripts/Player.cs using Guid(b20152cf63a8044358408ce651a0ef8e) Importer(2089858483,0ecaa5967403d082aa24f35e1b516d23) [PhysX] Initialized MultithreadedTaskDispatcher with 12 workers.
 -> (artifact id: '9d4dfbde3a1bd1ce81707b7b87775be1') in 0.002513 seconds
Number of updated asset objects reloaded before import = 0
Number of asset objects unloaded after import = 1
========================================================================
Received Prepare
Caller must complete domain reload
Begin MonoManager ReloadAssembly
Thread 0x32fa4f000 may have been prematurely finalized
- Loaded All Assemblies, in  0.167 seconds
Native extension for Android target not found
Native extension for OSXStandalone target not found
Mono: successfully reloaded assembly
- Finished resetting the current domain, in  0.314 seconds
Domain Reload Profiling: 481ms
	BeginReloadAssembly (66ms)
		ExecutionOrderSort (0ms)
		DisableScriptedObjects (2ms)
		BackupInstance (0ms)
		ReleaseScriptingObjects (0ms)
		CreateAndSetChildDomain (23ms)
	RebuildCommonClasses (17ms)
	RebuildNativeTypeToScriptingClass (5ms)
	initialDomainReloadingComplete (10ms)
	LoadAllAssembliesAndSetupDomain (70ms)
		LoadAssemblies (80ms)
		RebuildTransferFunctionScriptingTraits (0ms)
		AnalyzeDomain (10ms)
			TypeCache.Refresh (4ms)
				TypeCache.ScanAssembly (0ms)
			ScanForSourceGeneratedMonoScriptInfo (3ms)
			ResolveRequiredComponents (2ms)
	FinalizeReload (314ms)
		ReleaseScriptCaches (0ms)
		RebuildScriptCaches (0ms)
		SetupLoadedEditorAssemblies (176ms)
			LogAssemblyErrors (0ms)
			InitializePlatformSupportModulesInManaged (6ms)
			SetLoadedEditorAssemblies (2ms)
			RefreshPlugins (0ms)
			BeforeProcessingInitializeOnLoad (23ms)
			ProcessInitializeOnLoadAttributes (137ms)
			ProcessInitializeOnLoadMethodAttributes (8ms)
			AfterProcessingInitializeOnLoad (0ms)
			EditorAssembliesLoaded (0ms)
		ExecutionOrderSort2 (0ms)
		AwakeInstancesAfterBackupRestoration (2ms)
Refreshing native plugins compatible for Editor in 0.46 ms, found 2 plugins.
Preloading 0 native plugins for Editor in 0.00 ms.
Unloading 3096 Unused Serialized files (Serialized files now loaded: 0)
Unloading 13 unused Assets / (27.6 KB). Loaded Objects now: 3622.
Memory consumption went from 145.7 MB to 145.7 MB.
Total: 1.602167 ms (FindLiveObjects: 0.087833 ms CreateObjectMapping: 0.031625 ms MarkObjects: 1.459208 ms  DeleteObjects: 0.022958 ms)

Prepare: number of updated asset objects reloaded= 0
AssetImportParameters requested are different than current active one (requested -> active):
  custom:container-demuxer-ogg: 62fdf1f143b41e24485cea50d1cbac27 -> 
  custom:video-decoder-ogg-theora: a1e56fd34408186e4bbccfd4996cb3dc -> 
  custom:CustomObjectIndexerAttribute: 9a22284fe3817be447336de3de66b15e -> 
  custom:container-demuxer-webm: 4f35f7cbe854078d1ac9338744f61a02 -> 
  custom:container-muxer-webm: aa71ff27fc2769a1b78a27578f13a17b -> 
  custom:video-decoder-webm-vp8: 9c59270c3fd7afecdb556c50c9e8de78 -> 
  custom:SearchIndexIgnoredProperties: e643bd26f0fe6173181afceb89e7c659 -> 
  custom:AudioImporter_EditorPlatform: 3918e3fc78b5a79bad01e8451be0beb8 -> 
  custom:framework-osx-AVFoundation: e770b220cccbd017edd2c1fefb359320 -> 
  custom:video-encoder-webm-vp8: eb34c28f22e8b96e1ab97ce403110664 -> 
  custom:audio-decoder-ogg-vorbis: bf7c407c2cedff20999df2af8eb42d56 -> 
  custom:scripting/monoscript/fileName/Player.cs: 007e2e63cbf915a2b71612a7f593548a -> 
  custom:audio-encoder-webm-vorbis: bf7c407c2cedff20999df2af8eb42d56 -> 
  custom:scripting/precompiled-assembly-types:Assembly-CSharp: fb846d4136b931862f6cbb4e1bce554b -> 
========================================================================
Received Prepare
Caller must complete domain reload
Begin MonoManager ReloadAssembly
Thread 0x307ee7000 may have been prematurely finalized
- Loaded All Assemblies, in  0.187 seconds
Native extension for Android target not found
Native extension for OSXStandalone target not found
Mono: successfully reloaded assembly
- Finished resetting the current domain, in  0.531 seconds
Domain Reload Profiling: 718ms
	BeginReloadAssembly (56ms)
		ExecutionOrderSort (0ms)
		DisableScriptedObjects (2ms)
		BackupInstance (0ms)
		ReleaseScriptingObjects (0ms)
		CreateAndSetChildDomain (17ms)
	RebuildCommonClasses (17ms)
	RebuildNativeTypeToScriptingClass (5ms)
	initialDomainReloadingComplete (9ms)
	LoadAllAssembliesAndSetupDomain (99ms)
		LoadAssemblies (107ms)
		RebuildTransferFunctionScriptingTraits (0ms)
		AnalyzeDomain (12ms)
			TypeCache.Refresh (5ms)
				TypeCache.ScanAssembly (0ms)
			ScanForSourceGeneratedMonoScriptInfo (3ms)
			ResolveRequiredComponents (2ms)
	FinalizeReload (531ms)
		ReleaseScriptCaches (0ms)
		RebuildScriptCaches (0ms)
		SetupLoadedEditorAssemblies (172ms)
			LogAssemblyErrors (0ms)
			InitializePlatformSupportModulesInManaged (6ms)
			SetLoadedEditorAssemblies (2ms)
			RefreshPlugins (0ms)
			BeforeProcessingInitializeOnLoad (22ms)
			ProcessInitializeOnLoadAttributes (134ms)
			ProcessInitializeOnLoadMethodAttributes (7ms)
			AfterProcessingInitializeOnLoad (0ms)
			EditorAssembliesLoaded (0ms)
		ExecutionOrderSort2 (0ms)
		AwakeInstancesAfterBackupRestoration (1ms)
Refreshing native plugins compatible for Editor in 0.55 ms, found 2 plugins.
Preloading 0 native plugins for Editor in 0.00 ms.
Unloading 3096 Unused Serialized files (Serialized files now loaded: 0)
Unloading 13 unused Assets / (27.6 KB). Loaded Objects now: 3625.
Memory consumption went from 151.5 MB to 151.5 MB.
Total: 1.565375 ms (FindLiveObjects: 0.095166 ms CreateObjectMapping: 0.030125 ms MarkObjects: 1.422417 ms  DeleteObjects: 0.017209 ms)

Prepare: number of updated asset objects reloaded= 0
AssetImportParameters requested are different than current active one (requested -> active):
  custom:container-demuxer-ogg: 62fdf1f143b41e24485cea50d1cbac27 -> 
  custom:video-decoder-ogg-theora: a1e56fd34408186e4bbccfd4996cb3dc -> 
  custom:CustomObjectIndexerAttribute: 9a22284fe3817be447336de3de66b15e -> 
  custom:container-demuxer-webm: 4f35f7cbe854078d1ac9338744f61a02 -> 
  custom:container-muxer-webm: aa71ff27fc2769a1b78a27578f13a17b -> 
  custom:video-decoder-webm-vp8: 9c59270c3fd7afecdb556c50c9e8de78 -> 
  custom:SearchIndexIgnoredProperties: e643bd26f0fe6173181afceb89e7c659 -> 
  custom:AudioImporter_EditorPlatform: 3918e3fc78b5a79bad01e8451be0beb8 -> 
  custom:framework-osx-AVFoundation: e770b220cccbd017edd2c1fefb359320 -> 
  custom:video-encoder-webm-vp8: eb34c28f22e8b96e1ab97ce403110664 -> 
  custom:audio-decoder-ogg-vorbis: bf7c407c2cedff20999df2af8eb42d56 -> 
  custom:scripting/monoscript/fileName/Player.cs: 007e2e63cbf915a2b71612a7f593548a -> 
  custom:audio-encoder-webm-vorbis: bf7c407c2cedff20999df2af8eb42d56 -> 
  custom:scripting/precompiled-assembly-types:Assembly-CSharp: fb846d4136b931862f6cbb4e1bce554b -> 
========================================================================
Received Prepare
Caller must complete domain reload
Begin MonoManager ReloadAssembly
Thread 0x307ee7000 may have been prematurely finalized
- Loaded All Assemblies, in  0.155 seconds
Native extension for Android target not found
Native extension for OSXStandalone target not found
Mono: successfully reloaded assembly
- Finished resetting the current domain, in  0.314 seconds
Domain Reload Profiling: 469ms
	BeginReloadAssembly (57ms)
		ExecutionOrderSort (0ms)
		DisableScriptedObjects (2ms)
		BackupInstance (0ms)
		ReleaseScriptingObjects (0ms)
		CreateAndSetChildDomain (17ms)
	RebuildCommonClasses (17ms)
	RebuildNativeTypeToScriptingClass (5ms)
	initialDomainReloadingComplete (9ms)
	LoadAllAssembliesAndSetupDomain (67ms)
		LoadAssemblies (79ms)
		RebuildTransferFunctionScriptingTraits (0ms)
		AnalyzeDomain (7ms)
			TypeCache.Refresh (3ms)
				TypeCache.ScanAssembly (0ms)
			ScanForSourceGeneratedMonoScriptInfo (0ms)
			ResolveRequiredComponents (3ms)
	FinalizeReload (314ms)
		ReleaseScriptCaches (0ms)
		RebuildScriptCaches (0ms)
		SetupLoadedEditorAssemblies (184ms)
			LogAssemblyErrors (0ms)
			InitializePlatformSupportModulesInManaged (6ms)
			SetLoadedEditorAssemblies (2ms)
			RefreshPlugins (0ms)
			BeforeProcessingInitializeOnLoad (23ms)
			ProcessInitializeOnLoadAttributes (144ms)
			ProcessInitializeOnLoadMethodAttributes (9ms)
			AfterProcessingInitializeOnLoad (0ms)
			EditorAssembliesLoaded (0ms)
		ExecutionOrderSort2 (0ms)
		AwakeInstancesAfterBackupRestoration (2ms)
Refreshing native plugins compatible for Editor in 0.51 ms, found 2 plugins.
Preloading 0 native plugins for Editor in 0.00 ms.
Unloading 3096 Unused Serialized files (Serialized files now loaded: 0)
Unloading 13 unused Assets / (27.6 KB). Loaded Objects now: 3628.
Memory consumption went from 157.3 MB to 157.3 MB.
Total: 1.694917 ms (FindLiveObjects: 0.081917 ms CreateObjectMapping: 0.024625 ms MarkObjects: 1.564541 ms  DeleteObjects: 0.023250 ms)

Prepare: number of updated asset objects reloaded= 0
AssetImportParameters requested are different than current active one (requested -> active):
  custom:container-demuxer-ogg: 62fdf1f143b41e24485cea50d1cbac27 -> 
  custom:video-decoder-ogg-theora: a1e56fd34408186e4bbccfd4996cb3dc -> 
  custom:CustomObjectIndexerAttribute: 9a22284fe3817be447336de3de66b15e -> 
  custom:container-demuxer-webm: 4f35f7cbe854078d1ac9338744f61a02 -> 
  custom:container-muxer-webm: aa71ff27fc2769a1b78a27578f13a17b -> 
  custom:video-decoder-webm-vp8: 9c59270c3fd7afecdb556c50c9e8de78 -> 
  custom:SearchIndexIgnoredProperties: e643bd26f0fe6173181afceb89e7c659 -> 
  custom:AudioImporter_EditorPlatform: 3918e3fc78b5a79bad01e8451be0beb8 -> 
  custom:framework-osx-AVFoundation: e770b220cccbd017edd2c1fefb359320 -> 
  custom:video-encoder-webm-vp8: eb34c28f22e8b96e1ab97ce403110664 -> 
  custom:audio-decoder-ogg-vorbis: bf7c407c2cedff20999df2af8eb42d56 -> 
  custom:scripting/monoscript/fileName/Player.cs: 007e2e63cbf915a2b71612a7f593548a -> 
  custom:audio-encoder-webm-vorbis: bf7c407c2cedff20999df2af8eb42d56 -> 
  custom:scripting/precompiled-assembly-types:Assembly-CSharp: fb846d4136b931862f6cbb4e1bce554b -> 
========================================================================
Received Prepare
Caller must complete domain reload
Begin MonoManager ReloadAssembly
Thread 0x307ee7000 may have been prematurely finalized
- Loaded All Assemblies, in  0.157 seconds
Native extension for Android target not found
Native extension for OSXStandalone target not found
Mono: successfully reloaded assembly
- Finished resetting the current domain, in  0.307 seconds
Domain Reload Profiling: 465ms
	BeginReloadAssembly (57ms)
		ExecutionOrderSort (0ms)
		DisableScriptedObjects (2ms)
		BackupInstance (0ms)
		ReleaseScriptingObjects (0ms)
		CreateAndSetChildDomain (17ms)
	RebuildCommonClasses (17ms)
	RebuildNativeTypeToScriptingClass (6ms)
	initialDomainReloadingComplete (9ms)
	LoadAllAssembliesAndSetupDomain (69ms)
		LoadAssemblies (79ms)
		RebuildTransferFunctionScriptingTraits (0ms)
		AnalyzeDomain (10ms)
			TypeCache.Refresh (4ms)
				TypeCache.ScanAssembly (0ms)
			ScanForSourceGeneratedMonoScriptInfo (3ms)
			ResolveRequiredComponents (2ms)
	FinalizeReload (308ms)
		ReleaseScriptCaches (0ms)
		RebuildScriptCaches (0ms)
		SetupLoadedEditorAssemblies (175ms)
			LogAssemblyErrors (0ms)
			InitializePlatformSupportModulesInManaged (6ms)
			SetLoadedEditorAssemblies (2ms)
			RefreshPlugins (0ms)
			BeforeProcessingInitializeOnLoad (23ms)
			ProcessInitializeOnLoadAttributes (137ms)
			ProcessInitializeOnLoadMethodAttributes (7ms)
			AfterProcessingInitializeOnLoad (0ms)
			EditorAssembliesLoaded (0ms)
		ExecutionOrderSort2 (0ms)
		AwakeInstancesAfterBackupRestoration (2ms)
Refreshing native plugins compatible for Editor in 0.43 ms, found 2 plugins.
Preloading 0 native plugins for Editor in 0.00 ms.
Unloading 3096 Unused Serialized files (Serialized files now loaded: 0)
Unloading 13 unused Assets / (27.7 KB). Loaded Objects now: 3631.
Memory consumption went from 163.0 MB to 163.0 MB.
Total: 1.543000 ms (FindLiveObjects: 0.080625 ms CreateObjectMapping: 0.024875 ms MarkObjects: 1.415791 ms  DeleteObjects: 0.021209 ms)

Prepare: number of updated asset objects reloaded= 0
AssetImportParameters requested are different than current active one (requested -> active):
  custom:container-demuxer-ogg: 62fdf1f143b41e24485cea50d1cbac27 -> 
  custom:video-decoder-ogg-theora: a1e56fd34408186e4bbccfd4996cb3dc -> 
  custom:CustomObjectIndexerAttribute: 9a22284fe3817be447336de3de66b15e -> 
  custom:container-demuxer-webm: 4f35f7cbe854078d1ac9338744f61a02 -> 
  custom:container-muxer-webm: aa71ff27fc2769a1b78a27578f13a17b -> 
  custom:video-decoder-webm-vp8: 9c59270c3fd7afecdb556c50c9e8de78 -> 
  custom:SearchIndexIgnoredProperties: e643bd26f0fe6173181afceb89e7c659 -> 
  custom:AudioImporter_EditorPlatform: 3918e3fc78b5a79bad01e8451be0beb8 -> 
  custom:framework-osx-AVFoundation: e770b220cccbd017edd2c1fefb359320 -> 
  custom:video-encoder-webm-vp8: eb34c28f22e8b96e1ab97ce403110664 -> 
  custom:audio-decoder-ogg-vorbis: bf7c407c2cedff20999df2af8eb42d56 -> 
  custom:scripting/monoscript/fileName/Player.cs: 007e2e63cbf915a2b71612a7f593548a -> 
  custom:audio-encoder-webm-vorbis: bf7c407c2cedff20999df2af8eb42d56 -> 
  custom:scripting/precompiled-assembly-types:Assembly-CSharp: fb846d4136b931862f6cbb4e1bce554b -> 
========================================================================
Received Prepare
Caller must complete domain reload
Begin MonoManager ReloadAssembly
Thread 0x307ee7000 may have been prematurely finalized
- Loaded All Assemblies, in  0.159 seconds
Native extension for Android target not found
Native extension for OSXStandalone target not found
Mono: successfully reloaded assembly
- Finished resetting the current domain, in  0.479 seconds
Domain Reload Profiling: 638ms
	BeginReloadAssembly (58ms)
		ExecutionOrderSort (0ms)
		DisableScriptedObjects (2ms)
		BackupInstance (0ms)
		ReleaseScriptingObjects (0ms)
		CreateAndSetChildDomain (18ms)
	RebuildCommonClasses (17ms)
	RebuildNativeTypeToScriptingClass (6ms)
	initialDomainReloadingComplete (9ms)
	LoadAllAssembliesAndSetupDomain (69ms)
		LoadAssemblies (77ms)
		RebuildTransferFunctionScriptingTraits (0ms)
		AnalyzeDomain (11ms)
			TypeCache.Refresh (5ms)
				TypeCache.ScanAssembly (0ms)
			ScanForSourceGeneratedMonoScriptInfo (3ms)
			ResolveRequiredComponents (2ms)
	FinalizeReload (479ms)
		ReleaseScriptCaches (0ms)
		RebuildScriptCaches (0ms)
		SetupLoadedEditorAssemblies (163ms)
			LogAssemblyErrors (0ms)
			InitializePlatformSupportModulesInManaged (6ms)
			SetLoadedEditorAssemblies (2ms)
			RefreshPlugins (0ms)
			BeforeProcessingInitializeOnLoad (21ms)
			ProcessInitializeOnLoadAttributes (127ms)
			ProcessInitializeOnLoadMethodAttributes (7ms)
			AfterProcessingInitializeOnLoad (0ms)
			EditorAssembliesLoaded (0ms)
		ExecutionOrderSort2 (0ms)
		AwakeInstancesAfterBackupRestoration (1ms)
Refreshing native plugins compatible for Editor in 0.52 ms, found 2 plugins.
Preloading 0 native plugins for Editor in 0.00 ms.
Unloading 3096 Unused Serialized files (Serialized files now loaded: 0)
Unloading 13 unused Assets / (27.7 KB). Loaded Objects now: 3634.
Memory consumption went from 168.8 MB to 168.8 MB.
Total: 1.521875 ms (FindLiveObjects: 0.085125 ms CreateObjectMapping: 0.028625 ms MarkObjects: 1.389458 ms  DeleteObjects: 0.018459 ms)

Prepare: number of updated asset objects reloaded= 0
AssetImportParameters requested are different than current active one (requested -> active):
  custom:container-demuxer-ogg: 62fdf1f143b41e24485cea50d1cbac27 -> 
  custom:video-decoder-ogg-theora: a1e56fd34408186e4bbccfd4996cb3dc -> 
  custom:CustomObjectIndexerAttribute: 9a22284fe3817be447336de3de66b15e -> 
  custom:container-demuxer-webm: 4f35f7cbe854078d1ac9338744f61a02 -> 
  custom:container-muxer-webm: aa71ff27fc2769a1b78a27578f13a17b -> 
  custom:video-decoder-webm-vp8: 9c59270c3fd7afecdb556c50c9e8de78 -> 
  custom:SearchIndexIgnoredProperties: e643bd26f0fe6173181afceb89e7c659 -> 
  custom:AudioImporter_EditorPlatform: 3918e3fc78b5a79bad01e8451be0beb8 -> 
  custom:framework-osx-AVFoundation: e770b220cccbd017edd2c1fefb359320 -> 
  custom:video-encoder-webm-vp8: eb34c28f22e8b96e1ab97ce403110664 -> 
  custom:audio-decoder-ogg-vorbis: bf7c407c2cedff20999df2af8eb42d56 -> 
  custom:scripting/monoscript/fileName/Player.cs: 007e2e63cbf915a2b71612a7f593548a -> 
  custom:audio-encoder-webm-vorbis: bf7c407c2cedff20999df2af8eb42d56 -> 
  custom:scripting/precompiled-assembly-types:Assembly-CSharp: fb846d4136b931862f6cbb4e1bce554b -> 
========================================================================
Received Prepare
Caller must complete domain reload
Begin MonoManager ReloadAssembly
Thread 0x307ee7000 may have been prematurely finalized
- Loaded All Assemblies, in  0.157 seconds
Native extension for Android target not found
Native extension for OSXStandalone target not found
Mono: successfully reloaded assembly
- Finished resetting the current domain, in  0.308 seconds
Domain Reload Profiling: 465ms
	BeginReloadAssembly (58ms)
		ExecutionOrderSort (0ms)
		DisableScriptedObjects (2ms)
		BackupInstance (0ms)
		ReleaseScriptingObjects (0ms)
		CreateAndSetChildDomain (18ms)
	RebuildCommonClasses (17ms)
	RebuildNativeTypeToScriptingClass (5ms)
	initialDomainReloadingComplete (9ms)
	LoadAllAssembliesAndSetupDomain (68ms)
		LoadAssemblies (81ms)
		RebuildTransferFunctionScriptingTraits (0ms)
		AnalyzeDomain (7ms)
			TypeCache.Refresh (4ms)
				TypeCache.ScanAssembly (0ms)
			ScanForSourceGeneratedMonoScriptInfo (0ms)
			ResolveRequiredComponents (2ms)
	FinalizeReload (308ms)
		ReleaseScriptCaches (0ms)
		RebuildScriptCaches (0ms)
		SetupLoadedEditorAssemblies (188ms)
			LogAssemblyErrors (0ms)
			InitializePlatformSupportModulesInManaged (6ms)
			SetLoadedEditorAssemblies (2ms)
			RefreshPlugins (0ms)
			BeforeProcessingInitializeOnLoad (24ms)
			ProcessInitializeOnLoadAttributes (147ms)
			ProcessInitializeOnLoadMethodAttributes (8ms)
			AfterProcessingInitializeOnLoad (1ms)
			EditorAssembliesLoaded (0ms)
		ExecutionOrderSort2 (0ms)
		AwakeInstancesAfterBackupRestoration (1ms)
Refreshing native plugins compatible for Editor in 0.45 ms, found 2 plugins.
Preloading 0 native plugins for Editor in 0.00 ms.
Unloading 3096 Unused Serialized files (Serialized files now loaded: 0)
Unloading 13 unused Assets / (27.6 KB). Loaded Objects now: 3637.
Memory consumption went from 174.6 MB to 174.6 MB.
Total: 1.518958 ms (FindLiveObjects: 0.095833 ms CreateObjectMapping: 0.029709 ms MarkObjects: 1.374833 ms  DeleteObjects: 0.018208 ms)

Prepare: number of updated asset objects reloaded= 0
AssetImportParameters requested are different than current active one (requested -> active):
  custom:container-demuxer-ogg: 62fdf1f143b41e24485cea50d1cbac27 -> 
  custom:video-decoder-ogg-theora: a1e56fd34408186e4bbccfd4996cb3dc -> 
  custom:CustomObjectIndexerAttribute: 9a22284fe3817be447336de3de66b15e -> 
  custom:container-demuxer-webm: 4f35f7cbe854078d1ac9338744f61a02 -> 
  custom:container-muxer-webm: aa71ff27fc2769a1b78a27578f13a17b -> 
  custom:video-decoder-webm-vp8: 9c59270c3fd7afecdb556c50c9e8de78 -> 
  custom:SearchIndexIgnoredProperties: e643bd26f0fe6173181afceb89e7c659 -> 
  custom:AudioImporter_EditorPlatform: 3918e3fc78b5a79bad01e8451be0beb8 -> 
  custom:framework-osx-AVFoundation: e770b220cccbd017edd2c1fefb359320 -> 
  custom:video-encoder-webm-vp8: eb34c28f22e8b96e1ab97ce403110664 -> 
  custom:audio-decoder-ogg-vorbis: bf7c407c2cedff20999df2af8eb42d56 -> 
  custom:scripting/monoscript/fileName/Player.cs: 007e2e63cbf915a2b71612a7f593548a -> 
  custom:audio-encoder-webm-vorbis: bf7c407c2cedff20999df2af8eb42d56 -> 
  custom:scripting/precompiled-assembly-types:Assembly-CSharp: fb846d4136b931862f6cbb4e1bce554b -> 
========================================================================
Received Prepare
Caller must complete domain reload
Begin MonoManager ReloadAssembly
Thread 0x307ee7000 may have been prematurely finalized
- Loaded All Assemblies, in  0.176 seconds
Native extension for Android target not found
Native extension for OSXStandalone target not found
Mono: successfully reloaded assembly
- Finished resetting the current domain, in  0.486 seconds
Domain Reload Profiling: 663ms
	BeginReloadAssembly (58ms)
		ExecutionOrderSort (0ms)
		DisableScriptedObjects (2ms)
		BackupInstance (0ms)
		ReleaseScriptingObjects (0ms)
		CreateAndSetChildDomain (18ms)
	RebuildCommonClasses (17ms)
	RebuildNativeTypeToScriptingClass (5ms)
	initialDomainReloadingComplete (9ms)
	LoadAllAssembliesAndSetupDomain (87ms)
		LoadAssemblies (96ms)
		RebuildTransferFunctionScriptingTraits (0ms)
		AnalyzeDomain (11ms)
			TypeCache.Refresh (5ms)
				TypeCache.ScanAssembly (0ms)
			ScanForSourceGeneratedMonoScriptInfo (3ms)
			ResolveRequiredComponents (2ms)
	FinalizeReload (486ms)
		ReleaseScriptCaches (0ms)
		RebuildScriptCaches (0ms)
		SetupLoadedEditorAssemblies (170ms)
			LogAssemblyErrors (0ms)
			InitializePlatformSupportModulesInManaged (5ms)
			SetLoadedEditorAssemblies (2ms)
			RefreshPlugins (0ms)
			BeforeProcessingInitializeOnLoad (21ms)
			ProcessInitializeOnLoadAttributes (134ms)
			ProcessInitializeOnLoadMethodAttributes (7ms)
			AfterProcessingInitializeOnLoad (1ms)
			EditorAssembliesLoaded (0ms)
		ExecutionOrderSort2 (0ms)
		AwakeInstancesAfterBackupRestoration (1ms)
Refreshing native plugins compatible for Editor in 0.52 ms, found 2 plugins.
Preloading 0 native plugins for Editor in 0.00 ms.
Unloading 3096 Unused Serialized files (Serialized files now loaded: 0)
Unloading 13 unused Assets / (27.6 KB). Loaded Objects now: 3640.
Memory consumption went from 180.4 MB to 180.4 MB.
Total: 1.490584 ms (FindLiveObjects: 0.079625 ms CreateObjectMapping: 0.027667 ms MarkObjects: 1.364125 ms  DeleteObjects: 0.018750 ms)

Prepare: number of updated asset objects reloaded= 0
AssetImportParameters requested are different than current active one (requested -> active):
  custom:container-demuxer-ogg: 62fdf1f143b41e24485cea50d1cbac27 -> 
  custom:video-decoder-ogg-theora: a1e56fd34408186e4bbccfd4996cb3dc -> 
  custom:CustomObjectIndexerAttribute: 9a22284fe3817be447336de3de66b15e -> 
  custom:container-demuxer-webm: 4f35f7cbe854078d1ac9338744f61a02 -> 
  custom:container-muxer-webm: aa71ff27fc2769a1b78a27578f13a17b -> 
  custom:video-decoder-webm-vp8: 9c59270c3fd7afecdb556c50c9e8de78 -> 
  custom:SearchIndexIgnoredProperties: e643bd26f0fe6173181afceb89e7c659 -> 
  custom:AudioImporter_EditorPlatform: 3918e3fc78b5a79bad01e8451be0beb8 -> 
  custom:framework-osx-AVFoundation: e770b220cccbd017edd2c1fefb359320 -> 
  custom:video-encoder-webm-vp8: eb34c28f22e8b96e1ab97ce403110664 -> 
  custom:audio-decoder-ogg-vorbis: bf7c407c2cedff20999df2af8eb42d56 -> 
  custom:scripting/monoscript/fileName/Player.cs: 007e2e63cbf915a2b71612a7f593548a -> 
  custom:audio-encoder-webm-vorbis: bf7c407c2cedff20999df2af8eb42d56 -> 
  custom:scripting/precompiled-assembly-types:Assembly-CSharp: fb846d4136b931862f6cbb4e1bce554b -> 
========================================================================
Received Prepare
Caller must complete domain reload
Begin MonoManager ReloadAssembly
Thread 0x307ee7000 may have been prematurely finalized
- Loaded All Assemblies, in  0.160 seconds
Native extension for Android target not found
Native extension for OSXStandalone target not found
Mono: successfully reloaded assembly
- Finished resetting the current domain, in  0.312 seconds
Domain Reload Profiling: 473ms
	BeginReloadAssembly (59ms)
		ExecutionOrderSort (0ms)
		DisableScriptedObjects (2ms)
		BackupInstance (0ms)
		ReleaseScriptingObjects (0ms)
		CreateAndSetChildDomain (19ms)
	RebuildCommonClasses (17ms)
	RebuildNativeTypeToScriptingClass (6ms)
	initialDomainReloadingComplete (9ms)
	LoadAllAssembliesAndSetupDomain (70ms)
		LoadAssemblies (83ms)
		RebuildTransferFunctionScriptingTraits (0ms)
		AnalyzeDomain (6ms)
			TypeCache.Refresh (3ms)
				TypeCache.ScanAssembly (0ms)
			ScanForSourceGeneratedMonoScriptInfo (0ms)
			ResolveRequiredComponents (2ms)
	FinalizeReload (313ms)
		ReleaseScriptCaches (0ms)
		RebuildScriptCaches (0ms)
		SetupLoadedEditorAssemblies (187ms)
			LogAssemblyErrors (0ms)
			InitializePlatformSupportModulesInManaged (6ms)
			SetLoadedEditorAssemblies (2ms)
			RefreshPlugins (0ms)
			BeforeProcessingInitializeOnLoad (24ms)
			ProcessInitializeOnLoadAttributes (146ms)
			ProcessInitializeOnLoadMethodAttributes (8ms)
			AfterProcessingInitializeOnLoad (1ms)
			EditorAssembliesLoaded (0ms)
		ExecutionOrderSort2 (0ms)
		AwakeInstancesAfterBackupRestoration (1ms)
Refreshing native plugins compatible for Editor in 0.59 ms, found 2 plugins.
Preloading 0 native plugins for Editor in 0.00 ms.
Unloading 3096 Unused Serialized files (Serialized files now loaded: 0)
Unloading 13 unused Assets / (27.8 KB). Loaded Objects now: 3643.
Memory consumption went from 186.2 MB to 186.2 MB.
Total: 1.668916 ms (FindLiveObjects: 0.086834 ms CreateObjectMapping: 0.025917 ms MarkObjects: 1.530833 ms  DeleteObjects: 0.025125 ms)

Prepare: number of updated asset objects reloaded= 0
AssetImportParameters requested are different than current active one (requested -> active):
  custom:container-demuxer-ogg: 62fdf1f143b41e24485cea50d1cbac27 -> 
  custom:video-decoder-ogg-theora: a1e56fd34408186e4bbccfd4996cb3dc -> 
  custom:CustomObjectIndexerAttribute: 9a22284fe3817be447336de3de66b15e -> 
  custom:container-demuxer-webm: 4f35f7cbe854078d1ac9338744f61a02 -> 
  custom:container-muxer-webm: aa71ff27fc2769a1b78a27578f13a17b -> 
  custom:video-decoder-webm-vp8: 9c59270c3fd7afecdb556c50c9e8de78 -> 
  custom:SearchIndexIgnoredProperties: e643bd26f0fe6173181afceb89e7c659 -> 
  custom:AudioImporter_EditorPlatform: 3918e3fc78b5a79bad01e8451be0beb8 -> 
  custom:framework-osx-AVFoundation: e770b220cccbd017edd2c1fefb359320 -> 
  custom:video-encoder-webm-vp8: eb34c28f22e8b96e1ab97ce403110664 -> 
  custom:audio-decoder-ogg-vorbis: bf7c407c2cedff20999df2af8eb42d56 -> 
  custom:scripting/monoscript/fileName/Player.cs: 007e2e63cbf915a2b71612a7f593548a -> 
  custom:audio-encoder-webm-vorbis: bf7c407c2cedff20999df2af8eb42d56 -> 
  custom:scripting/precompiled-assembly-types:Assembly-CSharp: fb846d4136b931862f6cbb4e1bce554b -> 
========================================================================
Received Prepare
Caller must complete domain reload
Begin MonoManager ReloadAssembly
Thread 0x307ee7000 may have been prematurely finalized
- Loaded All Assemblies, in  0.156 seconds
Native extension for Android target not found
Native extension for OSXStandalone target not found
Mono: successfully reloaded assembly
- Finished resetting the current domain, in  0.317 seconds
Domain Reload Profiling: 473ms
	BeginReloadAssembly (58ms)
		ExecutionOrderSort (0ms)
		DisableScriptedObjects (2ms)
		BackupInstance (0ms)
		ReleaseScriptingObjects (0ms)
		CreateAndSetChildDomain (18ms)
	RebuildCommonClasses (17ms)
	RebuildNativeTypeToScriptingClass (6ms)
	initialDomainReloadingComplete (9ms)
	LoadAllAssembliesAndSetupDomain (66ms)
		LoadAssemblies (79ms)
		RebuildTransferFunctionScriptingTraits (0ms)
		AnalyzeDomain (7ms)
			TypeCache.Refresh (4ms)
				TypeCache.ScanAssembly (0ms)
			ScanForSourceGeneratedMonoScriptInfo (0ms)
			ResolveRequiredComponents (3ms)
	FinalizeReload (317ms)
		ReleaseScriptCaches (0ms)
		RebuildScriptCaches (0ms)
		SetupLoadedEditorAssemblies (187ms)
			LogAssemblyErrors (0ms)
			InitializePlatformSupportModulesInManaged (6ms)
			SetLoadedEditorAssemblies (2ms)
			RefreshPlugins (0ms)
			BeforeProcessingInitializeOnLoad (23ms)
			ProcessInitializeOnLoadAttributes (147ms)
			ProcessInitializeOnLoadMethodAttributes (8ms)
			AfterProcessingInitializeOnLoad (1ms)
			EditorAssembliesLoaded (0ms)
		ExecutionOrderSort2 (0ms)
		AwakeInstancesAfterBackupRestoration (2ms)
Refreshing native plugins compatible for Editor in 0.48 ms, found 2 plugins.
Preloading 0 native plugins for Editor in 0.00 ms.
Unloading 3096 Unused Serialized files (Serialized files now loaded: 0)
Unloading 13 unused Assets / (27.8 KB). Loaded Objects now: 3646.
Memory consumption went from 192.0 MB to 192.0 MB.
Total: 1.529459 ms (FindLiveObjects: 0.081250 ms CreateObjectMapping: 0.023375 ms MarkObjects: 1.402583 ms  DeleteObjects: 0.021834 ms)

Prepare: number of updated asset objects reloaded= 0
AssetImportParameters requested are different than current active one (requested -> active):
  custom:container-demuxer-ogg: 62fdf1f143b41e24485cea50d1cbac27 -> 
  custom:video-decoder-ogg-theora: a1e56fd34408186e4bbccfd4996cb3dc -> 
  custom:CustomObjectIndexerAttribute: 9a22284fe3817be447336de3de66b15e -> 
  custom:container-demuxer-webm: 4f35f7cbe854078d1ac9338744f61a02 -> 
  custom:container-muxer-webm: aa71ff27fc2769a1b78a27578f13a17b -> 
  custom:video-decoder-webm-vp8: 9c59270c3fd7afecdb556c50c9e8de78 -> 
  custom:SearchIndexIgnoredProperties: e643bd26f0fe6173181afceb89e7c659 -> 
  custom:AudioImporter_EditorPlatform: 3918e3fc78b5a79bad01e8451be0beb8 -> 
  custom:framework-osx-AVFoundation: e770b220cccbd017edd2c1fefb359320 -> 
  custom:video-encoder-webm-vp8: eb34c28f22e8b96e1ab97ce403110664 -> 
  custom:audio-decoder-ogg-vorbis: bf7c407c2cedff20999df2af8eb42d56 -> 
  custom:scripting/monoscript/fileName/Player.cs: 007e2e63cbf915a2b71612a7f593548a -> 
  custom:audio-encoder-webm-vorbis: bf7c407c2cedff20999df2af8eb42d56 -> 
  custom:scripting/precompiled-assembly-types:Assembly-CSharp: fb846d4136b931862f6cbb4e1bce554b -> 
========================================================================
Received Prepare
Caller must complete domain reload
Begin MonoManager ReloadAssembly
Thread 0x307ee7000 may have been prematurely finalized
- Loaded All Assemblies, in  0.158 seconds
Native extension for Android target not found
Native extension for OSXStandalone target not found
Mono: successfully reloaded assembly
- Finished resetting the current domain, in  0.300 seconds
Domain Reload Profiling: 459ms
	BeginReloadAssembly (57ms)
		ExecutionOrderSort (0ms)
		DisableScriptedObjects (2ms)
		BackupInstance (0ms)
		ReleaseScriptingObjects (0ms)
		CreateAndSetChildDomain (17ms)
	RebuildCommonClasses (17ms)
	RebuildNativeTypeToScriptingClass (5ms)
	initialDomainReloadingComplete (9ms)
	LoadAllAssembliesAndSetupDomain (70ms)
		LoadAssemblies (78ms)
		RebuildTransferFunctionScriptingTraits (0ms)
		AnalyzeDomain (11ms)
			TypeCache.Refresh (5ms)
				TypeCache.ScanAssembly (0ms)
			ScanForSourceGeneratedMonoScriptInfo (3ms)
			ResolveRequiredComponents (2ms)
	FinalizeReload (300ms)
		ReleaseScriptCaches (0ms)
		RebuildScriptCaches (0ms)
		SetupLoadedEditorAssemblies (169ms)
			LogAssemblyErrors (0ms)
			InitializePlatformSupportModulesInManaged (6ms)
			SetLoadedEditorAssemblies (2ms)
			RefreshPlugins (0ms)
			BeforeProcessingInitializeOnLoad (23ms)
			ProcessInitializeOnLoadAttributes (131ms)
			ProcessInitializeOnLoadMethodAttributes (7ms)
			AfterProcessingInitializeOnLoad (0ms)
			EditorAssembliesLoaded (0ms)
		ExecutionOrderSort2 (0ms)
		AwakeInstancesAfterBackupRestoration (2ms)
Refreshing native plugins compatible for Editor in 0.43 ms, found 2 plugins.
Preloading 0 native plugins for Editor in 0.00 ms.
Unloading 3096 Unused Serialized files (Serialized files now loaded: 0)
Unloading 13 unused Assets / (27.8 KB). Loaded Objects now: 3649.
Memory consumption went from 197.8 MB to 197.8 MB.
Total: 1.628791 ms (FindLiveObjects: 0.089958 ms CreateObjectMapping: 0.026708 ms MarkObjects: 1.490708 ms  DeleteObjects: 0.020792 ms)

Prepare: number of updated asset objects reloaded= 0
AssetImportParameters requested are different than current active one (requested -> active):
  custom:container-demuxer-ogg: 62fdf1f143b41e24485cea50d1cbac27 -> 
  custom:video-decoder-ogg-theora: a1e56fd34408186e4bbccfd4996cb3dc -> 
  custom:CustomObjectIndexerAttribute: 9a22284fe3817be447336de3de66b15e -> 
  custom:container-demuxer-webm: 4f35f7cbe854078d1ac9338744f61a02 -> 
  custom:container-muxer-webm: aa71ff27fc2769a1b78a27578f13a17b -> 
  custom:video-decoder-webm-vp8: 9c59270c3fd7afecdb556c50c9e8de78 -> 
  custom:SearchIndexIgnoredProperties: e643bd26f0fe6173181afceb89e7c659 -> 
  custom:AudioImporter_EditorPlatform: 3918e3fc78b5a79bad01e8451be0beb8 -> 
  custom:framework-osx-AVFoundation: e770b220cccbd017edd2c1fefb359320 -> 
  custom:video-encoder-webm-vp8: eb34c28f22e8b96e1ab97ce403110664 -> 
  custom:audio-decoder-ogg-vorbis: bf7c407c2cedff20999df2af8eb42d56 -> 
  custom:scripting/monoscript/fileName/Player.cs: 007e2e63cbf915a2b71612a7f593548a -> 
  custom:audio-encoder-webm-vorbis: bf7c407c2cedff20999df2af8eb42d56 -> 
  custom:scripting/precompiled-assembly-types:Assembly-CSharp: fb846d4136b931862f6cbb4e1bce554b -> 
========================================================================
Received Prepare
Caller must complete domain reload
Begin MonoManager ReloadAssembly
Thread 0x307ee7000 may have been prematurely finalized
- Loaded All Assemblies, in  0.156 seconds
Native extension for Android target not found
Native extension for OSXStandalone target not found
Mono: successfully reloaded assembly
- Finished resetting the current domain, in  0.315 seconds
Domain Reload Profiling: 471ms
	BeginReloadAssembly (59ms)
		ExecutionOrderSort (0ms)
		DisableScriptedObjects (2ms)
		BackupInstance (0ms)
		ReleaseScriptingObjects (0ms)
		CreateAndSetChildDomain (19ms)
	RebuildCommonClasses (16ms)
	RebuildNativeTypeToScriptingClass (5ms)
	initialDomainReloadingComplete (9ms)
	LoadAllAssembliesAndSetupDomain (66ms)
		LoadAssemblies (78ms)
		RebuildTransferFunctionScriptingTraits (0ms)
		AnalyzeDomain (8ms)
			TypeCache.Refresh (4ms)
				TypeCache.ScanAssembly (0ms)
			ScanForSourceGeneratedMonoScriptInfo (0ms)
			ResolveRequiredComponents (2ms)
	FinalizeReload (315ms)
		ReleaseScriptCaches (0ms)
		RebuildScriptCaches (0ms)
		SetupLoadedEditorAssemblies (191ms)
			LogAssemblyErrors (0ms)
			InitializePlatformSupportModulesInManaged (6ms)
			SetLoadedEditorAssemblies (2ms)
			RefreshPlugins (0ms)
			BeforeProcessingInitializeOnLoad (24ms)
			ProcessInitializeOnLoadAttributes (150ms)
			ProcessInitializeOnLoadMethodAttributes (8ms)
			AfterProcessingInitializeOnLoad (1ms)
			EditorAssembliesLoaded (0ms)
		ExecutionOrderSort2 (0ms)
		AwakeInstancesAfterBackupRestoration (1ms)
Refreshing native plugins compatible for Editor in 0.44 ms, found 2 plugins.
Preloading 0 native plugins for Editor in 0.00 ms.
Unloading 3096 Unused Serialized files (Serialized files now loaded: 0)
Unloading 13 unused Assets / (27.8 KB). Loaded Objects now: 3652.
Memory consumption went from 203.6 MB to 203.6 MB.
Total: 1.509834 ms (FindLiveObjects: 0.074625 ms CreateObjectMapping: 0.023375 ms MarkObjects: 1.390833 ms  DeleteObjects: 0.020667 ms)

Prepare: number of updated asset objects reloaded= 0
AssetImportParameters requested are different than current active one (requested -> active):
  custom:container-demuxer-ogg: 62fdf1f143b41e24485cea50d1cbac27 -> 
  custom:video-decoder-ogg-theora: a1e56fd34408186e4bbccfd4996cb3dc -> 
  custom:CustomObjectIndexerAttribute: 9a22284fe3817be447336de3de66b15e -> 
  custom:container-demuxer-webm: 4f35f7cbe854078d1ac9338744f61a02 -> 
  custom:container-muxer-webm: aa71ff27fc2769a1b78a27578f13a17b -> 
  custom:video-decoder-webm-vp8: 9c59270c3fd7afecdb556c50c9e8de78 -> 
  custom:SearchIndexIgnoredProperties: e643bd26f0fe6173181afceb89e7c659 -> 
  custom:AudioImporter_EditorPlatform: 3918e3fc78b5a79bad01e8451be0beb8 -> 
  custom:framework-osx-AVFoundation: e770b220cccbd017edd2c1fefb359320 -> 
  custom:video-encoder-webm-vp8: eb34c28f22e8b96e1ab97ce403110664 -> 
  custom:audio-decoder-ogg-vorbis: bf7c407c2cedff20999df2af8eb42d56 -> 
  custom:scripting/monoscript/fileName/Player.cs: 007e2e63cbf915a2b71612a7f593548a -> 
  custom:audio-encoder-webm-vorbis: bf7c407c2cedff20999df2af8eb42d56 -> 
  custom:scripting/precompiled-assembly-types:Assembly-CSharp: fb846d4136b931862f6cbb4e1bce554b -> 
========================================================================
Received Prepare
Caller must complete domain reload
Begin MonoManager ReloadAssembly
Thread 0x307ee7000 may have been prematurely finalized
- Loaded All Assemblies, in  0.156 seconds
Native extension for Android target not found
Native extension for OSXStandalone target not found
Mono: successfully reloaded assembly
- Finished resetting the current domain, in  0.324 seconds
Domain Reload Profiling: 481ms
	BeginReloadAssembly (58ms)
		ExecutionOrderSort (0ms)
		DisableScriptedObjects (2ms)
		BackupInstance (0ms)
		ReleaseScriptingObjects (0ms)
		CreateAndSetChildDomain (18ms)
	RebuildCommonClasses (17ms)
	RebuildNativeTypeToScriptingClass (6ms)
	initialDomainReloadingComplete (9ms)
	LoadAllAssembliesAndSetupDomain (67ms)
		LoadAssemblies (79ms)
		RebuildTransferFunctionScriptingTraits (0ms)
		AnalyzeDomain (7ms)
			TypeCache.Refresh (3ms)
				TypeCache.ScanAssembly (0ms)
			ScanForSourceGeneratedMonoScriptInfo (0ms)
			ResolveRequiredComponents (2ms)
	FinalizeReload (324ms)
		ReleaseScriptCaches (0ms)
		RebuildScriptCaches (0ms)
		SetupLoadedEditorAssemblies (189ms)
			LogAssemblyErrors (0ms)
			InitializePlatformSupportModulesInManaged (6ms)
			SetLoadedEditorAssemblies (2ms)
			RefreshPlugins (0ms)
			BeforeProcessingInitializeOnLoad (23ms)
			ProcessInitializeOnLoadAttributes (149ms)
			ProcessInitializeOnLoadMethodAttributes (8ms)
			AfterProcessingInitializeOnLoad (1ms)
			EditorAssembliesLoaded (0ms)
		ExecutionOrderSort2 (0ms)
		AwakeInstancesAfterBackupRestoration (1ms)
Refreshing native plugins compatible for Editor in 0.50 ms, found 2 plugins.
Preloading 0 native plugins for Editor in 0.00 ms.
Unloading 3096 Unused Serialized files (Serialized files now loaded: 0)
Unloading 13 unused Assets / (27.8 KB). Loaded Objects now: 3655.
Memory consumption went from 209.4 MB to 209.3 MB.
Total: 1.785625 ms (FindLiveObjects: 0.081791 ms CreateObjectMapping: 0.023167 ms MarkObjects: 1.658583 ms  DeleteObjects: 0.021667 ms)

Prepare: number of updated asset objects reloaded= 0
AssetImportParameters requested are different than current active one (requested -> active):
  custom:container-demuxer-ogg: 62fdf1f143b41e24485cea50d1cbac27 -> 
  custom:video-decoder-ogg-theora: a1e56fd34408186e4bbccfd4996cb3dc -> 
  custom:CustomObjectIndexerAttribute: 9a22284fe3817be447336de3de66b15e -> 
  custom:container-demuxer-webm: 4f35f7cbe854078d1ac9338744f61a02 -> 
  custom:container-muxer-webm: aa71ff27fc2769a1b78a27578f13a17b -> 
  custom:video-decoder-webm-vp8: 9c59270c3fd7afecdb556c50c9e8de78 -> 
  custom:SearchIndexIgnoredProperties: e643bd26f0fe6173181afceb89e7c659 -> 
  custom:AudioImporter_EditorPlatform: 3918e3fc78b5a79bad01e8451be0beb8 -> 
  custom:framework-osx-AVFoundation: e770b220cccbd017edd2c1fefb359320 -> 
  custom:video-encoder-webm-vp8: eb34c28f22e8b96e1ab97ce403110664 -> 
  custom:audio-decoder-ogg-vorbis: bf7c407c2cedff20999df2af8eb42d56 -> 
  custom:scripting/monoscript/fileName/Player.cs: 007e2e63cbf915a2b71612a7f593548a -> 
  custom:audio-encoder-webm-vorbis: bf7c407c2cedff20999df2af8eb42d56 -> 
  custom:scripting/precompiled-assembly-types:Assembly-CSharp: fb846d4136b931862f6cbb4e1bce554b -> 
========================================================================
Received Prepare
Caller must complete domain reload
Begin MonoManager ReloadAssembly
Thread 0x307ee7000 may have been prematurely finalized
- Loaded All Assemblies, in  0.156 seconds
Native extension for Android target not found
Native extension for OSXStandalone target not found
Mono: successfully reloaded assembly
- Finished resetting the current domain, in  0.319 seconds
Domain Reload Profiling: 475ms
	BeginReloadAssembly (57ms)
		ExecutionOrderSort (0ms)
		DisableScriptedObjects (2ms)
		BackupInstance (0ms)
		ReleaseScriptingObjects (0ms)
		CreateAndSetChildDomain (18ms)
	RebuildCommonClasses (16ms)
	RebuildNativeTypeToScriptingClass (5ms)
	initialDomainReloadingComplete (9ms)
	LoadAllAssembliesAndSetupDomain (68ms)
		LoadAssemblies (80ms)
		RebuildTransferFunctionScriptingTraits (0ms)
		AnalyzeDomain (6ms)
			TypeCache.Refresh (3ms)
				TypeCache.ScanAssembly (0ms)
			ScanForSourceGeneratedMonoScriptInfo (0ms)
			ResolveRequiredComponents (2ms)
	FinalizeReload (319ms)
		ReleaseScriptCaches (0ms)
		RebuildScriptCaches (0ms)
		SetupLoadedEditorAssemblies (189ms)
			LogAssemblyErrors (0ms)
			InitializePlatformSupportModulesInManaged (6ms)
			SetLoadedEditorAssemblies (2ms)
			RefreshPlugins (0ms)
			BeforeProcessingInitializeOnLoad (24ms)
			ProcessInitializeOnLoadAttributes (148ms)
			ProcessInitializeOnLoadMethodAttributes (8ms)
			AfterProcessingInitializeOnLoad (1ms)
			EditorAssembliesLoaded (0ms)
		ExecutionOrderSort2 (0ms)
		AwakeInstancesAfterBackupRestoration (1ms)
Refreshing native plugins compatible for Editor in 0.48 ms, found 2 plugins.
Preloading 0 native plugins for Editor in 0.00 ms.
Unloading 3096 Unused Serialized files (Serialized files now loaded: 0)
Unloading 13 unused Assets / (27.8 KB). Loaded Objects now: 3658.
Memory consumption went from 215.2 MB to 215.1 MB.
Total: 1.678041 ms (FindLiveObjects: 0.079458 ms CreateObjectMapping: 0.026291 ms MarkObjects: 1.548958 ms  DeleteObjects: 0.022834 ms)

Prepare: number of updated asset objects reloaded= 0
AssetImportParameters requested are different than current active one (requested -> active):
  custom:container-demuxer-ogg: 62fdf1f143b41e24485cea50d1cbac27 -> 
  custom:video-decoder-ogg-theora: a1e56fd34408186e4bbccfd4996cb3dc -> 
  custom:CustomObjectIndexerAttribute: 9a22284fe3817be447336de3de66b15e -> 
  custom:container-demuxer-webm: 4f35f7cbe854078d1ac9338744f61a02 -> 
  custom:container-muxer-webm: aa71ff27fc2769a1b78a27578f13a17b -> 
  custom:video-decoder-webm-vp8: 9c59270c3fd7afecdb556c50c9e8de78 -> 
  custom:SearchIndexIgnoredProperties: e643bd26f0fe6173181afceb89e7c659 -> 
  custom:AudioImporter_EditorPlatform: 3918e3fc78b5a79bad01e8451be0beb8 -> 
  custom:framework-osx-AVFoundation: e770b220cccbd017edd2c1fefb359320 -> 
  custom:video-encoder-webm-vp8: eb34c28f22e8b96e1ab97ce403110664 -> 
  custom:audio-decoder-ogg-vorbis: bf7c407c2cedff20999df2af8eb42d56 -> 
  custom:scripting/monoscript/fileName/Player.cs: 007e2e63cbf915a2b71612a7f593548a -> 
  custom:audio-encoder-webm-vorbis: bf7c407c2cedff20999df2af8eb42d56 -> 
  custom:scripting/precompiled-assembly-types:Assembly-CSharp: fb846d4136b931862f6cbb4e1bce554b -> 
========================================================================
Received Prepare
Caller must complete domain reload
Begin MonoManager ReloadAssembly
Thread 0x307ee7000 may have been prematurely finalized
- Loaded All Assemblies, in  0.155 seconds
Native extension for Android target not found
Native extension for OSXStandalone target not found
Mono: successfully reloaded assembly
- Finished resetting the current domain, in  0.320 seconds
Domain Reload Profiling: 476ms
	BeginReloadAssembly (59ms)
		ExecutionOrderSort (0ms)
		DisableScriptedObjects (2ms)
		BackupInstance (0ms)
		ReleaseScriptingObjects (0ms)
		CreateAndSetChildDomain (18ms)
	RebuildCommonClasses (16ms)
	RebuildNativeTypeToScriptingClass (6ms)
	initialDomainReloadingComplete (9ms)
	LoadAllAssembliesAndSetupDomain (66ms)
		LoadAssemblies (78ms)
		RebuildTransferFunctionScriptingTraits (0ms)
		AnalyzeDomain (7ms)
			TypeCache.Refresh (3ms)
				TypeCache.ScanAssembly (0ms)
			ScanForSourceGeneratedMonoScriptInfo (0ms)
			ResolveRequiredComponents (3ms)
	FinalizeReload (320ms)
		ReleaseScriptCaches (0ms)
		RebuildScriptCaches (0ms)
		SetupLoadedEditorAssemblies (190ms)
			LogAssemblyErrors (0ms)
			InitializePlatformSupportModulesInManaged (6ms)
			SetLoadedEditorAssemblies (2ms)
			RefreshPlugins (0ms)
			BeforeProcessingInitializeOnLoad (24ms)
			ProcessInitializeOnLoadAttributes (149ms)
			ProcessInitializeOnLoadMethodAttributes (9ms)
			AfterProcessingInitializeOnLoad (0ms)
			EditorAssembliesLoaded (0ms)
		ExecutionOrderSort2 (0ms)
		AwakeInstancesAfterBackupRestoration (2ms)
Refreshing native plugins compatible for Editor in 0.46 ms, found 2 plugins.
Preloading 0 native plugins for Editor in 0.00 ms.
Unloading 3096 Unused Serialized files (Serialized files now loaded: 0)
Unloading 13 unused Assets / (27.7 KB). Loaded Objects now: 3661.
Memory consumption went from 221.0 MB to 220.9 MB.
Total: 1.632042 ms (FindLiveObjects: 0.083584 ms CreateObjectMapping: 0.023708 ms MarkObjects: 1.505167 ms  DeleteObjects: 0.019000 ms)

Prepare: number of updated asset objects reloaded= 0
AssetImportParameters requested are different than current active one (requested -> active):
  custom:container-demuxer-ogg: 62fdf1f143b41e24485cea50d1cbac27 -> 
  custom:video-decoder-ogg-theora: a1e56fd34408186e4bbccfd4996cb3dc -> 
  custom:CustomObjectIndexerAttribute: 9a22284fe3817be447336de3de66b15e -> 
  custom:container-demuxer-webm: 4f35f7cbe854078d1ac9338744f61a02 -> 
  custom:container-muxer-webm: aa71ff27fc2769a1b78a27578f13a17b -> 
  custom:video-decoder-webm-vp8: 9c59270c3fd7afecdb556c50c9e8de78 -> 
  custom:SearchIndexIgnoredProperties: e643bd26f0fe6173181afceb89e7c659 -> 
  custom:AudioImporter_EditorPlatform: 3918e3fc78b5a79bad01e8451be0beb8 -> 
  custom:framework-osx-AVFoundation: e770b220cccbd017edd2c1fefb359320 -> 
  custom:video-encoder-webm-vp8: eb34c28f22e8b96e1ab97ce403110664 -> 
  custom:audio-decoder-ogg-vorbis: bf7c407c2cedff20999df2af8eb42d56 -> 
  custom:scripting/monoscript/fileName/Player.cs: 007e2e63cbf915a2b71612a7f593548a -> 
  custom:audio-encoder-webm-vorbis: bf7c407c2cedff20999df2af8eb42d56 -> 
  custom:scripting/precompiled-assembly-types:Assembly-CSharp: fb846d4136b931862f6cbb4e1bce554b -> 
========================================================================
Received Prepare
Caller must complete domain reload
Begin MonoManager ReloadAssembly
Thread 0x307ee7000 may have been prematurely finalized
- Loaded All Assemblies, in  0.180 seconds
Native extension for Android target not found
Native extension for OSXStandalone target not found
Mono: successfully reloaded assembly
- Finished resetting the current domain, in  0.483 seconds
Domain Reload Profiling: 663ms
	BeginReloadAssembly (60ms)
		ExecutionOrderSort (0ms)
		DisableScriptedObjects (2ms)
		BackupInstance (0ms)
		ReleaseScriptingObjects (0ms)
		CreateAndSetChildDomain (19ms)
	RebuildCommonClasses (17ms)
	RebuildNativeTypeToScriptingClass (5ms)
	initialDomainReloadingComplete (9ms)
	LoadAllAssembliesAndSetupDomain (89ms)
		LoadAssemblies (98ms)
		RebuildTransferFunctionScriptingTraits (0ms)
		AnalyzeDomain (12ms)
			TypeCache.Refresh (5ms)
				TypeCache.ScanAssembly (0ms)
			ScanForSourceGeneratedMonoScriptInfo (3ms)
			ResolveRequiredComponents (2ms)
	FinalizeReload (483ms)
		ReleaseScriptCaches (0ms)
		RebuildScriptCaches (0ms)
		SetupLoadedEditorAssemblies (164ms)
			LogAssemblyErrors (0ms)
			InitializePlatformSupportModulesInManaged (5ms)
			SetLoadedEditorAssemblies (2ms)
			RefreshPlugins (0ms)
			BeforeProcessingInitializeOnLoad (20ms)
			ProcessInitializeOnLoadAttributes (128ms)
			ProcessInitializeOnLoadMethodAttributes (8ms)
			AfterProcessingInitializeOnLoad (0ms)
			EditorAssembliesLoaded (0ms)
		ExecutionOrderSort2 (0ms)
		AwakeInstancesAfterBackupRestoration (3ms)
Refreshing native plugins compatible for Editor in 0.51 ms, found 2 plugins.
Preloading 0 native plugins for Editor in 0.00 ms.
Unloading 3097 Unused Serialized files (Serialized files now loaded: 0)
Unloading 13 unused Assets / (27.8 KB). Loaded Objects now: 3665.
Memory consumption went from 226.8 MB to 226.7 MB.
Total: 1.670750 ms (FindLiveObjects: 0.110583 ms CreateObjectMapping: 0.026750 ms MarkObjects: 1.512625 ms  DeleteObjects: 0.020250 ms)

Prepare: number of updated asset objects reloaded= 0
AssetImportParameters requested are different than current active one (requested -> active):
  custom:container-demuxer-ogg: 62fdf1f143b41e24485cea50d1cbac27 -> 
  custom:video-decoder-ogg-theora: a1e56fd34408186e4bbccfd4996cb3dc -> 
  custom:CustomObjectIndexerAttribute: 9a22284fe3817be447336de3de66b15e -> 
  custom:container-demuxer-webm: 4f35f7cbe854078d1ac9338744f61a02 -> 
  custom:container-muxer-webm: aa71ff27fc2769a1b78a27578f13a17b -> 
  custom:video-decoder-webm-vp8: 9c59270c3fd7afecdb556c50c9e8de78 -> 
  custom:SearchIndexIgnoredProperties: e643bd26f0fe6173181afceb89e7c659 -> 
  custom:AudioImporter_EditorPlatform: 3918e3fc78b5a79bad01e8451be0beb8 -> 
  custom:framework-osx-AVFoundation: e770b220cccbd017edd2c1fefb359320 -> 
  custom:video-encoder-webm-vp8: eb34c28f22e8b96e1ab97ce403110664 -> 
  custom:audio-decoder-ogg-vorbis: bf7c407c2cedff20999df2af8eb42d56 -> 
  custom:scripting/monoscript/fileName/Player.cs: 007e2e63cbf915a2b71612a7f593548a -> 
  custom:audio-encoder-webm-vorbis: bf7c407c2cedff20999df2af8eb42d56 -> 
  custom:scripting/precompiled-assembly-types:Assembly-CSharp: fb846d4136b931862f6cbb4e1bce554b -> 
========================================================================
Received Import Request.
  Time since last request: 2690.114734 seconds.
  path: Assets/Scripts/Movment.cs
  artifactKey: Guid(08e81c4939b7746dfa771de1f34b412c) Importer(815301076,1909f56bfc062723c751e8b465ee728b)
Start importing Assets/Scripts/Movment.cs using Guid(08e81c4939b7746dfa771de1f34b412c) Importer(815301076,1909f56bfc062723c751e8b465ee728b) [PhysX] Initialized MultithreadedTaskDispatcher with 12 workers.
 -> (artifact id: '5dee410e275bbcadd5b95d13ec5cadb1') in 0.000788 seconds
Number of updated asset objects reloaded before import = 0
Number of asset objects unloaded after import = 0
========================================================================
Received Prepare
Caller must complete domain reload
Begin MonoManager ReloadAssembly
Thread 0x307ee7000 may have been prematurely finalized
- Loaded All Assemblies, in  0.158 seconds
Native extension for Android target not found
Native extension for OSXStandalone target not found
Mono: successfully reloaded assembly
- Finished resetting the current domain, in  0.296 seconds
Domain Reload Profiling: 454ms
	BeginReloadAssembly (58ms)
		ExecutionOrderSort (0ms)
		DisableScriptedObjects (2ms)
		BackupInstance (0ms)
		ReleaseScriptingObjects (0ms)
		CreateAndSetChildDomain (18ms)
	RebuildCommonClasses (17ms)
	RebuildNativeTypeToScriptingClass (5ms)
	initialDomainReloadingComplete (9ms)
	LoadAllAssembliesAndSetupDomain (69ms)
		LoadAssemblies (77ms)
		RebuildTransferFunctionScriptingTraits (0ms)
		AnalyzeDomain (10ms)
			TypeCache.Refresh (4ms)
				TypeCache.ScanAssembly (0ms)
			ScanForSourceGeneratedMonoScriptInfo (3ms)
			ResolveRequiredComponents (2ms)
	FinalizeReload (296ms)
		ReleaseScriptCaches (0ms)
		RebuildScriptCaches (0ms)
		SetupLoadedEditorAssemblies (166ms)
			LogAssemblyErrors (0ms)
			InitializePlatformSupportModulesInManaged (6ms)
			SetLoadedEditorAssemblies (2ms)
			RefreshPlugins (0ms)
			BeforeProcessingInitializeOnLoad (21ms)
			ProcessInitializeOnLoadAttributes (130ms)
			ProcessInitializeOnLoadMethodAttributes (7ms)
			AfterProcessingInitializeOnLoad (0ms)
			EditorAssembliesLoaded (0ms)
		ExecutionOrderSort2 (0ms)
		AwakeInstancesAfterBackupRestoration (2ms)
Refreshing native plugins compatible for Editor in 0.47 ms, found 2 plugins.
Preloading 0 native plugins for Editor in 0.00 ms.
Unloading 3096 Unused Serialized files (Serialized files now loaded: 0)
Unloading 14 unused Assets / (28.2 KB). Loaded Objects now: 3667.
Memory consumption went from 232.6 MB to 232.6 MB.
Total: 1.695083 ms (FindLiveObjects: 0.092917 ms CreateObjectMapping: 0.030583 ms MarkObjects: 1.546542 ms  DeleteObjects: 0.024542 ms)

Prepare: number of updated asset objects reloaded= 0
AssetImportParameters requested are different than current active one (requested -> active):
  custom:container-demuxer-ogg: 62fdf1f143b41e24485cea50d1cbac27 -> 
  custom:video-decoder-ogg-theora: a1e56fd34408186e4bbccfd4996cb3dc -> 
  custom:CustomObjectIndexerAttribute: 9a22284fe3817be447336de3de66b15e -> 
  custom:container-demuxer-webm: 4f35f7cbe854078d1ac9338744f61a02 -> 
  custom:container-muxer-webm: aa71ff27fc2769a1b78a27578f13a17b -> 
  custom:video-decoder-webm-vp8: 9c59270c3fd7afecdb556c50c9e8de78 -> 
  custom:SearchIndexIgnoredProperties: e643bd26f0fe6173181afceb89e7c659 -> 
  custom:AudioImporter_EditorPlatform: 3918e3fc78b5a79bad01e8451be0beb8 -> 
  custom:framework-osx-AVFoundation: e770b220cccbd017edd2c1fefb359320 -> 
  custom:video-encoder-webm-vp8: eb34c28f22e8b96e1ab97ce403110664 -> 
  custom:audio-decoder-ogg-vorbis: bf7c407c2cedff20999df2af8eb42d56 -> 
  custom:scripting/monoscript/fileName/Player.cs: 007e2e63cbf915a2b71612a7f593548a -> 
  custom:audio-encoder-webm-vorbis: bf7c407c2cedff20999df2af8eb42d56 -> 
  custom:scripting/precompiled-assembly-types:Assembly-CSharp: fb846d4136b931862f6cbb4e1bce554b -> 
========================================================================
Received Import Request.
  Time since last request: 9.838098 seconds.
  path: Assets/Scripts/Movment.cs
  artifactKey: Guid(08e81c4939b7746dfa771de1f34b412c) Importer(815301076,1909f56bfc062723c751e8b465ee728b)
Start importing Assets/Scripts/Movment.cs using Guid(08e81c4939b7746dfa771de1f34b412c) Importer(815301076,1909f56bfc062723c751e8b465ee728b) [PhysX] Initialized MultithreadedTaskDispatcher with 12 workers.
 -> (artifact id: '7e03f6a2d53cc0e39e6b297d880422f0') in 0.000826 seconds
Number of updated asset objects reloaded before import = 0
Number of asset objects unloaded after import = 0
========================================================================
Received Prepare
Caller must complete domain reload
Begin MonoManager ReloadAssembly
Thread 0x307ee7000 may have been prematurely finalized
- Loaded All Assemblies, in  0.165 seconds
Native extension for Android target not found
Native extension for OSXStandalone target not found
Mono: successfully reloaded assembly
- Finished resetting the current domain, in  0.304 seconds
Domain Reload Profiling: 470ms
	BeginReloadAssembly (59ms)
		ExecutionOrderSort (0ms)
		DisableScriptedObjects (2ms)
		BackupInstance (0ms)
		ReleaseScriptingObjects (0ms)
		CreateAndSetChildDomain (19ms)
	RebuildCommonClasses (17ms)
	RebuildNativeTypeToScriptingClass (6ms)
	initialDomainReloadingComplete (9ms)
	LoadAllAssembliesAndSetupDomain (75ms)
		LoadAssemblies (83ms)
		RebuildTransferFunctionScriptingTraits (0ms)
		AnalyzeDomain (11ms)
			TypeCache.Refresh (5ms)
				TypeCache.ScanAssembly (0ms)
			ScanForSourceGeneratedMonoScriptInfo (3ms)
			ResolveRequiredComponents (2ms)
	FinalizeReload (305ms)
		ReleaseScriptCaches (0ms)
		RebuildScriptCaches (0ms)
		SetupLoadedEditorAssemblies (167ms)
			LogAssemblyErrors (0ms)
			InitializePlatformSupportModulesInManaged (5ms)
			SetLoadedEditorAssemblies (2ms)
			RefreshPlugins (0ms)
			BeforeProcessingInitializeOnLoad (21ms)
			ProcessInitializeOnLoadAttributes (130ms)
			ProcessInitializeOnLoadMethodAttributes (7ms)
			AfterProcessingInitializeOnLoad (1ms)
			EditorAssembliesLoaded (0ms)
		ExecutionOrderSort2 (0ms)
		AwakeInstancesAfterBackupRestoration (2ms)
Refreshing native plugins compatible for Editor in 0.45 ms, found 2 plugins.
Preloading 0 native plugins for Editor in 0.00 ms.
Unloading 3097 Unused Serialized files (Serialized files now loaded: 0)
Unloading 13 unused Assets / (27.7 KB). Loaded Objects now: 3671.
Memory consumption went from 238.6 MB to 238.5 MB.
Total: 1.617458 ms (FindLiveObjects: 0.091167 ms CreateObjectMapping: 0.025833 ms MarkObjects: 1.480375 ms  DeleteObjects: 0.019625 ms)

Prepare: number of updated asset objects reloaded= 0
AssetImportParameters requested are different than current active one (requested -> active):
  custom:container-demuxer-ogg: 62fdf1f143b41e24485cea50d1cbac27 -> 
  custom:video-decoder-ogg-theora: a1e56fd34408186e4bbccfd4996cb3dc -> 
  custom:CustomObjectIndexerAttribute: 9a22284fe3817be447336de3de66b15e -> 
  custom:container-demuxer-webm: 4f35f7cbe854078d1ac9338744f61a02 -> 
  custom:container-muxer-webm: aa71ff27fc2769a1b78a27578f13a17b -> 
  custom:video-decoder-webm-vp8: 9c59270c3fd7afecdb556c50c9e8de78 -> 
  custom:SearchIndexIgnoredProperties: e643bd26f0fe6173181afceb89e7c659 -> 
  custom:AudioImporter_EditorPlatform: 3918e3fc78b5a79bad01e8451be0beb8 -> 
  custom:scripting/monoscript/fileName/Movment.cs: da45837ad5f5a57f6fce82c5870b0f43 -> 
  custom:framework-osx-AVFoundation: e770b220cccbd017edd2c1fefb359320 -> 
  custom:video-encoder-webm-vp8: eb34c28f22e8b96e1ab97ce403110664 -> 
  custom:audio-decoder-ogg-vorbis: bf7c407c2cedff20999df2af8eb42d56 -> 
  custom:scripting/monoscript/fileName/Player.cs: 007e2e63cbf915a2b71612a7f593548a -> 
  custom:audio-encoder-webm-vorbis: bf7c407c2cedff20999df2af8eb42d56 -> 
  custom:scripting/precompiled-assembly-types:Assembly-CSharp: d9a99d6e8d4c1626795c1f9810154ed1 -> 
========================================================================
Received Import Request.
  Time since last request: 1.990214 seconds.
  path: Assets/Scripts/Movment.cs
  artifactKey: Guid(08e81c4939b7746dfa771de1f34b412c) Importer(815301076,1909f56bfc062723c751e8b465ee728b)
Start importing Assets/Scripts/Movment.cs using Guid(08e81c4939b7746dfa771de1f34b412c) Importer(815301076,1909f56bfc062723c751e8b465ee728b) [PhysX] Initialized MultithreadedTaskDispatcher with 12 workers.
 -> (artifact id: 'a6360fd7074fe7857e87c3851e38cb74') in 0.000693 seconds
Number of updated asset objects reloaded before import = 0
Number of asset objects unloaded after import = 0
========================================================================
Received Import Request.
  Time since last request: 217.247650 seconds.
  path: Assets/Scripts/Movement.cs
  artifactKey: Guid(08e81c4939b7746dfa771de1f34b412c) Importer(815301076,1909f56bfc062723c751e8b465ee728b)
Start importing Assets/Scripts/Movement.cs using Guid(08e81c4939b7746dfa771de1f34b412c) Importer(815301076,1909f56bfc062723c751e8b465ee728b) [PhysX] Initialized MultithreadedTaskDispatcher with 12 workers.
 -> (artifact id: '266637d4438ed211ee1f5f91050b8cad') in 0.000222 seconds
Number of updated asset objects reloaded before import = 0
Number of asset objects unloaded after import = 0
========================================================================
Received Prepare
Caller must complete domain reload
Begin MonoManager ReloadAssembly
Thread 0x307ee7000 may have been prematurely finalized
- Loaded All Assemblies, in  0.174 seconds
Native extension for Android target not found
Native extension for OSXStandalone target not found
Mono: successfully reloaded assembly
- Finished resetting the current domain, in  0.464 seconds
Domain Reload Profiling: 639ms
	BeginReloadAssembly (56ms)
		ExecutionOrderSort (0ms)
		DisableScriptedObjects (2ms)
		BackupInstance (0ms)
		ReleaseScriptingObjects (0ms)
		CreateAndSetChildDomain (18ms)
	RebuildCommonClasses (16ms)
	RebuildNativeTypeToScriptingClass (5ms)
	initialDomainReloadingComplete (9ms)
	LoadAllAssembliesAndSetupDomain (88ms)
		LoadAssemblies (96ms)
		RebuildTransferFunctionScriptingTraits (0ms)
		AnalyzeDomain (10ms)
			TypeCache.Refresh (4ms)
				TypeCache.ScanAssembly (0ms)
			ScanForSourceGeneratedMonoScriptInfo (3ms)
			ResolveRequiredComponents (2ms)
	FinalizeReload (464ms)
		ReleaseScriptCaches (0ms)
		RebuildScriptCaches (0ms)
		SetupLoadedEditorAssemblies (161ms)
			LogAssemblyErrors (0ms)
			InitializePlatformSupportModulesInManaged (5ms)
			SetLoadedEditorAssemblies (2ms)
			RefreshPlugins (0ms)
			BeforeProcessingInitializeOnLoad (20ms)
			ProcessInitializeOnLoadAttributes (126ms)
			ProcessInitializeOnLoadMethodAttributes (7ms)
			AfterProcessingInitializeOnLoad (0ms)
			EditorAssembliesLoaded (0ms)
		ExecutionOrderSort2 (0ms)
		AwakeInstancesAfterBackupRestoration (2ms)
Refreshing native plugins compatible for Editor in 0.51 ms, found 2 plugins.
Preloading 0 native plugins for Editor in 0.00 ms.
Unloading 3097 Unused Serialized files (Serialized files now loaded: 0)
Unloading 13 unused Assets / (27.7 KB). Loaded Objects now: 3674.
Memory consumption went from 244.4 MB to 244.4 MB.
Total: 1.543084 ms (FindLiveObjects: 0.071667 ms CreateObjectMapping: 0.026875 ms MarkObjects: 1.426375 ms  DeleteObjects: 0.017792 ms)

Prepare: number of updated asset objects reloaded= 0
AssetImportParameters requested are different than current active one (requested -> active):
  custom:container-demuxer-ogg: 62fdf1f143b41e24485cea50d1cbac27 -> 
  custom:video-decoder-ogg-theora: a1e56fd34408186e4bbccfd4996cb3dc -> 
  custom:CustomObjectIndexerAttribute: 9a22284fe3817be447336de3de66b15e -> 
  custom:container-demuxer-webm: 4f35f7cbe854078d1ac9338744f61a02 -> 
  custom:container-muxer-webm: aa71ff27fc2769a1b78a27578f13a17b -> 
  custom:video-decoder-webm-vp8: 9c59270c3fd7afecdb556c50c9e8de78 -> 
  custom:SearchIndexIgnoredProperties: e643bd26f0fe6173181afceb89e7c659 -> 
  custom:AudioImporter_EditorPlatform: 3918e3fc78b5a79bad01e8451be0beb8 -> 
  custom:scripting/monoscript/fileName/Movment.cs: da45837ad5f5a57f6fce82c5870b0f43 -> 
  custom:framework-osx-AVFoundation: e770b220cccbd017edd2c1fefb359320 -> 
  custom:video-encoder-webm-vp8: eb34c28f22e8b96e1ab97ce403110664 -> 
  custom:audio-decoder-ogg-vorbis: bf7c407c2cedff20999df2af8eb42d56 -> 
  custom:scripting/monoscript/fileName/Movement.cs: da45837ad5f5a57f6fce82c5870b0f43 -> 
  custom:scripting/monoscript/fileName/Player.cs: 007e2e63cbf915a2b71612a7f593548a -> 
  custom:audio-encoder-webm-vorbis: bf7c407c2cedff20999df2af8eb42d56 -> 
  custom:scripting/precompiled-assembly-types:Assembly-CSharp: 162f9bdf77b3912c8577016afefe9ba7 -> 
========================================================================
Received Import Request.
  Time since last request: 2.767952 seconds.
  path: Assets/Scripts/Movement.cs
  artifactKey: Guid(08e81c4939b7746dfa771de1f34b412c) Importer(815301076,1909f56bfc062723c751e8b465ee728b)
Start importing Assets/Scripts/Movement.cs using Guid(08e81c4939b7746dfa771de1f34b412c) Importer(815301076,1909f56bfc062723c751e8b465ee728b) [PhysX] Initialized MultithreadedTaskDispatcher with 12 workers.
 -> (artifact id: '4c705e0036b577d15ce274f02c8c1328') in 0.000790 seconds
Number of updated asset objects reloaded before import = 0
Number of asset objects unloaded after import = 0
========================================================================
Received Prepare
Caller must complete domain reload
Begin MonoManager ReloadAssembly
Thread 0x307ee7000 may have been prematurely finalized
- Loaded All Assemblies, in  0.164 seconds
Native extension for Android target not found
Native extension for OSXStandalone target not found
Mono: successfully reloaded assembly
- Finished resetting the current domain, in  0.309 seconds
Domain Reload Profiling: 473ms
	BeginReloadAssembly (58ms)
		ExecutionOrderSort (0ms)
		DisableScriptedObjects (2ms)
		BackupInstance (0ms)
		ReleaseScriptingObjects (0ms)
		CreateAndSetChildDomain (18ms)
	RebuildCommonClasses (16ms)
	RebuildNativeTypeToScriptingClass (5ms)
	initialDomainReloadingComplete (9ms)
	LoadAllAssembliesAndSetupDomain (74ms)
		LoadAssemblies (84ms)
		RebuildTransferFunctionScriptingTraits (0ms)
		AnalyzeDomain (10ms)
			TypeCache.Refresh (4ms)
				TypeCache.ScanAssembly (0ms)
			ScanForSourceGeneratedMonoScriptInfo (3ms)
			ResolveRequiredComponents (2ms)
	FinalizeReload (310ms)
		ReleaseScriptCaches (0ms)
		RebuildScriptCaches (0ms)
		SetupLoadedEditorAssemblies (175ms)
			LogAssemblyErrors (0ms)
			InitializePlatformSupportModulesInManaged (6ms)
			SetLoadedEditorAssemblies (2ms)
			RefreshPlugins (0ms)
			BeforeProcessingInitializeOnLoad (22ms)
			ProcessInitializeOnLoadAttributes (138ms)
			ProcessInitializeOnLoadMethodAttributes (7ms)
			AfterProcessingInitializeOnLoad (0ms)
			EditorAssembliesLoaded (0ms)
		ExecutionOrderSort2 (0ms)
		AwakeInstancesAfterBackupRestoration (1ms)
Refreshing native plugins compatible for Editor in 0.47 ms, found 2 plugins.
Preloading 0 native plugins for Editor in 0.00 ms.
Unloading 3097 Unused Serialized files (Serialized files now loaded: 0)
Unloading 13 unused Assets / (27.7 KB). Loaded Objects now: 3677.
Memory consumption went from 250.3 MB to 250.3 MB.
Total: 1.591084 ms (FindLiveObjects: 0.094375 ms CreateObjectMapping: 0.030708 ms MarkObjects: 1.444750 ms  DeleteObjects: 0.020709 ms)

Prepare: number of updated asset objects reloaded= 0
AssetImportParameters requested are different than current active one (requested -> active):
  custom:container-demuxer-ogg: 62fdf1f143b41e24485cea50d1cbac27 -> 
  custom:video-decoder-ogg-theora: a1e56fd34408186e4bbccfd4996cb3dc -> 
  custom:CustomObjectIndexerAttribute: 9a22284fe3817be447336de3de66b15e -> 
  custom:container-demuxer-webm: 4f35f7cbe854078d1ac9338744f61a02 -> 
  custom:container-muxer-webm: aa71ff27fc2769a1b78a27578f13a17b -> 
  custom:video-decoder-webm-vp8: 9c59270c3fd7afecdb556c50c9e8de78 -> 
  custom:SearchIndexIgnoredProperties: e643bd26f0fe6173181afceb89e7c659 -> 
  custom:AudioImporter_EditorPlatform: 3918e3fc78b5a79bad01e8451be0beb8 -> 
  custom:scripting/monoscript/fileName/Movment.cs: da45837ad5f5a57f6fce82c5870b0f43 -> 
  custom:framework-osx-AVFoundation: e770b220cccbd017edd2c1fefb359320 -> 
  custom:video-encoder-webm-vp8: eb34c28f22e8b96e1ab97ce403110664 -> 
  custom:audio-decoder-ogg-vorbis: bf7c407c2cedff20999df2af8eb42d56 -> 
  custom:scripting/monoscript/fileName/Movement.cs: 1bc12bc9370e727baa54e145392501fb -> 
  custom:scripting/monoscript/fileName/Player.cs: 007e2e63cbf915a2b71612a7f593548a -> 
  custom:audio-encoder-webm-vorbis: bf7c407c2cedff20999df2af8eb42d56 -> 
  custom:scripting/precompiled-assembly-types:Assembly-CSharp: 327dc48136bb79c012d88cff258a76d5 -> 
========================================================================
Received Import Request.
  Time since last request: 64.122820 seconds.
  path: Assets/Scripts/Movement.cs
  artifactKey: Guid(08e81c4939b7746dfa771de1f34b412c) Importer(815301076,1909f56bfc062723c751e8b465ee728b)
Start importing Assets/Scripts/Movement.cs using Guid(08e81c4939b7746dfa771de1f34b412c) Importer(815301076,1909f56bfc062723c751e8b465ee728b) [PhysX] Initialized MultithreadedTaskDispatcher with 12 workers.
 -> (artifact id: '1a6d86b8626662f84a4b0e635e1926ef') in 0.000724 seconds
Number of updated asset objects reloaded before import = 0
Number of asset objects unloaded after import = 0
========================================================================
Received Prepare
Caller must complete domain reload
Begin MonoManager ReloadAssembly
Thread 0x307ee7000 may have been prematurely finalized
- Loaded All Assemblies, in  0.159 seconds
Native extension for Android target not found
Native extension for OSXStandalone target not found
Mono: successfully reloaded assembly
- Finished resetting the current domain, in  0.310 seconds
Domain Reload Profiling: 468ms
	BeginReloadAssembly (58ms)
		ExecutionOrderSort (0ms)
		DisableScriptedObjects (2ms)
		BackupInstance (0ms)
		ReleaseScriptingObjects (0ms)
		CreateAndSetChildDomain (19ms)
	RebuildCommonClasses (16ms)
	RebuildNativeTypeToScriptingClass (5ms)
	initialDomainReloadingComplete (9ms)
	LoadAllAssembliesAndSetupDomain (69ms)
		LoadAssemblies (81ms)
		RebuildTransferFunctionScriptingTraits (0ms)
		AnalyzeDomain (7ms)
			TypeCache.Refresh (3ms)
				TypeCache.ScanAssembly (0ms)
			ScanForSourceGeneratedMonoScriptInfo (0ms)
			ResolveRequiredComponents (3ms)
	FinalizeReload (310ms)
		ReleaseScriptCaches (0ms)
		RebuildScriptCaches (0ms)
		SetupLoadedEditorAssemblies (170ms)
			LogAssemblyErrors (0ms)
			InitializePlatformSupportModulesInManaged (6ms)
			SetLoadedEditorAssemblies (2ms)
			RefreshPlugins (0ms)
			BeforeProcessingInitializeOnLoad (23ms)
			ProcessInitializeOnLoadAttributes (130ms)
			ProcessInitializeOnLoadMethodAttributes (8ms)
			AfterProcessingInitializeOnLoad (0ms)
			EditorAssembliesLoaded (0ms)
		ExecutionOrderSort2 (0ms)
		AwakeInstancesAfterBackupRestoration (2ms)
Refreshing native plugins compatible for Editor in 0.44 ms, found 2 plugins.
Preloading 0 native plugins for Editor in 0.00 ms.
Unloading 3097 Unused Serialized files (Serialized files now loaded: 0)
Unloading 13 unused Assets / (27.8 KB). Loaded Objects now: 3680.
Memory consumption went from 256.2 MB to 256.2 MB.
Total: 1.609375 ms (FindLiveObjects: 0.093584 ms CreateObjectMapping: 0.025625 ms MarkObjects: 1.471417 ms  DeleteObjects: 0.018375 ms)

Prepare: number of updated asset objects reloaded= 0
AssetImportParameters requested are different than current active one (requested -> active):
  custom:container-demuxer-ogg: 62fdf1f143b41e24485cea50d1cbac27 -> 
  custom:video-decoder-ogg-theora: a1e56fd34408186e4bbccfd4996cb3dc -> 
  custom:CustomObjectIndexerAttribute: 9a22284fe3817be447336de3de66b15e -> 
  custom:container-demuxer-webm: 4f35f7cbe854078d1ac9338744f61a02 -> 
  custom:container-muxer-webm: aa71ff27fc2769a1b78a27578f13a17b -> 
  custom:video-decoder-webm-vp8: 9c59270c3fd7afecdb556c50c9e8de78 -> 
  custom:SearchIndexIgnoredProperties: e643bd26f0fe6173181afceb89e7c659 -> 
  custom:AudioImporter_EditorPlatform: 3918e3fc78b5a79bad01e8451be0beb8 -> 
  custom:scripting/monoscript/fileName/Movment.cs: da45837ad5f5a57f6fce82c5870b0f43 -> 
  custom:framework-osx-AVFoundation: e770b220cccbd017edd2c1fefb359320 -> 
  custom:video-encoder-webm-vp8: eb34c28f22e8b96e1ab97ce403110664 -> 
  custom:audio-decoder-ogg-vorbis: bf7c407c2cedff20999df2af8eb42d56 -> 
  custom:scripting/monoscript/fileName/Movement.cs: 1bc12bc9370e727baa54e145392501fb -> 
  custom:scripting/monoscript/fileName/Player.cs: 007e2e63cbf915a2b71612a7f593548a -> 
  custom:audio-encoder-webm-vorbis: bf7c407c2cedff20999df2af8eb42d56 -> 
  custom:scripting/precompiled-assembly-types:Assembly-CSharp: 327dc48136bb79c012d88cff258a76d5 -> 
========================================================================
Received Prepare
Caller must complete domain reload
Begin MonoManager ReloadAssembly
Thread 0x307ee7000 may have been prematurely finalized
- Loaded All Assemblies, in  0.157 seconds
Native extension for Android target not found
Native extension for OSXStandalone target not found
Mono: successfully reloaded assembly
- Finished resetting the current domain, in  0.320 seconds
Domain Reload Profiling: 477ms
	BeginReloadAssembly (59ms)
		ExecutionOrderSort (0ms)
		DisableScriptedObjects (2ms)
		BackupInstance (0ms)
		ReleaseScriptingObjects (0ms)
		CreateAndSetChildDomain (19ms)
	RebuildCommonClasses (17ms)
	RebuildNativeTypeToScriptingClass (5ms)
	initialDomainReloadingComplete (9ms)
	LoadAllAssembliesAndSetupDomain (67ms)
		LoadAssemblies (79ms)
		RebuildTransferFunctionScriptingTraits (0ms)
		AnalyzeDomain (7ms)
			TypeCache.Refresh (4ms)
				TypeCache.ScanAssembly (0ms)
			ScanForSourceGeneratedMonoScriptInfo (0ms)
			ResolveRequiredComponents (3ms)
	FinalizeReload (320ms)
		ReleaseScriptCaches (0ms)
		RebuildScriptCaches (0ms)
		SetupLoadedEditorAssemblies (188ms)
			LogAssemblyErrors (0ms)
			InitializePlatformSupportModulesInManaged (6ms)
			SetLoadedEditorAssemblies (2ms)
			RefreshPlugins (0ms)
			BeforeProcessingInitializeOnLoad (24ms)
			ProcessInitializeOnLoadAttributes (149ms)
			ProcessInitializeOnLoadMethodAttributes (8ms)
			AfterProcessingInitializeOnLoad (0ms)
			EditorAssembliesLoaded (0ms)
		ExecutionOrderSort2 (0ms)
		AwakeInstancesAfterBackupRestoration (1ms)
Refreshing native plugins compatible for Editor in 0.45 ms, found 2 plugins.
Preloading 0 native plugins for Editor in 0.00 ms.
Unloading 3097 Unused Serialized files (Serialized files now loaded: 0)
Unloading 13 unused Assets / (27.7 KB). Loaded Objects now: 3683.
Memory consumption went from 262.0 MB to 262.0 MB.
Total: 1.638500 ms (FindLiveObjects: 0.082417 ms CreateObjectMapping: 0.023625 ms MarkObjects: 1.505958 ms  DeleteObjects: 0.025958 ms)

Prepare: number of updated asset objects reloaded= 0
AssetImportParameters requested are different than current active one (requested -> active):
  custom:container-demuxer-ogg: 62fdf1f143b41e24485cea50d1cbac27 -> 
  custom:video-decoder-ogg-theora: a1e56fd34408186e4bbccfd4996cb3dc -> 
  custom:CustomObjectIndexerAttribute: 9a22284fe3817be447336de3de66b15e -> 
  custom:container-demuxer-webm: 4f35f7cbe854078d1ac9338744f61a02 -> 
  custom:container-muxer-webm: aa71ff27fc2769a1b78a27578f13a17b -> 
  custom:video-decoder-webm-vp8: 9c59270c3fd7afecdb556c50c9e8de78 -> 
  custom:SearchIndexIgnoredProperties: e643bd26f0fe6173181afceb89e7c659 -> 
  custom:AudioImporter_EditorPlatform: 3918e3fc78b5a79bad01e8451be0beb8 -> 
  custom:scripting/monoscript/fileName/Movment.cs: da45837ad5f5a57f6fce82c5870b0f43 -> 
  custom:framework-osx-AVFoundation: e770b220cccbd017edd2c1fefb359320 -> 
  custom:video-encoder-webm-vp8: eb34c28f22e8b96e1ab97ce403110664 -> 
  custom:audio-decoder-ogg-vorbis: bf7c407c2cedff20999df2af8eb42d56 -> 
  custom:scripting/monoscript/fileName/Movement.cs: 1bc12bc9370e727baa54e145392501fb -> 
  custom:scripting/monoscript/fileName/Player.cs: 007e2e63cbf915a2b71612a7f593548a -> 
  custom:audio-encoder-webm-vorbis: bf7c407c2cedff20999df2af8eb42d56 -> 
  custom:scripting/precompiled-assembly-types:Assembly-CSharp: 327dc48136bb79c012d88cff258a76d5 -> 
========================================================================
Received Prepare
Caller must complete domain reload
Begin MonoManager ReloadAssembly
Thread 0x307ee7000 may have been prematurely finalized
- Loaded All Assemblies, in  0.180 seconds
Native extension for Android target not found
Native extension for OSXStandalone target not found
Mono: successfully reloaded assembly
- Finished resetting the current domain, in  0.507 seconds
Domain Reload Profiling: 687ms
	BeginReloadAssembly (58ms)
		ExecutionOrderSort (0ms)
		DisableScriptedObjects (2ms)
		BackupInstance (0ms)
		ReleaseScriptingObjects (0ms)
		CreateAndSetChildDomain (18ms)
	RebuildCommonClasses (17ms)
	RebuildNativeTypeToScriptingClass (5ms)
	initialDomainReloadingComplete (9ms)
	LoadAllAssembliesAndSetupDomain (90ms)
		LoadAssemblies (104ms)
		RebuildTransferFunctionScriptingTraits (0ms)
		AnalyzeDomain (6ms)
			TypeCache.Refresh (3ms)
				TypeCache.ScanAssembly (0ms)
			ScanForSourceGeneratedMonoScriptInfo (0ms)
			ResolveRequiredComponents (2ms)
	FinalizeReload (507ms)
		ReleaseScriptCaches (0ms)
		RebuildScriptCaches (0ms)
		SetupLoadedEditorAssemblies (177ms)
			LogAssemblyErrors (0ms)
			InitializePlatformSupportModulesInManaged (6ms)
			SetLoadedEditorAssemblies (2ms)
			RefreshPlugins (0ms)
			BeforeProcessingInitializeOnLoad (23ms)
			ProcessInitializeOnLoadAttributes (138ms)
			ProcessInitializeOnLoadMethodAttributes (8ms)
			AfterProcessingInitializeOnLoad (0ms)
			EditorAssembliesLoaded (0ms)
		ExecutionOrderSort2 (0ms)
		AwakeInstancesAfterBackupRestoration (2ms)
Refreshing native plugins compatible for Editor in 0.54 ms, found 2 plugins.
Preloading 0 native plugins for Editor in 0.00 ms.
Unloading 3097 Unused Serialized files (Serialized files now loaded: 0)
Unloading 13 unused Assets / (27.7 KB). Loaded Objects now: 3686.
Memory consumption went from 267.8 MB to 267.8 MB.
Total: 1.580417 ms (FindLiveObjects: 0.109834 ms CreateObjectMapping: 0.026125 ms MarkObjects: 1.426417 ms  DeleteObjects: 0.017750 ms)

Prepare: number of updated asset objects reloaded= 0
AssetImportParameters requested are different than current active one (requested -> active):
  custom:container-demuxer-ogg: 62fdf1f143b41e24485cea50d1cbac27 -> 
  custom:video-decoder-ogg-theora: a1e56fd34408186e4bbccfd4996cb3dc -> 
  custom:CustomObjectIndexerAttribute: 9a22284fe3817be447336de3de66b15e -> 
  custom:container-demuxer-webm: 4f35f7cbe854078d1ac9338744f61a02 -> 
  custom:container-muxer-webm: aa71ff27fc2769a1b78a27578f13a17b -> 
  custom:video-decoder-webm-vp8: 9c59270c3fd7afecdb556c50c9e8de78 -> 
  custom:SearchIndexIgnoredProperties: e643bd26f0fe6173181afceb89e7c659 -> 
  custom:AudioImporter_EditorPlatform: 3918e3fc78b5a79bad01e8451be0beb8 -> 
  custom:scripting/monoscript/fileName/Movment.cs: da45837ad5f5a57f6fce82c5870b0f43 -> 
  custom:framework-osx-AVFoundation: e770b220cccbd017edd2c1fefb359320 -> 
  custom:video-encoder-webm-vp8: eb34c28f22e8b96e1ab97ce403110664 -> 
  custom:audio-decoder-ogg-vorbis: bf7c407c2cedff20999df2af8eb42d56 -> 
  custom:scripting/monoscript/fileName/Movement.cs: 1bc12bc9370e727baa54e145392501fb -> 
  custom:scripting/monoscript/fileName/Player.cs: 007e2e63cbf915a2b71612a7f593548a -> 
  custom:audio-encoder-webm-vorbis: bf7c407c2cedff20999df2af8eb42d56 -> 
  custom:scripting/precompiled-assembly-types:Assembly-CSharp: 327dc48136bb79c012d88cff258a76d5 -> 
========================================================================
Received Prepare
Caller must complete domain reload
Begin MonoManager ReloadAssembly
Thread 0x307ee7000 may have been prematurely finalized
- Loaded All Assemblies, in  0.157 seconds
Native extension for Android target not found
Native extension for OSXStandalone target not found
Mono: successfully reloaded assembly
- Finished resetting the current domain, in  0.325 seconds
Domain Reload Profiling: 483ms
	BeginReloadAssembly (60ms)
		ExecutionOrderSort (0ms)
		DisableScriptedObjects (2ms)
		BackupInstance (0ms)
		ReleaseScriptingObjects (0ms)
		CreateAndSetChildDomain (20ms)
	RebuildCommonClasses (16ms)
	RebuildNativeTypeToScriptingClass (6ms)
	initialDomainReloadingComplete (9ms)
	LoadAllAssembliesAndSetupDomain (66ms)
		LoadAssemblies (79ms)
		RebuildTransferFunctionScriptingTraits (0ms)
		AnalyzeDomain (7ms)
			TypeCache.Refresh (3ms)
				TypeCache.ScanAssembly (0ms)
			ScanForSourceGeneratedMonoScriptInfo (0ms)
			ResolveRequiredComponents (3ms)
	FinalizeReload (325ms)
		ReleaseScriptCaches (0ms)
		RebuildScriptCaches (0ms)
		SetupLoadedEditorAssemblies (190ms)
			LogAssemblyErrors (0ms)
			InitializePlatformSupportModulesInManaged (6ms)
			SetLoadedEditorAssemblies (2ms)
			RefreshPlugins (0ms)
			BeforeProcessingInitializeOnLoad (24ms)
			ProcessInitializeOnLoadAttributes (149ms)
			ProcessInitializeOnLoadMethodAttributes (8ms)
			AfterProcessingInitializeOnLoad (0ms)
			EditorAssembliesLoaded (0ms)
		ExecutionOrderSort2 (0ms)
		AwakeInstancesAfterBackupRestoration (1ms)
Refreshing native plugins compatible for Editor in 0.49 ms, found 2 plugins.
Preloading 0 native plugins for Editor in 0.00 ms.
Unloading 3097 Unused Serialized files (Serialized files now loaded: 0)
Unloading 13 unused Assets / (27.7 KB). Loaded Objects now: 3689.
Memory consumption went from 273.6 MB to 273.6 MB.
Total: 1.634625 ms (FindLiveObjects: 0.077042 ms CreateObjectMapping: 0.023417 ms MarkObjects: 1.511291 ms  DeleteObjects: 0.022542 ms)

Prepare: number of updated asset objects reloaded= 0
AssetImportParameters requested are different than current active one (requested -> active):
  custom:container-demuxer-ogg: 62fdf1f143b41e24485cea50d1cbac27 -> 
  custom:video-decoder-ogg-theora: a1e56fd34408186e4bbccfd4996cb3dc -> 
  custom:CustomObjectIndexerAttribute: 9a22284fe3817be447336de3de66b15e -> 
  custom:container-demuxer-webm: 4f35f7cbe854078d1ac9338744f61a02 -> 
  custom:container-muxer-webm: aa71ff27fc2769a1b78a27578f13a17b -> 
  custom:video-decoder-webm-vp8: 9c59270c3fd7afecdb556c50c9e8de78 -> 
  custom:SearchIndexIgnoredProperties: e643bd26f0fe6173181afceb89e7c659 -> 
  custom:AudioImporter_EditorPlatform: 3918e3fc78b5a79bad01e8451be0beb8 -> 
  custom:scripting/monoscript/fileName/Movment.cs: da45837ad5f5a57f6fce82c5870b0f43 -> 
  custom:framework-osx-AVFoundation: e770b220cccbd017edd2c1fefb359320 -> 
  custom:video-encoder-webm-vp8: eb34c28f22e8b96e1ab97ce403110664 -> 
  custom:audio-decoder-ogg-vorbis: bf7c407c2cedff20999df2af8eb42d56 -> 
  custom:scripting/monoscript/fileName/Movement.cs: 1bc12bc9370e727baa54e145392501fb -> 
  custom:scripting/monoscript/fileName/Player.cs: 007e2e63cbf915a2b71612a7f593548a -> 
  custom:audio-encoder-webm-vorbis: bf7c407c2cedff20999df2af8eb42d56 -> 
  custom:scripting/precompiled-assembly-types:Assembly-CSharp: 327dc48136bb79c012d88cff258a76d5 -> 
========================================================================
Received Prepare
Caller must complete domain reload
Begin MonoManager ReloadAssembly
Thread 0x307ee7000 may have been prematurely finalized
- Loaded All Assemblies, in  0.158 seconds
Native extension for Android target not found
Native extension for OSXStandalone target not found
Mono: successfully reloaded assembly
- Finished resetting the current domain, in  0.318 seconds
Domain Reload Profiling: 476ms
	BeginReloadAssembly (60ms)
		ExecutionOrderSort (0ms)
		DisableScriptedObjects (2ms)
		BackupInstance (0ms)
		ReleaseScriptingObjects (0ms)
		CreateAndSetChildDomain (19ms)
	RebuildCommonClasses (17ms)
	RebuildNativeTypeToScriptingClass (5ms)
	initialDomainReloadingComplete (9ms)
	LoadAllAssembliesAndSetupDomain (66ms)
		LoadAssemblies (80ms)
		RebuildTransferFunctionScriptingTraits (0ms)
		AnalyzeDomain (7ms)
			TypeCache.Refresh (3ms)
				TypeCache.ScanAssembly (0ms)
			ScanForSourceGeneratedMonoScriptInfo (0ms)
			ResolveRequiredComponents (3ms)
	FinalizeReload (318ms)
		ReleaseScriptCaches (0ms)
		RebuildScriptCaches (0ms)
		SetupLoadedEditorAssemblies (191ms)
			LogAssemblyErrors (0ms)
			InitializePlatformSupportModulesInManaged (6ms)
			SetLoadedEditorAssemblies (2ms)
			RefreshPlugins (0ms)
			BeforeProcessingInitializeOnLoad (23ms)
			ProcessInitializeOnLoadAttributes (151ms)
			ProcessInitializeOnLoadMethodAttributes (8ms)
			AfterProcessingInitializeOnLoad (0ms)
			EditorAssembliesLoaded (0ms)
		ExecutionOrderSort2 (0ms)
		AwakeInstancesAfterBackupRestoration (2ms)
Refreshing native plugins compatible for Editor in 0.47 ms, found 2 plugins.
Preloading 0 native plugins for Editor in 0.00 ms.
Unloading 3097 Unused Serialized files (Serialized files now loaded: 0)
Unloading 13 unused Assets / (27.7 KB). Loaded Objects now: 3692.
Memory consumption went from 279.4 MB to 279.4 MB.
Total: 1.588875 ms (FindLiveObjects: 0.076375 ms CreateObjectMapping: 0.023000 ms MarkObjects: 1.467209 ms  DeleteObjects: 0.022000 ms)

Prepare: number of updated asset objects reloaded= 0
AssetImportParameters requested are different than current active one (requested -> active):
  custom:container-demuxer-ogg: 62fdf1f143b41e24485cea50d1cbac27 -> 
  custom:video-decoder-ogg-theora: a1e56fd34408186e4bbccfd4996cb3dc -> 
  custom:CustomObjectIndexerAttribute: 9a22284fe3817be447336de3de66b15e -> 
  custom:container-demuxer-webm: 4f35f7cbe854078d1ac9338744f61a02 -> 
  custom:container-muxer-webm: aa71ff27fc2769a1b78a27578f13a17b -> 
  custom:video-decoder-webm-vp8: 9c59270c3fd7afecdb556c50c9e8de78 -> 
  custom:SearchIndexIgnoredProperties: e643bd26f0fe6173181afceb89e7c659 -> 
  custom:AudioImporter_EditorPlatform: 3918e3fc78b5a79bad01e8451be0beb8 -> 
  custom:scripting/monoscript/fileName/Movment.cs: da45837ad5f5a57f6fce82c5870b0f43 -> 
  custom:framework-osx-AVFoundation: e770b220cccbd017edd2c1fefb359320 -> 
  custom:video-encoder-webm-vp8: eb34c28f22e8b96e1ab97ce403110664 -> 
  custom:audio-decoder-ogg-vorbis: bf7c407c2cedff20999df2af8eb42d56 -> 
  custom:scripting/monoscript/fileName/Movement.cs: 1bc12bc9370e727baa54e145392501fb -> 
  custom:scripting/monoscript/fileName/Player.cs: 007e2e63cbf915a2b71612a7f593548a -> 
  custom:audio-encoder-webm-vorbis: bf7c407c2cedff20999df2af8eb42d56 -> 
  custom:scripting/precompiled-assembly-types:Assembly-CSharp: 327dc48136bb79c012d88cff258a76d5 -> 
========================================================================
Received Prepare
Caller must complete domain reload
Begin MonoManager ReloadAssembly
Thread 0x307ee7000 may have been prematurely finalized
- Loaded All Assemblies, in  0.159 seconds
Native extension for Android target not found
Native extension for OSXStandalone target not found
Mono: successfully reloaded assembly
- Finished resetting the current domain, in  0.319 seconds
Domain Reload Profiling: 478ms
	BeginReloadAssembly (60ms)
		ExecutionOrderSort (0ms)
		DisableScriptedObjects (2ms)
		BackupInstance (0ms)
		ReleaseScriptingObjects (0ms)
		CreateAndSetChildDomain (19ms)
	RebuildCommonClasses (17ms)
	RebuildNativeTypeToScriptingClass (6ms)
	initialDomainReloadingComplete (9ms)
	LoadAllAssembliesAndSetupDomain (67ms)
		LoadAssemblies (82ms)
		RebuildTransferFunctionScriptingTraits (0ms)
		AnalyzeDomain (6ms)
			TypeCache.Refresh (3ms)
				TypeCache.ScanAssembly (0ms)
			ScanForSourceGeneratedMonoScriptInfo (0ms)
			ResolveRequiredComponents (2ms)
	FinalizeReload (319ms)
		ReleaseScriptCaches (0ms)
		RebuildScriptCaches (0ms)
		SetupLoadedEditorAssemblies (190ms)
			LogAssemblyErrors (0ms)
			InitializePlatformSupportModulesInManaged (6ms)
			SetLoadedEditorAssemblies (2ms)
			RefreshPlugins (0ms)
			BeforeProcessingInitializeOnLoad (24ms)
			ProcessInitializeOnLoadAttributes (148ms)
			ProcessInitializeOnLoadMethodAttributes (9ms)
			AfterProcessingInitializeOnLoad (0ms)
			EditorAssembliesLoaded (0ms)
		ExecutionOrderSort2 (0ms)
		AwakeInstancesAfterBackupRestoration (2ms)
Refreshing native plugins compatible for Editor in 0.53 ms, found 2 plugins.
Preloading 0 native plugins for Editor in 0.00 ms.
Unloading 3097 Unused Serialized files (Serialized files now loaded: 0)
Unloading 13 unused Assets / (27.7 KB). Loaded Objects now: 3695.
Memory consumption went from 285.2 MB to 285.1 MB.
Total: 1.609583 ms (FindLiveObjects: 0.083250 ms CreateObjectMapping: 0.024875 ms MarkObjects: 1.478375 ms  DeleteObjects: 0.022625 ms)

Prepare: number of updated asset objects reloaded= 0
AssetImportParameters requested are different than current active one (requested -> active):
  custom:container-demuxer-ogg: 62fdf1f143b41e24485cea50d1cbac27 -> 
  custom:video-decoder-ogg-theora: a1e56fd34408186e4bbccfd4996cb3dc -> 
  custom:CustomObjectIndexerAttribute: 9a22284fe3817be447336de3de66b15e -> 
  custom:container-demuxer-webm: 4f35f7cbe854078d1ac9338744f61a02 -> 
  custom:container-muxer-webm: aa71ff27fc2769a1b78a27578f13a17b -> 
  custom:video-decoder-webm-vp8: 9c59270c3fd7afecdb556c50c9e8de78 -> 
  custom:SearchIndexIgnoredProperties: e643bd26f0fe6173181afceb89e7c659 -> 
  custom:AudioImporter_EditorPlatform: 3918e3fc78b5a79bad01e8451be0beb8 -> 
  custom:scripting/monoscript/fileName/Movment.cs: da45837ad5f5a57f6fce82c5870b0f43 -> 
  custom:framework-osx-AVFoundation: e770b220cccbd017edd2c1fefb359320 -> 
  custom:video-encoder-webm-vp8: eb34c28f22e8b96e1ab97ce403110664 -> 
  custom:audio-decoder-ogg-vorbis: bf7c407c2cedff20999df2af8eb42d56 -> 
  custom:scripting/monoscript/fileName/Movement.cs: 1bc12bc9370e727baa54e145392501fb -> 
  custom:scripting/monoscript/fileName/Player.cs: 007e2e63cbf915a2b71612a7f593548a -> 
  custom:audio-encoder-webm-vorbis: bf7c407c2cedff20999df2af8eb42d56 -> 
  custom:scripting/precompiled-assembly-types:Assembly-CSharp: 327dc48136bb79c012d88cff258a76d5 -> 
========================================================================
Received Prepare
Caller must complete domain reload
Begin MonoManager ReloadAssembly
Thread 0x307ee7000 may have been prematurely finalized
- Loaded All Assemblies, in  0.155 seconds
Native extension for Android target not found
Native extension for OSXStandalone target not found
Mono: successfully reloaded assembly
- Finished resetting the current domain, in  0.330 seconds
Domain Reload Profiling: 485ms
	BeginReloadAssembly (58ms)
		ExecutionOrderSort (0ms)
		DisableScriptedObjects (2ms)
		BackupInstance (0ms)
		ReleaseScriptingObjects (0ms)
		CreateAndSetChildDomain (18ms)
	RebuildCommonClasses (17ms)
	RebuildNativeTypeToScriptingClass (6ms)
	initialDomainReloadingComplete (9ms)
	LoadAllAssembliesAndSetupDomain (65ms)
		LoadAssemblies (78ms)
		RebuildTransferFunctionScriptingTraits (0ms)
		AnalyzeDomain (7ms)
			TypeCache.Refresh (4ms)
				TypeCache.ScanAssembly (0ms)
			ScanForSourceGeneratedMonoScriptInfo (0ms)
			ResolveRequiredComponents (2ms)
	FinalizeReload (330ms)
		ReleaseScriptCaches (0ms)
		RebuildScriptCaches (0ms)
		SetupLoadedEditorAssemblies (192ms)
			LogAssemblyErrors (0ms)
			InitializePlatformSupportModulesInManaged (7ms)
			SetLoadedEditorAssemblies (2ms)
			RefreshPlugins (0ms)
			BeforeProcessingInitializeOnLoad (25ms)
			ProcessInitializeOnLoadAttributes (149ms)
			ProcessInitializeOnLoadMethodAttributes (8ms)
			AfterProcessingInitializeOnLoad (0ms)
			EditorAssembliesLoaded (0ms)
		ExecutionOrderSort2 (0ms)
		AwakeInstancesAfterBackupRestoration (2ms)
Refreshing native plugins compatible for Editor in 0.47 ms, found 2 plugins.
Preloading 0 native plugins for Editor in 0.00 ms.
Unloading 3097 Unused Serialized files (Serialized files now loaded: 0)
Unloading 13 unused Assets / (27.7 KB). Loaded Objects now: 3698.
Memory consumption went from 291.0 MB to 290.9 MB.
Total: 1.571333 ms (FindLiveObjects: 0.081875 ms CreateObjectMapping: 0.023875 ms MarkObjects: 1.445791 ms  DeleteObjects: 0.019500 ms)

Prepare: number of updated asset objects reloaded= 0
AssetImportParameters requested are different than current active one (requested -> active):
  custom:container-demuxer-ogg: 62fdf1f143b41e24485cea50d1cbac27 -> 
  custom:video-decoder-ogg-theora: a1e56fd34408186e4bbccfd4996cb3dc -> 
  custom:CustomObjectIndexerAttribute: 9a22284fe3817be447336de3de66b15e -> 
  custom:container-demuxer-webm: 4f35f7cbe854078d1ac9338744f61a02 -> 
  custom:container-muxer-webm: aa71ff27fc2769a1b78a27578f13a17b -> 
  custom:video-decoder-webm-vp8: 9c59270c3fd7afecdb556c50c9e8de78 -> 
  custom:SearchIndexIgnoredProperties: e643bd26f0fe6173181afceb89e7c659 -> 
  custom:AudioImporter_EditorPlatform: 3918e3fc78b5a79bad01e8451be0beb8 -> 
  custom:scripting/monoscript/fileName/Movment.cs: da45837ad5f5a57f6fce82c5870b0f43 -> 
  custom:framework-osx-AVFoundation: e770b220cccbd017edd2c1fefb359320 -> 
  custom:video-encoder-webm-vp8: eb34c28f22e8b96e1ab97ce403110664 -> 
  custom:audio-decoder-ogg-vorbis: bf7c407c2cedff20999df2af8eb42d56 -> 
  custom:scripting/monoscript/fileName/Movement.cs: 1bc12bc9370e727baa54e145392501fb -> 
  custom:scripting/monoscript/fileName/Player.cs: 007e2e63cbf915a2b71612a7f593548a -> 
  custom:audio-encoder-webm-vorbis: bf7c407c2cedff20999df2af8eb42d56 -> 
  custom:scripting/precompiled-assembly-types:Assembly-CSharp: 327dc48136bb79c012d88cff258a76d5 -> 
========================================================================
Received Prepare
Caller must complete domain reload
Begin MonoManager ReloadAssembly
Thread 0x307ee7000 may have been prematurely finalized
- Loaded All Assemblies, in  0.156 seconds
Native extension for Android target not found
Native extension for OSXStandalone target not found
Mono: successfully reloaded assembly
- Finished resetting the current domain, in  0.313 seconds
Domain Reload Profiling: 469ms
	BeginReloadAssembly (58ms)
		ExecutionOrderSort (0ms)
		DisableScriptedObjects (2ms)
		BackupInstance (0ms)
		ReleaseScriptingObjects (0ms)
		CreateAndSetChildDomain (19ms)
	RebuildCommonClasses (17ms)
	RebuildNativeTypeToScriptingClass (5ms)
	initialDomainReloadingComplete (9ms)
	LoadAllAssembliesAndSetupDomain (66ms)
		LoadAssemblies (79ms)
		RebuildTransferFunctionScriptingTraits (0ms)
		AnalyzeDomain (7ms)
			TypeCache.Refresh (3ms)
				TypeCache.ScanAssembly (0ms)
			ScanForSourceGeneratedMonoScriptInfo (0ms)
			ResolveRequiredComponents (2ms)
	FinalizeReload (313ms)
		ReleaseScriptCaches (0ms)
		RebuildScriptCaches (0ms)
		SetupLoadedEditorAssemblies (189ms)
			LogAssemblyErrors (0ms)
			InitializePlatformSupportModulesInManaged (6ms)
			SetLoadedEditorAssemblies (2ms)
			RefreshPlugins (0ms)
			BeforeProcessingInitializeOnLoad (24ms)
			ProcessInitializeOnLoadAttributes (149ms)
			ProcessInitializeOnLoadMethodAttributes (8ms)
			AfterProcessingInitializeOnLoad (0ms)
			EditorAssembliesLoaded (0ms)
		ExecutionOrderSort2 (0ms)
		AwakeInstancesAfterBackupRestoration (1ms)
Refreshing native plugins compatible for Editor in 0.50 ms, found 2 plugins.
Preloading 0 native plugins for Editor in 0.00 ms.
Unloading 3097 Unused Serialized files (Serialized files now loaded: 0)
Unloading 13 unused Assets / (27.8 KB). Loaded Objects now: 3701.
Memory consumption went from 296.8 MB to 296.7 MB.
Total: 1.775625 ms (FindLiveObjects: 0.071167 ms CreateObjectMapping: 0.022583 ms MarkObjects: 1.659958 ms  DeleteObjects: 0.021542 ms)

Prepare: number of updated asset objects reloaded= 0
AssetImportParameters requested are different than current active one (requested -> active):
  custom:container-demuxer-ogg: 62fdf1f143b41e24485cea50d1cbac27 -> 
  custom:video-decoder-ogg-theora: a1e56fd34408186e4bbccfd4996cb3dc -> 
  custom:CustomObjectIndexerAttribute: 9a22284fe3817be447336de3de66b15e -> 
  custom:container-demuxer-webm: 4f35f7cbe854078d1ac9338744f61a02 -> 
  custom:container-muxer-webm: aa71ff27fc2769a1b78a27578f13a17b -> 
  custom:video-decoder-webm-vp8: 9c59270c3fd7afecdb556c50c9e8de78 -> 
  custom:SearchIndexIgnoredProperties: e643bd26f0fe6173181afceb89e7c659 -> 
  custom:AudioImporter_EditorPlatform: 3918e3fc78b5a79bad01e8451be0beb8 -> 
  custom:scripting/monoscript/fileName/Movment.cs: da45837ad5f5a57f6fce82c5870b0f43 -> 
  custom:framework-osx-AVFoundation: e770b220cccbd017edd2c1fefb359320 -> 
  custom:video-encoder-webm-vp8: eb34c28f22e8b96e1ab97ce403110664 -> 
  custom:audio-decoder-ogg-vorbis: bf7c407c2cedff20999df2af8eb42d56 -> 
  custom:scripting/monoscript/fileName/Movement.cs: 1bc12bc9370e727baa54e145392501fb -> 
  custom:scripting/monoscript/fileName/Player.cs: 007e2e63cbf915a2b71612a7f593548a -> 
  custom:audio-encoder-webm-vorbis: bf7c407c2cedff20999df2af8eb42d56 -> 
  custom:scripting/precompiled-assembly-types:Assembly-CSharp: 327dc48136bb79c012d88cff258a76d5 -> 
========================================================================
Received Prepare
Caller must complete domain reload
Begin MonoManager ReloadAssembly
Thread 0x307ee7000 may have been prematurely finalized
- Loaded All Assemblies, in  0.162 seconds
Native extension for Android target not found
Native extension for OSXStandalone target not found
Mono: successfully reloaded assembly
- Finished resetting the current domain, in  0.311 seconds
Domain Reload Profiling: 473ms
	BeginReloadAssembly (59ms)
		ExecutionOrderSort (0ms)
		DisableScriptedObjects (2ms)
		BackupInstance (0ms)
		ReleaseScriptingObjects (0ms)
		CreateAndSetChildDomain (19ms)
	RebuildCommonClasses (17ms)
	RebuildNativeTypeToScriptingClass (5ms)
	initialDomainReloadingComplete (9ms)
	LoadAllAssembliesAndSetupDomain (72ms)
		LoadAssemblies (84ms)
		RebuildTransferFunctionScriptingTraits (0ms)
		AnalyzeDomain (8ms)
			TypeCache.Refresh (4ms)
				TypeCache.ScanAssembly (0ms)
			ScanForSourceGeneratedMonoScriptInfo (0ms)
			ResolveRequiredComponents (3ms)
	FinalizeReload (311ms)
		ReleaseScriptCaches (0ms)
		RebuildScriptCaches (0ms)
		SetupLoadedEditorAssemblies (184ms)
			LogAssemblyErrors (0ms)
			InitializePlatformSupportModulesInManaged (6ms)
			SetLoadedEditorAssemblies (2ms)
			RefreshPlugins (0ms)
			BeforeProcessingInitializeOnLoad (24ms)
			ProcessInitializeOnLoadAttributes (143ms)
			ProcessInitializeOnLoadMethodAttributes (8ms)
			AfterProcessingInitializeOnLoad (1ms)
			EditorAssembliesLoaded (0ms)
		ExecutionOrderSort2 (0ms)
		AwakeInstancesAfterBackupRestoration (1ms)
Refreshing native plugins compatible for Editor in 0.47 ms, found 2 plugins.
Preloading 0 native plugins for Editor in 0.00 ms.
Unloading 3097 Unused Serialized files (Serialized files now loaded: 0)
Unloading 13 unused Assets / (27.7 KB). Loaded Objects now: 3704.
Memory consumption went from 302.5 MB to 302.5 MB.
Total: 1.851417 ms (FindLiveObjects: 0.070000 ms CreateObjectMapping: 0.024541 ms MarkObjects: 1.735709 ms  DeleteObjects: 0.020791 ms)

Prepare: number of updated asset objects reloaded= 0
AssetImportParameters requested are different than current active one (requested -> active):
  custom:container-demuxer-ogg: 62fdf1f143b41e24485cea50d1cbac27 -> 
  custom:video-decoder-ogg-theora: a1e56fd34408186e4bbccfd4996cb3dc -> 
  custom:CustomObjectIndexerAttribute: 9a22284fe3817be447336de3de66b15e -> 
  custom:container-demuxer-webm: 4f35f7cbe854078d1ac9338744f61a02 -> 
  custom:container-muxer-webm: aa71ff27fc2769a1b78a27578f13a17b -> 
  custom:video-decoder-webm-vp8: 9c59270c3fd7afecdb556c50c9e8de78 -> 
  custom:SearchIndexIgnoredProperties: e643bd26f0fe6173181afceb89e7c659 -> 
  custom:AudioImporter_EditorPlatform: 3918e3fc78b5a79bad01e8451be0beb8 -> 
  custom:scripting/monoscript/fileName/Movment.cs: da45837ad5f5a57f6fce82c5870b0f43 -> 
  custom:framework-osx-AVFoundation: e770b220cccbd017edd2c1fefb359320 -> 
  custom:video-encoder-webm-vp8: eb34c28f22e8b96e1ab97ce403110664 -> 
  custom:audio-decoder-ogg-vorbis: bf7c407c2cedff20999df2af8eb42d56 -> 
  custom:scripting/monoscript/fileName/Movement.cs: 1bc12bc9370e727baa54e145392501fb -> 
  custom:scripting/monoscript/fileName/Player.cs: 007e2e63cbf915a2b71612a7f593548a -> 
  custom:audio-encoder-webm-vorbis: bf7c407c2cedff20999df2af8eb42d56 -> 
  custom:scripting/precompiled-assembly-types:Assembly-CSharp: 327dc48136bb79c012d88cff258a76d5 -> 
========================================================================
Received Prepare
Caller must complete domain reload
Begin MonoManager ReloadAssembly
Thread 0x307ee7000 may have been prematurely finalized
- Loaded All Assemblies, in  0.161 seconds
Native extension for Android target not found
Native extension for OSXStandalone target not found
Mono: successfully reloaded assembly
- Finished resetting the current domain, in  0.316 seconds
Domain Reload Profiling: 477ms
	BeginReloadAssembly (59ms)
		ExecutionOrderSort (0ms)
		DisableScriptedObjects (2ms)
		BackupInstance (0ms)
		ReleaseScriptingObjects (0ms)
		CreateAndSetChildDomain (19ms)
	RebuildCommonClasses (17ms)
	RebuildNativeTypeToScriptingClass (5ms)
	initialDomainReloadingComplete (9ms)
	LoadAllAssembliesAndSetupDomain (70ms)
		LoadAssemblies (83ms)
		RebuildTransferFunctionScriptingTraits (0ms)
		AnalyzeDomain (8ms)
			TypeCache.Refresh (4ms)
				TypeCache.ScanAssembly (0ms)
			ScanForSourceGeneratedMonoScriptInfo (0ms)
			ResolveRequiredComponents (2ms)
	FinalizeReload (316ms)
		ReleaseScriptCaches (0ms)
		RebuildScriptCaches (0ms)
		SetupLoadedEditorAssemblies (186ms)
			LogAssemblyErrors (0ms)
			InitializePlatformSupportModulesInManaged (6ms)
			SetLoadedEditorAssemblies (2ms)
			RefreshPlugins (0ms)
			BeforeProcessingInitializeOnLoad (24ms)
			ProcessInitializeOnLoadAttributes (145ms)
			ProcessInitializeOnLoadMethodAttributes (9ms)
			AfterProcessingInitializeOnLoad (0ms)
			EditorAssembliesLoaded (0ms)
		ExecutionOrderSort2 (0ms)
		AwakeInstancesAfterBackupRestoration (2ms)
Refreshing native plugins compatible for Editor in 0.58 ms, found 2 plugins.
Preloading 0 native plugins for Editor in 0.00 ms.
Unloading 3097 Unused Serialized files (Serialized files now loaded: 0)
Unloading 13 unused Assets / (27.7 KB). Loaded Objects now: 3707.
Memory consumption went from 308.3 MB to 308.3 MB.
Total: 1.978708 ms (FindLiveObjects: 0.101958 ms CreateObjectMapping: 0.027208 ms MarkObjects: 1.823250 ms  DeleteObjects: 0.025875 ms)

Prepare: number of updated asset objects reloaded= 0
AssetImportParameters requested are different than current active one (requested -> active):
  custom:container-demuxer-ogg: 62fdf1f143b41e24485cea50d1cbac27 -> 
  custom:video-decoder-ogg-theora: a1e56fd34408186e4bbccfd4996cb3dc -> 
  custom:CustomObjectIndexerAttribute: 9a22284fe3817be447336de3de66b15e -> 
  custom:container-demuxer-webm: 4f35f7cbe854078d1ac9338744f61a02 -> 
  custom:container-muxer-webm: aa71ff27fc2769a1b78a27578f13a17b -> 
  custom:video-decoder-webm-vp8: 9c59270c3fd7afecdb556c50c9e8de78 -> 
  custom:SearchIndexIgnoredProperties: e643bd26f0fe6173181afceb89e7c659 -> 
  custom:AudioImporter_EditorPlatform: 3918e3fc78b5a79bad01e8451be0beb8 -> 
  custom:scripting/monoscript/fileName/Movment.cs: da45837ad5f5a57f6fce82c5870b0f43 -> 
  custom:framework-osx-AVFoundation: e770b220cccbd017edd2c1fefb359320 -> 
  custom:video-encoder-webm-vp8: eb34c28f22e8b96e1ab97ce403110664 -> 
  custom:audio-decoder-ogg-vorbis: bf7c407c2cedff20999df2af8eb42d56 -> 
  custom:scripting/monoscript/fileName/Movement.cs: 1bc12bc9370e727baa54e145392501fb -> 
  custom:scripting/monoscript/fileName/Player.cs: 007e2e63cbf915a2b71612a7f593548a -> 
  custom:audio-encoder-webm-vorbis: bf7c407c2cedff20999df2af8eb42d56 -> 
  custom:scripting/precompiled-assembly-types:Assembly-CSharp: 327dc48136bb79c012d88cff258a76d5 -> 
========================================================================
Received Prepare
Caller must complete domain reload
Begin MonoManager ReloadAssembly
Thread 0x307ee7000 may have been prematurely finalized
- Loaded All Assemblies, in  0.157 seconds
Native extension for Android target not found
Native extension for OSXStandalone target not found
Mono: successfully reloaded assembly
- Finished resetting the current domain, in  0.313 seconds
Domain Reload Profiling: 470ms
	BeginReloadAssembly (60ms)
		ExecutionOrderSort (0ms)
		DisableScriptedObjects (2ms)
		BackupInstance (0ms)
		ReleaseScriptingObjects (0ms)
		CreateAndSetChildDomain (20ms)
	RebuildCommonClasses (17ms)
	RebuildNativeTypeToScriptingClass (5ms)
	initialDomainReloadingComplete (9ms)
	LoadAllAssembliesAndSetupDomain (66ms)
		LoadAssemblies (79ms)
		RebuildTransferFunctionScriptingTraits (0ms)
		AnalyzeDomain (7ms)
			TypeCache.Refresh (3ms)
				TypeCache.ScanAssembly (0ms)
			ScanForSourceGeneratedMonoScriptInfo (0ms)
			ResolveRequiredComponents (2ms)
	FinalizeReload (313ms)
		ReleaseScriptCaches (0ms)
		RebuildScriptCaches (0ms)
		SetupLoadedEditorAssemblies (187ms)
			LogAssemblyErrors (0ms)
			InitializePlatformSupportModulesInManaged (6ms)
			SetLoadedEditorAssemblies (2ms)
			RefreshPlugins (0ms)
			BeforeProcessingInitializeOnLoad (25ms)
			ProcessInitializeOnLoadAttributes (146ms)
			ProcessInitializeOnLoadMethodAttributes (8ms)
			AfterProcessingInitializeOnLoad (0ms)
			EditorAssembliesLoaded (0ms)
		ExecutionOrderSort2 (0ms)
		AwakeInstancesAfterBackupRestoration (2ms)
Refreshing native plugins compatible for Editor in 0.49 ms, found 2 plugins.
Preloading 0 native plugins for Editor in 0.00 ms.
Unloading 3097 Unused Serialized files (Serialized files now loaded: 0)
Unloading 13 unused Assets / (27.7 KB). Loaded Objects now: 3710.
Memory consumption went from 314.1 MB to 314.1 MB.
Total: 1.818708 ms (FindLiveObjects: 0.071250 ms CreateObjectMapping: 0.023917 ms MarkObjects: 1.700042 ms  DeleteObjects: 0.023166 ms)

Prepare: number of updated asset objects reloaded= 0
AssetImportParameters requested are different than current active one (requested -> active):
  custom:container-demuxer-ogg: 62fdf1f143b41e24485cea50d1cbac27 -> 
  custom:video-decoder-ogg-theora: a1e56fd34408186e4bbccfd4996cb3dc -> 
  custom:CustomObjectIndexerAttribute: 9a22284fe3817be447336de3de66b15e -> 
  custom:container-demuxer-webm: 4f35f7cbe854078d1ac9338744f61a02 -> 
  custom:container-muxer-webm: aa71ff27fc2769a1b78a27578f13a17b -> 
  custom:video-decoder-webm-vp8: 9c59270c3fd7afecdb556c50c9e8de78 -> 
  custom:SearchIndexIgnoredProperties: e643bd26f0fe6173181afceb89e7c659 -> 
  custom:AudioImporter_EditorPlatform: 3918e3fc78b5a79bad01e8451be0beb8 -> 
  custom:scripting/monoscript/fileName/Movment.cs: da45837ad5f5a57f6fce82c5870b0f43 -> 
  custom:framework-osx-AVFoundation: e770b220cccbd017edd2c1fefb359320 -> 
  custom:video-encoder-webm-vp8: eb34c28f22e8b96e1ab97ce403110664 -> 
  custom:audio-decoder-ogg-vorbis: bf7c407c2cedff20999df2af8eb42d56 -> 
  custom:scripting/monoscript/fileName/Movement.cs: 1bc12bc9370e727baa54e145392501fb -> 
  custom:scripting/monoscript/fileName/Player.cs: 007e2e63cbf915a2b71612a7f593548a -> 
  custom:audio-encoder-webm-vorbis: bf7c407c2cedff20999df2af8eb42d56 -> 
  custom:scripting/precompiled-assembly-types:Assembly-CSharp: 327dc48136bb79c012d88cff258a76d5 -> 
========================================================================
Received Prepare
Caller must complete domain reload
Begin MonoManager ReloadAssembly
Thread 0x307ee7000 may have been prematurely finalized
- Loaded All Assemblies, in  0.161 seconds
Native extension for Android target not found
Native extension for OSXStandalone target not found
Mono: successfully reloaded assembly
- Finished resetting the current domain, in  0.306 seconds
Domain Reload Profiling: 467ms
	BeginReloadAssembly (58ms)
		ExecutionOrderSort (0ms)
		DisableScriptedObjects (2ms)
		BackupInstance (0ms)
		ReleaseScriptingObjects (0ms)
		CreateAndSetChildDomain (19ms)
	RebuildCommonClasses (17ms)
	RebuildNativeTypeToScriptingClass (6ms)
	initialDomainReloadingComplete (9ms)
	LoadAllAssembliesAndSetupDomain (72ms)
		LoadAssemblies (81ms)
		RebuildTransferFunctionScriptingTraits (0ms)
		AnalyzeDomain (11ms)
			TypeCache.Refresh (4ms)
				TypeCache.ScanAssembly (0ms)
			ScanForSourceGeneratedMonoScriptInfo (3ms)
			ResolveRequiredComponents (3ms)
	FinalizeReload (306ms)
		ReleaseScriptCaches (0ms)
		RebuildScriptCaches (0ms)
		SetupLoadedEditorAssemblies (171ms)
			LogAssemblyErrors (0ms)
			InitializePlatformSupportModulesInManaged (6ms)
			SetLoadedEditorAssemblies (2ms)
			RefreshPlugins (0ms)
			BeforeProcessingInitializeOnLoad (22ms)
			ProcessInitializeOnLoadAttributes (134ms)
			ProcessInitializeOnLoadMethodAttributes (7ms)
			AfterProcessingInitializeOnLoad (0ms)
			EditorAssembliesLoaded (0ms)
		ExecutionOrderSort2 (0ms)
		AwakeInstancesAfterBackupRestoration (1ms)
Refreshing native plugins compatible for Editor in 0.43 ms, found 2 plugins.
Preloading 0 native plugins for Editor in 0.00 ms.
Unloading 3097 Unused Serialized files (Serialized files now loaded: 0)
Unloading 13 unused Assets / (27.8 KB). Loaded Objects now: 3713.
Memory consumption went from 319.9 MB to 319.9 MB.
Total: 1.680500 ms (FindLiveObjects: 0.095375 ms CreateObjectMapping: 0.034292 ms MarkObjects: 1.529625 ms  DeleteObjects: 0.020916 ms)

Prepare: number of updated asset objects reloaded= 0
AssetImportParameters requested are different than current active one (requested -> active):
  custom:container-demuxer-ogg: 62fdf1f143b41e24485cea50d1cbac27 -> 
  custom:video-decoder-ogg-theora: a1e56fd34408186e4bbccfd4996cb3dc -> 
  custom:CustomObjectIndexerAttribute: 9a22284fe3817be447336de3de66b15e -> 
  custom:container-demuxer-webm: 4f35f7cbe854078d1ac9338744f61a02 -> 
  custom:container-muxer-webm: aa71ff27fc2769a1b78a27578f13a17b -> 
  custom:video-decoder-webm-vp8: 9c59270c3fd7afecdb556c50c9e8de78 -> 
  custom:SearchIndexIgnoredProperties: e643bd26f0fe6173181afceb89e7c659 -> 
  custom:AudioImporter_EditorPlatform: 3918e3fc78b5a79bad01e8451be0beb8 -> 
  custom:scripting/monoscript/fileName/Movment.cs: da45837ad5f5a57f6fce82c5870b0f43 -> 
  custom:framework-osx-AVFoundation: e770b220cccbd017edd2c1fefb359320 -> 
  custom:video-encoder-webm-vp8: eb34c28f22e8b96e1ab97ce403110664 -> 
  custom:audio-decoder-ogg-vorbis: bf7c407c2cedff20999df2af8eb42d56 -> 
  custom:scripting/monoscript/fileName/Movement.cs: 1bc12bc9370e727baa54e145392501fb -> 
  custom:scripting/monoscript/fileName/Player.cs: 007e2e63cbf915a2b71612a7f593548a -> 
  custom:audio-encoder-webm-vorbis: bf7c407c2cedff20999df2af8eb42d56 -> 
  custom:scripting/precompiled-assembly-types:Assembly-CSharp: 327dc48136bb79c012d88cff258a76d5 -> 
========================================================================
Received Import Request.
  Time since last request: 16797.900008 seconds.
  path: ProjectSettings/TagManager.asset
  artifactKey: Guid(00000000000000003000000000000000) Importer(815301076,1909f56bfc062723c751e8b465ee728b)
Start importing ProjectSettings/TagManager.asset using Guid(00000000000000003000000000000000) Importer(815301076,1909f56bfc062723c751e8b465ee728b) [PhysX] Initialized MultithreadedTaskDispatcher with 12 workers.
 -> (artifact id: 'a2ed4f3eafcc2bc862c440eaeb831565') in 0.006559 seconds
Number of updated asset objects reloaded before import = 0
Number of asset objects unloaded after import = 0
========================================================================
Received Prepare
Caller must complete domain reload
Begin MonoManager ReloadAssembly
Thread 0x307ee7000 may have been prematurely finalized
- Loaded All Assemblies, in  0.159 seconds
Native extension for Android target not found
Native extension for OSXStandalone target not found
Mono: successfully reloaded assembly
- Finished resetting the current domain, in  0.326 seconds
Domain Reload Profiling: 485ms
	BeginReloadAssembly (60ms)
		ExecutionOrderSort (0ms)
		DisableScriptedObjects (2ms)
		BackupInstance (0ms)
		ReleaseScriptingObjects (0ms)
		CreateAndSetChildDomain (19ms)
	RebuildCommonClasses (17ms)
	RebuildNativeTypeToScriptingClass (5ms)
	initialDomainReloadingComplete (9ms)
	LoadAllAssembliesAndSetupDomain (68ms)
		LoadAssemblies (80ms)
		RebuildTransferFunctionScriptingTraits (0ms)
		AnalyzeDomain (7ms)
			TypeCache.Refresh (4ms)
				TypeCache.ScanAssembly (0ms)
			ScanForSourceGeneratedMonoScriptInfo (0ms)
			ResolveRequiredComponents (3ms)
	FinalizeReload (326ms)
		ReleaseScriptCaches (0ms)
		RebuildScriptCaches (0ms)
		SetupLoadedEditorAssemblies (186ms)
			LogAssemblyErrors (0ms)
			InitializePlatformSupportModulesInManaged (7ms)
			SetLoadedEditorAssemblies (2ms)
			RefreshPlugins (0ms)
			BeforeProcessingInitializeOnLoad (25ms)
			ProcessInitializeOnLoadAttributes (143ms)
			ProcessInitializeOnLoadMethodAttributes (8ms)
			AfterProcessingInitializeOnLoad (0ms)
			EditorAssembliesLoaded (0ms)
		ExecutionOrderSort2 (0ms)
		AwakeInstancesAfterBackupRestoration (1ms)
Refreshing native plugins compatible for Editor in 0.49 ms, found 2 plugins.
Preloading 0 native plugins for Editor in 0.00 ms.
Unloading 3097 Unused Serialized files (Serialized files now loaded: 0)
Unloading 13 unused Assets / (27.7 KB). Loaded Objects now: 3716.
Memory consumption went from 325.8 MB to 325.8 MB.
Total: 1.706792 ms (FindLiveObjects: 0.078209 ms CreateObjectMapping: 0.024709 ms MarkObjects: 1.578958 ms  DeleteObjects: 0.024375 ms)

Prepare: number of updated asset objects reloaded= 0
AssetImportParameters requested are different than current active one (requested -> active):
  custom:container-demuxer-ogg: 62fdf1f143b41e24485cea50d1cbac27 -> 
  custom:video-decoder-ogg-theora: a1e56fd34408186e4bbccfd4996cb3dc -> 
  custom:CustomObjectIndexerAttribute: 9a22284fe3817be447336de3de66b15e -> 
  custom:container-demuxer-webm: 4f35f7cbe854078d1ac9338744f61a02 -> 
  custom:container-muxer-webm: aa71ff27fc2769a1b78a27578f13a17b -> 
  custom:video-decoder-webm-vp8: 9c59270c3fd7afecdb556c50c9e8de78 -> 
  custom:SearchIndexIgnoredProperties: e643bd26f0fe6173181afceb89e7c659 -> 
  custom:AudioImporter_EditorPlatform: 3918e3fc78b5a79bad01e8451be0beb8 -> 
  custom:scripting/monoscript/fileName/Movment.cs: da45837ad5f5a57f6fce82c5870b0f43 -> 
  custom:framework-osx-AVFoundation: e770b220cccbd017edd2c1fefb359320 -> 
  custom:video-encoder-webm-vp8: eb34c28f22e8b96e1ab97ce403110664 -> 
  custom:audio-decoder-ogg-vorbis: bf7c407c2cedff20999df2af8eb42d56 -> 
  custom:scripting/monoscript/fileName/Movement.cs: 1bc12bc9370e727baa54e145392501fb -> 
  custom:scripting/monoscript/fileName/Player.cs: 007e2e63cbf915a2b71612a7f593548a -> 
  custom:audio-encoder-webm-vorbis: bf7c407c2cedff20999df2af8eb42d56 -> 
  custom:scripting/precompiled-assembly-types:Assembly-CSharp: 327dc48136bb79c012d88cff258a76d5 -> 
========================================================================
Received Prepare
Caller must complete domain reload
Begin MonoManager ReloadAssembly
Thread 0x307ee7000 may have been prematurely finalized
- Loaded All Assemblies, in  0.205 seconds
Native extension for Android target not found
Native extension for OSXStandalone target not found
Mono: successfully reloaded assembly
- Finished resetting the current domain, in  0.491 seconds
Domain Reload Profiling: 697ms
	BeginReloadAssembly (60ms)
		ExecutionOrderSort (0ms)
		DisableScriptedObjects (2ms)
		BackupInstance (0ms)
		ReleaseScriptingObjects (0ms)
		CreateAndSetChildDomain (20ms)
	RebuildCommonClasses (17ms)
	RebuildNativeTypeToScriptingClass (5ms)
	initialDomainReloadingComplete (9ms)
	LoadAllAssembliesAndSetupDomain (114ms)
		LoadAssemblies (117ms)
		RebuildTransferFunctionScriptingTraits (0ms)
		AnalyzeDomain (17ms)
			TypeCache.Refresh (5ms)
				TypeCache.ScanAssembly (0ms)
			ScanForSourceGeneratedMonoScriptInfo (3ms)
			ResolveRequiredComponents (2ms)
	FinalizeReload (491ms)
		ReleaseScriptCaches (0ms)
		RebuildScriptCaches (0ms)
		SetupLoadedEditorAssemblies (169ms)
			LogAssemblyErrors (0ms)
			InitializePlatformSupportModulesInManaged (6ms)
			SetLoadedEditorAssemblies (2ms)
			RefreshPlugins (0ms)
			BeforeProcessingInitializeOnLoad (21ms)
			ProcessInitializeOnLoadAttributes (133ms)
			ProcessInitializeOnLoadMethodAttributes (7ms)
			AfterProcessingInitializeOnLoad (0ms)
			EditorAssembliesLoaded (0ms)
		ExecutionOrderSort2 (0ms)
		AwakeInstancesAfterBackupRestoration (1ms)
Refreshing native plugins compatible for Editor in 0.49 ms, found 2 plugins.
Preloading 0 native plugins for Editor in 0.00 ms.
Unloading 3097 Unused Serialized files (Serialized files now loaded: 0)
Unloading 13 unused Assets / (27.7 KB). Loaded Objects now: 3719.
Memory consumption went from 331.6 MB to 331.6 MB.
Total: 1.636792 ms (FindLiveObjects: 0.073792 ms CreateObjectMapping: 0.023375 ms MarkObjects: 1.520166 ms  DeleteObjects: 0.019167 ms)

Prepare: number of updated asset objects reloaded= 0
AssetImportParameters requested are different than current active one (requested -> active):
  custom:container-demuxer-ogg: 62fdf1f143b41e24485cea50d1cbac27 -> 
  custom:video-decoder-ogg-theora: a1e56fd34408186e4bbccfd4996cb3dc -> 
  custom:CustomObjectIndexerAttribute: 9a22284fe3817be447336de3de66b15e -> 
  custom:container-demuxer-webm: 4f35f7cbe854078d1ac9338744f61a02 -> 
  custom:container-muxer-webm: aa71ff27fc2769a1b78a27578f13a17b -> 
  custom:video-decoder-webm-vp8: 9c59270c3fd7afecdb556c50c9e8de78 -> 
  custom:SearchIndexIgnoredProperties: e643bd26f0fe6173181afceb89e7c659 -> 
  custom:AudioImporter_EditorPlatform: 3918e3fc78b5a79bad01e8451be0beb8 -> 
  custom:scripting/monoscript/fileName/Movment.cs: da45837ad5f5a57f6fce82c5870b0f43 -> 
  custom:framework-osx-AVFoundation: e770b220cccbd017edd2c1fefb359320 -> 
  custom:video-encoder-webm-vp8: eb34c28f22e8b96e1ab97ce403110664 -> 
  custom:audio-decoder-ogg-vorbis: bf7c407c2cedff20999df2af8eb42d56 -> 
  custom:scripting/monoscript/fileName/Movement.cs: 1bc12bc9370e727baa54e145392501fb -> 
  custom:scripting/monoscript/fileName/Player.cs: 007e2e63cbf915a2b71612a7f593548a -> 
  custom:audio-encoder-webm-vorbis: bf7c407c2cedff20999df2af8eb42d56 -> 
  custom:scripting/precompiled-assembly-types:Assembly-CSharp: 327dc48136bb79c012d88cff258a76d5 -> 
========================================================================
Received Prepare
Caller must complete domain reload
Begin MonoManager ReloadAssembly
Thread 0x307ee7000 may have been prematurely finalized
- Loaded All Assemblies, in  0.158 seconds
Native extension for Android target not found
Native extension for OSXStandalone target not found
Mono: successfully reloaded assembly
- Finished resetting the current domain, in  0.322 seconds
Domain Reload Profiling: 480ms
	BeginReloadAssembly (60ms)
		ExecutionOrderSort (0ms)
		DisableScriptedObjects (2ms)
		BackupInstance (0ms)
		ReleaseScriptingObjects (0ms)
		CreateAndSetChildDomain (19ms)
	RebuildCommonClasses (17ms)
	RebuildNativeTypeToScriptingClass (5ms)
	initialDomainReloadingComplete (9ms)
	LoadAllAssembliesAndSetupDomain (67ms)
		LoadAssemblies (79ms)
		RebuildTransferFunctionScriptingTraits (0ms)
		AnalyzeDomain (7ms)
			TypeCache.Refresh (4ms)
				TypeCache.ScanAssembly (0ms)
			ScanForSourceGeneratedMonoScriptInfo (0ms)
			ResolveRequiredComponents (2ms)
	FinalizeReload (322ms)
		ReleaseScriptCaches (0ms)
		RebuildScriptCaches (0ms)
		SetupLoadedEditorAssemblies (182ms)
			LogAssemblyErrors (0ms)
			InitializePlatformSupportModulesInManaged (7ms)
			SetLoadedEditorAssemblies (2ms)
			RefreshPlugins (0ms)
			BeforeProcessingInitializeOnLoad (26ms)
			ProcessInitializeOnLoadAttributes (139ms)
			ProcessInitializeOnLoadMethodAttributes (8ms)
			AfterProcessingInitializeOnLoad (0ms)
			EditorAssembliesLoaded (0ms)
		ExecutionOrderSort2 (0ms)
		AwakeInstancesAfterBackupRestoration (1ms)
Refreshing native plugins compatible for Editor in 0.49 ms, found 2 plugins.
Preloading 0 native plugins for Editor in 0.00 ms.
Unloading 3097 Unused Serialized files (Serialized files now loaded: 0)
Unloading 13 unused Assets / (27.7 KB). Loaded Objects now: 3722.
Memory consumption went from 337.4 MB to 337.4 MB.
Total: 1.795750 ms (FindLiveObjects: 0.083542 ms CreateObjectMapping: 0.027083 ms MarkObjects: 1.663459 ms  DeleteObjects: 0.021166 ms)

Prepare: number of updated asset objects reloaded= 0
AssetImportParameters requested are different than current active one (requested -> active):
  custom:container-demuxer-ogg: 62fdf1f143b41e24485cea50d1cbac27 -> 
  custom:video-decoder-ogg-theora: a1e56fd34408186e4bbccfd4996cb3dc -> 
  custom:CustomObjectIndexerAttribute: 9a22284fe3817be447336de3de66b15e -> 
  custom:container-demuxer-webm: 4f35f7cbe854078d1ac9338744f61a02 -> 
  custom:container-muxer-webm: aa71ff27fc2769a1b78a27578f13a17b -> 
  custom:video-decoder-webm-vp8: 9c59270c3fd7afecdb556c50c9e8de78 -> 
  custom:SearchIndexIgnoredProperties: e643bd26f0fe6173181afceb89e7c659 -> 
  custom:AudioImporter_EditorPlatform: 3918e3fc78b5a79bad01e8451be0beb8 -> 
  custom:scripting/monoscript/fileName/Movment.cs: da45837ad5f5a57f6fce82c5870b0f43 -> 
  custom:framework-osx-AVFoundation: e770b220cccbd017edd2c1fefb359320 -> 
  custom:video-encoder-webm-vp8: eb34c28f22e8b96e1ab97ce403110664 -> 
  custom:audio-decoder-ogg-vorbis: bf7c407c2cedff20999df2af8eb42d56 -> 
  custom:scripting/monoscript/fileName/Movement.cs: 1bc12bc9370e727baa54e145392501fb -> 
  custom:scripting/monoscript/fileName/Player.cs: 007e2e63cbf915a2b71612a7f593548a -> 
  custom:audio-encoder-webm-vorbis: bf7c407c2cedff20999df2af8eb42d56 -> 
  custom:scripting/precompiled-assembly-types:Assembly-CSharp: 327dc48136bb79c012d88cff258a76d5 -> 
========================================================================
Received Prepare
Caller must complete domain reload
Begin MonoManager ReloadAssembly
Thread 0x307ee7000 may have been prematurely finalized
- Loaded All Assemblies, in  0.162 seconds
Native extension for Android target not found
Native extension for OSXStandalone target not found
Mono: successfully reloaded assembly
- Finished resetting the current domain, in  0.480 seconds
Domain Reload Profiling: 642ms
	BeginReloadAssembly (60ms)
		ExecutionOrderSort (0ms)
		DisableScriptedObjects (2ms)
		BackupInstance (0ms)
		ReleaseScriptingObjects (0ms)
		CreateAndSetChildDomain (19ms)
	RebuildCommonClasses (17ms)
	RebuildNativeTypeToScriptingClass (5ms)
	initialDomainReloadingComplete (9ms)
	LoadAllAssembliesAndSetupDomain (71ms)
		LoadAssemblies (80ms)
		RebuildTransferFunctionScriptingTraits (0ms)
		AnalyzeDomain (11ms)
			TypeCache.Refresh (5ms)
				TypeCache.ScanAssembly (0ms)
			ScanForSourceGeneratedMonoScriptInfo (3ms)
			ResolveRequiredComponents (2ms)
	FinalizeReload (480ms)
		ReleaseScriptCaches (0ms)
		RebuildScriptCaches (0ms)
		SetupLoadedEditorAssemblies (169ms)
			LogAssemblyErrors (0ms)
			InitializePlatformSupportModulesInManaged (6ms)
			SetLoadedEditorAssemblies (2ms)
			RefreshPlugins (0ms)
			BeforeProcessingInitializeOnLoad (21ms)
			ProcessInitializeOnLoadAttributes (132ms)
			ProcessInitializeOnLoadMethodAttributes (7ms)
			AfterProcessingInitializeOnLoad (0ms)
			EditorAssembliesLoaded (0ms)
		ExecutionOrderSort2 (0ms)
		AwakeInstancesAfterBackupRestoration (1ms)
Refreshing native plugins compatible for Editor in 0.48 ms, found 2 plugins.
Preloading 0 native plugins for Editor in 0.00 ms.
Unloading 3097 Unused Serialized files (Serialized files now loaded: 0)
Unloading 13 unused Assets / (27.8 KB). Loaded Objects now: 3725.
Memory consumption went from 343.2 MB to 343.2 MB.
Total: 1.680250 ms (FindLiveObjects: 0.103041 ms CreateObjectMapping: 0.027833 ms MarkObjects: 1.529334 ms  DeleteObjects: 0.019792 ms)

Prepare: number of updated asset objects reloaded= 0
AssetImportParameters requested are different than current active one (requested -> active):
  custom:container-demuxer-ogg: 62fdf1f143b41e24485cea50d1cbac27 -> 
  custom:video-decoder-ogg-theora: a1e56fd34408186e4bbccfd4996cb3dc -> 
  custom:CustomObjectIndexerAttribute: 9a22284fe3817be447336de3de66b15e -> 
  custom:container-demuxer-webm: 4f35f7cbe854078d1ac9338744f61a02 -> 
  custom:container-muxer-webm: aa71ff27fc2769a1b78a27578f13a17b -> 
  custom:video-decoder-webm-vp8: 9c59270c3fd7afecdb556c50c9e8de78 -> 
  custom:SearchIndexIgnoredProperties: e643bd26f0fe6173181afceb89e7c659 -> 
  custom:AudioImporter_EditorPlatform: 3918e3fc78b5a79bad01e8451be0beb8 -> 
  custom:scripting/monoscript/fileName/Movment.cs: da45837ad5f5a57f6fce82c5870b0f43 -> 
  custom:framework-osx-AVFoundation: e770b220cccbd017edd2c1fefb359320 -> 
  custom:video-encoder-webm-vp8: eb34c28f22e8b96e1ab97ce403110664 -> 
  custom:audio-decoder-ogg-vorbis: bf7c407c2cedff20999df2af8eb42d56 -> 
  custom:scripting/monoscript/fileName/Movement.cs: 1bc12bc9370e727baa54e145392501fb -> 
  custom:scripting/monoscript/fileName/Player.cs: 007e2e63cbf915a2b71612a7f593548a -> 
  custom:audio-encoder-webm-vorbis: bf7c407c2cedff20999df2af8eb42d56 -> 
  custom:scripting/precompiled-assembly-types:Assembly-CSharp: 327dc48136bb79c012d88cff258a76d5 -> 
========================================================================
Received Prepare
Caller must complete domain reload
Begin MonoManager ReloadAssembly
Thread 0x307ee7000 may have been prematurely finalized
- Loaded All Assemblies, in  0.159 seconds
Native extension for Android target not found
Native extension for OSXStandalone target not found
Mono: successfully reloaded assembly
- Finished resetting the current domain, in  0.311 seconds
Domain Reload Profiling: 470ms
	BeginReloadAssembly (59ms)
		ExecutionOrderSort (0ms)
		DisableScriptedObjects (2ms)
		BackupInstance (0ms)
		ReleaseScriptingObjects (0ms)
		CreateAndSetChildDomain (19ms)
	RebuildCommonClasses (16ms)
	RebuildNativeTypeToScriptingClass (6ms)
	initialDomainReloadingComplete (9ms)
	LoadAllAssembliesAndSetupDomain (69ms)
		LoadAssemblies (81ms)
		RebuildTransferFunctionScriptingTraits (0ms)
		AnalyzeDomain (7ms)
			TypeCache.Refresh (4ms)
				TypeCache.ScanAssembly (0ms)
			ScanForSourceGeneratedMonoScriptInfo (0ms)
			ResolveRequiredComponents (2ms)
	FinalizeReload (311ms)
		ReleaseScriptCaches (0ms)
		RebuildScriptCaches (0ms)
		SetupLoadedEditorAssemblies (180ms)
			LogAssemblyErrors (0ms)
			InitializePlatformSupportModulesInManaged (6ms)
			SetLoadedEditorAssemblies (2ms)
			RefreshPlugins (0ms)
			BeforeProcessingInitializeOnLoad (25ms)
			ProcessInitializeOnLoadAttributes (139ms)
			ProcessInitializeOnLoadMethodAttributes (8ms)
			AfterProcessingInitializeOnLoad (0ms)
			EditorAssembliesLoaded (0ms)
		ExecutionOrderSort2 (0ms)
		AwakeInstancesAfterBackupRestoration (1ms)
Refreshing native plugins compatible for Editor in 0.45 ms, found 2 plugins.
Preloading 0 native plugins for Editor in 0.00 ms.
Unloading 3097 Unused Serialized files (Serialized files now loaded: 0)
Unloading 13 unused Assets / (27.8 KB). Loaded Objects now: 3728.
Memory consumption went from 349.0 MB to 349.0 MB.
Total: 1.591833 ms (FindLiveObjects: 0.084625 ms CreateObjectMapping: 0.026333 ms MarkObjects: 1.460709 ms  DeleteObjects: 0.019666 ms)

Prepare: number of updated asset objects reloaded= 0
AssetImportParameters requested are different than current active one (requested -> active):
  custom:container-demuxer-ogg: 62fdf1f143b41e24485cea50d1cbac27 -> 
  custom:video-decoder-ogg-theora: a1e56fd34408186e4bbccfd4996cb3dc -> 
  custom:CustomObjectIndexerAttribute: 9a22284fe3817be447336de3de66b15e -> 
  custom:container-demuxer-webm: 4f35f7cbe854078d1ac9338744f61a02 -> 
  custom:container-muxer-webm: aa71ff27fc2769a1b78a27578f13a17b -> 
  custom:video-decoder-webm-vp8: 9c59270c3fd7afecdb556c50c9e8de78 -> 
  custom:SearchIndexIgnoredProperties: e643bd26f0fe6173181afceb89e7c659 -> 
  custom:AudioImporter_EditorPlatform: 3918e3fc78b5a79bad01e8451be0beb8 -> 
  custom:scripting/monoscript/fileName/Movment.cs: da45837ad5f5a57f6fce82c5870b0f43 -> 
  custom:framework-osx-AVFoundation: e770b220cccbd017edd2c1fefb359320 -> 
  custom:video-encoder-webm-vp8: eb34c28f22e8b96e1ab97ce403110664 -> 
  custom:audio-decoder-ogg-vorbis: bf7c407c2cedff20999df2af8eb42d56 -> 
  custom:scripting/monoscript/fileName/Movement.cs: 1bc12bc9370e727baa54e145392501fb -> 
  custom:scripting/monoscript/fileName/Player.cs: 007e2e63cbf915a2b71612a7f593548a -> 
  custom:audio-encoder-webm-vorbis: bf7c407c2cedff20999df2af8eb42d56 -> 
  custom:scripting/precompiled-assembly-types:Assembly-CSharp: 327dc48136bb79c012d88cff258a76d5 -> 
========================================================================
Received Prepare
Caller must complete domain reload
Begin MonoManager ReloadAssembly
Thread 0x307ee7000 may have been prematurely finalized
- Loaded All Assemblies, in  0.157 seconds
Native extension for Android target not found
Native extension for OSXStandalone target not found
Mono: successfully reloaded assembly
- Finished resetting the current domain, in  0.306 seconds
Domain Reload Profiling: 463ms
	BeginReloadAssembly (60ms)
		ExecutionOrderSort (0ms)
		DisableScriptedObjects (2ms)
		BackupInstance (0ms)
		ReleaseScriptingObjects (0ms)
		CreateAndSetChildDomain (20ms)
	RebuildCommonClasses (16ms)
	RebuildNativeTypeToScriptingClass (6ms)
	initialDomainReloadingComplete (9ms)
	LoadAllAssembliesAndSetupDomain (66ms)
		LoadAssemblies (79ms)
		RebuildTransferFunctionScriptingTraits (0ms)
		AnalyzeDomain (6ms)
			TypeCache.Refresh (3ms)
				TypeCache.ScanAssembly (0ms)
			ScanForSourceGeneratedMonoScriptInfo (0ms)
			ResolveRequiredComponents (2ms)
	FinalizeReload (307ms)
		ReleaseScriptCaches (0ms)
		RebuildScriptCaches (0ms)
		SetupLoadedEditorAssemblies (168ms)
			LogAssemblyErrors (0ms)
			InitializePlatformSupportModulesInManaged (6ms)
			SetLoadedEditorAssemblies (2ms)
			RefreshPlugins (0ms)
			BeforeProcessingInitializeOnLoad (22ms)
			ProcessInitializeOnLoadAttributes (131ms)
			ProcessInitializeOnLoadMethodAttributes (8ms)
			AfterProcessingInitializeOnLoad (0ms)
			EditorAssembliesLoaded (0ms)
		ExecutionOrderSort2 (0ms)
		AwakeInstancesAfterBackupRestoration (1ms)
Refreshing native plugins compatible for Editor in 0.43 ms, found 2 plugins.
Preloading 0 native plugins for Editor in 0.00 ms.
Unloading 3097 Unused Serialized files (Serialized files now loaded: 0)
Unloading 13 unused Assets / (27.8 KB). Loaded Objects now: 3731.
Memory consumption went from 354.8 MB to 354.8 MB.
Total: 1.648250 ms (FindLiveObjects: 0.105333 ms CreateObjectMapping: 0.024834 ms MarkObjects: 1.499917 ms  DeleteObjects: 0.017833 ms)

Prepare: number of updated asset objects reloaded= 0
AssetImportParameters requested are different than current active one (requested -> active):
  custom:container-demuxer-ogg: 62fdf1f143b41e24485cea50d1cbac27 -> 
  custom:video-decoder-ogg-theora: a1e56fd34408186e4bbccfd4996cb3dc -> 
  custom:CustomObjectIndexerAttribute: 9a22284fe3817be447336de3de66b15e -> 
  custom:container-demuxer-webm: 4f35f7cbe854078d1ac9338744f61a02 -> 
  custom:container-muxer-webm: aa71ff27fc2769a1b78a27578f13a17b -> 
  custom:video-decoder-webm-vp8: 9c59270c3fd7afecdb556c50c9e8de78 -> 
  custom:SearchIndexIgnoredProperties: e643bd26f0fe6173181afceb89e7c659 -> 
  custom:AudioImporter_EditorPlatform: 3918e3fc78b5a79bad01e8451be0beb8 -> 
  custom:scripting/monoscript/fileName/Movment.cs: da45837ad5f5a57f6fce82c5870b0f43 -> 
  custom:framework-osx-AVFoundation: e770b220cccbd017edd2c1fefb359320 -> 
  custom:video-encoder-webm-vp8: eb34c28f22e8b96e1ab97ce403110664 -> 
  custom:audio-decoder-ogg-vorbis: bf7c407c2cedff20999df2af8eb42d56 -> 
  custom:scripting/monoscript/fileName/Movement.cs: 1bc12bc9370e727baa54e145392501fb -> 
  custom:scripting/monoscript/fileName/Player.cs: 007e2e63cbf915a2b71612a7f593548a -> 
  custom:audio-encoder-webm-vorbis: bf7c407c2cedff20999df2af8eb42d56 -> 
  custom:scripting/precompiled-assembly-types:Assembly-CSharp: 327dc48136bb79c012d88cff258a76d5 -> 
========================================================================
Received Prepare
Caller must complete domain reload
Begin MonoManager ReloadAssembly
Thread 0x307ee7000 may have been prematurely finalized
- Loaded All Assemblies, in  0.157 seconds
Native extension for Android target not found
Native extension for OSXStandalone target not found
Mono: successfully reloaded assembly
- Finished resetting the current domain, in  0.313 seconds
Domain Reload Profiling: 470ms
	BeginReloadAssembly (58ms)
		ExecutionOrderSort (0ms)
		DisableScriptedObjects (2ms)
		BackupInstance (0ms)
		ReleaseScriptingObjects (0ms)
		CreateAndSetChildDomain (19ms)
	RebuildCommonClasses (17ms)
	RebuildNativeTypeToScriptingClass (5ms)
	initialDomainReloadingComplete (9ms)
	LoadAllAssembliesAndSetupDomain (68ms)
		LoadAssemblies (80ms)
		RebuildTransferFunctionScriptingTraits (0ms)
		AnalyzeDomain (7ms)
			TypeCache.Refresh (3ms)
				TypeCache.ScanAssembly (0ms)
			ScanForSourceGeneratedMonoScriptInfo (0ms)
			ResolveRequiredComponents (2ms)
	FinalizeReload (313ms)
		ReleaseScriptCaches (0ms)
		RebuildScriptCaches (0ms)
		SetupLoadedEditorAssemblies (187ms)
			LogAssemblyErrors (0ms)
			InitializePlatformSupportModulesInManaged (6ms)
			SetLoadedEditorAssemblies (2ms)
			RefreshPlugins (0ms)
			BeforeProcessingInitializeOnLoad (24ms)
			ProcessInitializeOnLoadAttributes (146ms)
			ProcessInitializeOnLoadMethodAttributes (8ms)
			AfterProcessingInitializeOnLoad (0ms)
			EditorAssembliesLoaded (0ms)
		ExecutionOrderSort2 (0ms)
		AwakeInstancesAfterBackupRestoration (1ms)
Refreshing native plugins compatible for Editor in 0.44 ms, found 2 plugins.
Preloading 0 native plugins for Editor in 0.00 ms.
Unloading 3097 Unused Serialized files (Serialized files now loaded: 0)
Unloading 13 unused Assets / (27.8 KB). Loaded Objects now: 3734.
Memory consumption went from 360.6 MB to 360.6 MB.
Total: 1.612375 ms (FindLiveObjects: 0.093166 ms CreateObjectMapping: 0.024709 ms MarkObjects: 1.474000 ms  DeleteObjects: 0.019916 ms)

Prepare: number of updated asset objects reloaded= 0
AssetImportParameters requested are different than current active one (requested -> active):
  custom:container-demuxer-ogg: 62fdf1f143b41e24485cea50d1cbac27 -> 
  custom:video-decoder-ogg-theora: a1e56fd34408186e4bbccfd4996cb3dc -> 
  custom:CustomObjectIndexerAttribute: 9a22284fe3817be447336de3de66b15e -> 
  custom:container-demuxer-webm: 4f35f7cbe854078d1ac9338744f61a02 -> 
  custom:container-muxer-webm: aa71ff27fc2769a1b78a27578f13a17b -> 
  custom:video-decoder-webm-vp8: 9c59270c3fd7afecdb556c50c9e8de78 -> 
  custom:SearchIndexIgnoredProperties: e643bd26f0fe6173181afceb89e7c659 -> 
  custom:AudioImporter_EditorPlatform: 3918e3fc78b5a79bad01e8451be0beb8 -> 
  custom:scripting/monoscript/fileName/Movment.cs: da45837ad5f5a57f6fce82c5870b0f43 -> 
  custom:framework-osx-AVFoundation: e770b220cccbd017edd2c1fefb359320 -> 
  custom:video-encoder-webm-vp8: eb34c28f22e8b96e1ab97ce403110664 -> 
  custom:audio-decoder-ogg-vorbis: bf7c407c2cedff20999df2af8eb42d56 -> 
  custom:scripting/monoscript/fileName/Movement.cs: 1bc12bc9370e727baa54e145392501fb -> 
  custom:scripting/monoscript/fileName/Player.cs: 007e2e63cbf915a2b71612a7f593548a -> 
  custom:audio-encoder-webm-vorbis: bf7c407c2cedff20999df2af8eb42d56 -> 
  custom:scripting/precompiled-assembly-types:Assembly-CSharp: 327dc48136bb79c012d88cff258a76d5 -> 
========================================================================
Received Prepare
Caller must complete domain reload
Begin MonoManager ReloadAssembly
Thread 0x307ee7000 may have been prematurely finalized
- Loaded All Assemblies, in  0.162 seconds
Native extension for Android target not found
Native extension for OSXStandalone target not found
Mono: successfully reloaded assembly
- Finished resetting the current domain, in  0.317 seconds
Domain Reload Profiling: 479ms
	BeginReloadAssembly (61ms)
		ExecutionOrderSort (0ms)
		DisableScriptedObjects (2ms)
		BackupInstance (0ms)
		ReleaseScriptingObjects (0ms)
		CreateAndSetChildDomain (20ms)
	RebuildCommonClasses (17ms)
	RebuildNativeTypeToScriptingClass (5ms)
	initialDomainReloadingComplete (9ms)
	LoadAllAssembliesAndSetupDomain (69ms)
		LoadAssemblies (82ms)
		RebuildTransferFunctionScriptingTraits (0ms)
		AnalyzeDomain (7ms)
			TypeCache.Refresh (3ms)
				TypeCache.ScanAssembly (0ms)
			ScanForSourceGeneratedMonoScriptInfo (0ms)
			ResolveRequiredComponents (2ms)
	FinalizeReload (317ms)
		ReleaseScriptCaches (0ms)
		RebuildScriptCaches (0ms)
		SetupLoadedEditorAssemblies (189ms)
			LogAssemblyErrors (0ms)
			InitializePlatformSupportModulesInManaged (6ms)
			SetLoadedEditorAssemblies (2ms)
			RefreshPlugins (0ms)
			BeforeProcessingInitializeOnLoad (25ms)
			ProcessInitializeOnLoadAttributes (147ms)
			ProcessInitializeOnLoadMethodAttributes (8ms)
			AfterProcessingInitializeOnLoad (0ms)
			EditorAssembliesLoaded (0ms)
		ExecutionOrderSort2 (0ms)
		AwakeInstancesAfterBackupRestoration (1ms)
Refreshing native plugins compatible for Editor in 0.38 ms, found 2 plugins.
Preloading 0 native plugins for Editor in 0.00 ms.
Unloading 3097 Unused Serialized files (Serialized files now loaded: 0)
Unloading 13 unused Assets / (27.8 KB). Loaded Objects now: 3737.
Memory consumption went from 366.4 MB to 366.4 MB.
Total: 1.639209 ms (FindLiveObjects: 0.103625 ms CreateObjectMapping: 0.024291 ms MarkObjects: 1.490209 ms  DeleteObjects: 0.020625 ms)

Prepare: number of updated asset objects reloaded= 0
AssetImportParameters requested are different than current active one (requested -> active):
  custom:container-demuxer-ogg: 62fdf1f143b41e24485cea50d1cbac27 -> 
  custom:video-decoder-ogg-theora: a1e56fd34408186e4bbccfd4996cb3dc -> 
  custom:CustomObjectIndexerAttribute: 9a22284fe3817be447336de3de66b15e -> 
  custom:container-demuxer-webm: 4f35f7cbe854078d1ac9338744f61a02 -> 
  custom:container-muxer-webm: aa71ff27fc2769a1b78a27578f13a17b -> 
  custom:video-decoder-webm-vp8: 9c59270c3fd7afecdb556c50c9e8de78 -> 
  custom:SearchIndexIgnoredProperties: e643bd26f0fe6173181afceb89e7c659 -> 
  custom:AudioImporter_EditorPlatform: 3918e3fc78b5a79bad01e8451be0beb8 -> 
  custom:scripting/monoscript/fileName/Movment.cs: da45837ad5f5a57f6fce82c5870b0f43 -> 
  custom:framework-osx-AVFoundation: e770b220cccbd017edd2c1fefb359320 -> 
  custom:video-encoder-webm-vp8: eb34c28f22e8b96e1ab97ce403110664 -> 
  custom:audio-decoder-ogg-vorbis: bf7c407c2cedff20999df2af8eb42d56 -> 
  custom:scripting/monoscript/fileName/Movement.cs: 1bc12bc9370e727baa54e145392501fb -> 
  custom:scripting/monoscript/fileName/Player.cs: 007e2e63cbf915a2b71612a7f593548a -> 
  custom:audio-encoder-webm-vorbis: bf7c407c2cedff20999df2af8eb42d56 -> 
  custom:scripting/precompiled-assembly-types:Assembly-CSharp: 327dc48136bb79c012d88cff258a76d5 -> 
========================================================================
Received Prepare
Caller must complete domain reload
Begin MonoManager ReloadAssembly
Thread 0x307ee7000 may have been prematurely finalized
- Loaded All Assemblies, in  0.158 seconds
Native extension for Android target not found
Native extension for OSXStandalone target not found
Mono: successfully reloaded assembly
- Finished resetting the current domain, in  0.328 seconds
Domain Reload Profiling: 486ms
	BeginReloadAssembly (60ms)
		ExecutionOrderSort (0ms)
		DisableScriptedObjects (2ms)
		BackupInstance (0ms)
		ReleaseScriptingObjects (0ms)
		CreateAndSetChildDomain (20ms)
	RebuildCommonClasses (17ms)
	RebuildNativeTypeToScriptingClass (5ms)
	initialDomainReloadingComplete (9ms)
	LoadAllAssembliesAndSetupDomain (67ms)
		LoadAssemblies (79ms)
		RebuildTransferFunctionScriptingTraits (0ms)
		AnalyzeDomain (7ms)
			TypeCache.Refresh (3ms)
				TypeCache.ScanAssembly (0ms)
			ScanForSourceGeneratedMonoScriptInfo (0ms)
			ResolveRequiredComponents (2ms)
	FinalizeReload (328ms)
		ReleaseScriptCaches (0ms)
		RebuildScriptCaches (0ms)
		SetupLoadedEditorAssemblies (187ms)
			LogAssemblyErrors (0ms)
			InitializePlatformSupportModulesInManaged (7ms)
			SetLoadedEditorAssemblies (2ms)
			RefreshPlugins (0ms)
			BeforeProcessingInitializeOnLoad (25ms)
			ProcessInitializeOnLoadAttributes (145ms)
			ProcessInitializeOnLoadMethodAttributes (8ms)
			AfterProcessingInitializeOnLoad (0ms)
			EditorAssembliesLoaded (0ms)
		ExecutionOrderSort2 (0ms)
		AwakeInstancesAfterBackupRestoration (2ms)
Refreshing native plugins compatible for Editor in 0.48 ms, found 2 plugins.
Preloading 0 native plugins for Editor in 0.00 ms.
Unloading 3097 Unused Serialized files (Serialized files now loaded: 0)
Unloading 13 unused Assets / (27.7 KB). Loaded Objects now: 3740.
Memory consumption went from 372.2 MB to 372.2 MB.
Total: 1.770917 ms (FindLiveObjects: 0.075459 ms CreateObjectMapping: 0.023959 ms MarkObjects: 1.647125 ms  DeleteObjects: 0.023875 ms)

Prepare: number of updated asset objects reloaded= 0
AssetImportParameters requested are different than current active one (requested -> active):
  custom:container-demuxer-ogg: 62fdf1f143b41e24485cea50d1cbac27 -> 
  custom:video-decoder-ogg-theora: a1e56fd34408186e4bbccfd4996cb3dc -> 
  custom:CustomObjectIndexerAttribute: 9a22284fe3817be447336de3de66b15e -> 
  custom:container-demuxer-webm: 4f35f7cbe854078d1ac9338744f61a02 -> 
  custom:container-muxer-webm: aa71ff27fc2769a1b78a27578f13a17b -> 
  custom:video-decoder-webm-vp8: 9c59270c3fd7afecdb556c50c9e8de78 -> 
  custom:SearchIndexIgnoredProperties: e643bd26f0fe6173181afceb89e7c659 -> 
  custom:AudioImporter_EditorPlatform: 3918e3fc78b5a79bad01e8451be0beb8 -> 
  custom:scripting/monoscript/fileName/Movment.cs: da45837ad5f5a57f6fce82c5870b0f43 -> 
  custom:framework-osx-AVFoundation: e770b220cccbd017edd2c1fefb359320 -> 
  custom:video-encoder-webm-vp8: eb34c28f22e8b96e1ab97ce403110664 -> 
  custom:audio-decoder-ogg-vorbis: bf7c407c2cedff20999df2af8eb42d56 -> 
  custom:scripting/monoscript/fileName/Movement.cs: 1bc12bc9370e727baa54e145392501fb -> 
  custom:scripting/monoscript/fileName/Player.cs: 007e2e63cbf915a2b71612a7f593548a -> 
  custom:audio-encoder-webm-vorbis: bf7c407c2cedff20999df2af8eb42d56 -> 
  custom:scripting/precompiled-assembly-types:Assembly-CSharp: 327dc48136bb79c012d88cff258a76d5 -> 
========================================================================
Received Import Request.
  Time since last request: 908.065746 seconds.
  path: Assets/Scripts
  artifactKey: Guid(37ac18818b2a54361b3a1debd478481a) Importer(815301076,1909f56bfc062723c751e8b465ee728b)
Start importing Assets/Scripts using Guid(37ac18818b2a54361b3a1debd478481a) Importer(815301076,1909f56bfc062723c751e8b465ee728b) [PhysX] Initialized MultithreadedTaskDispatcher with 12 workers.
 -> (artifact id: '211ea832517dc833a9f20ee83b4186a3') in 0.000978 seconds
Number of updated asset objects reloaded before import = 0
Number of asset objects unloaded after import = 0
========================================================================
Received Import Request.
  Time since last request: 8.922841 seconds.
  path: Assets/Scripts/ClearCounter.cs
  artifactKey: Guid(0236002c8e2184da09c0e8bf30e728cb) Importer(815301076,1909f56bfc062723c751e8b465ee728b)
Start importing Assets/Scripts/ClearCounter.cs using Guid(0236002c8e2184da09c0e8bf30e728cb) Importer(815301076,1909f56bfc062723c751e8b465ee728b) [PhysX] Initialized MultithreadedTaskDispatcher with 12 workers.
 -> (artifact id: '632c95ce5b703965897cc644fbf529eb') in 0.000310 seconds
Number of updated asset objects reloaded before import = 0
Number of asset objects unloaded after import = 0
========================================================================
Received Prepare
Caller must complete domain reload
Begin MonoManager ReloadAssembly
Thread 0x307ee7000 may have been prematurely finalized
- Loaded All Assemblies, in  0.170 seconds
Native extension for Android target not found
Native extension for OSXStandalone target not found
Mono: successfully reloaded assembly
- Finished resetting the current domain, in  0.319 seconds
Domain Reload Profiling: 489ms
	BeginReloadAssembly (59ms)
		ExecutionOrderSort (0ms)
		DisableScriptedObjects (2ms)
		BackupInstance (0ms)
		ReleaseScriptingObjects (0ms)
		CreateAndSetChildDomain (20ms)
	RebuildCommonClasses (17ms)
	RebuildNativeTypeToScriptingClass (6ms)
	initialDomainReloadingComplete (9ms)
	LoadAllAssembliesAndSetupDomain (79ms)
		LoadAssemblies (87ms)
		RebuildTransferFunctionScriptingTraits (0ms)
		AnalyzeDomain (11ms)
			TypeCache.Refresh (5ms)
				TypeCache.ScanAssembly (0ms)
			ScanForSourceGeneratedMonoScriptInfo (3ms)
			ResolveRequiredComponents (2ms)
	FinalizeReload (319ms)
		ReleaseScriptCaches (0ms)
		RebuildScriptCaches (0ms)
		SetupLoadedEditorAssemblies (177ms)
			LogAssemblyErrors (0ms)
			InitializePlatformSupportModulesInManaged (6ms)
			SetLoadedEditorAssemblies (2ms)
			RefreshPlugins (0ms)
			BeforeProcessingInitializeOnLoad (24ms)
			ProcessInitializeOnLoadAttributes (138ms)
			ProcessInitializeOnLoadMethodAttributes (7ms)
			AfterProcessingInitializeOnLoad (0ms)
			EditorAssembliesLoaded (0ms)
		ExecutionOrderSort2 (0ms)
		AwakeInstancesAfterBackupRestoration (1ms)
Refreshing native plugins compatible for Editor in 0.46 ms, found 2 plugins.
Preloading 0 native plugins for Editor in 0.00 ms.
Unloading 3098 Unused Serialized files (Serialized files now loaded: 0)
Unloading 13 unused Assets / (27.7 KB). Loaded Objects now: 3744.
Memory consumption went from 378.1 MB to 378.1 MB.
Total: 1.567834 ms (FindLiveObjects: 0.107000 ms CreateObjectMapping: 0.026333 ms MarkObjects: 1.412750 ms  DeleteObjects: 0.021334 ms)

Prepare: number of updated asset objects reloaded= 0
AssetImportParameters requested are different than current active one (requested -> active):
  custom:container-demuxer-ogg: 62fdf1f143b41e24485cea50d1cbac27 -> 
  custom:video-decoder-ogg-theora: a1e56fd34408186e4bbccfd4996cb3dc -> 
  custom:CustomObjectIndexerAttribute: 9a22284fe3817be447336de3de66b15e -> 
  custom:container-demuxer-webm: 4f35f7cbe854078d1ac9338744f61a02 -> 
  custom:container-muxer-webm: aa71ff27fc2769a1b78a27578f13a17b -> 
  custom:scripting/monoscript/fileName/ClearCounter.cs: 733019e1f683a3c33c1b0f446554f075 -> 
  custom:video-decoder-webm-vp8: 9c59270c3fd7afecdb556c50c9e8de78 -> 
  custom:SearchIndexIgnoredProperties: e643bd26f0fe6173181afceb89e7c659 -> 
  custom:AudioImporter_EditorPlatform: 3918e3fc78b5a79bad01e8451be0beb8 -> 
  custom:scripting/monoscript/fileName/Movment.cs: da45837ad5f5a57f6fce82c5870b0f43 -> 
  custom:framework-osx-AVFoundation: e770b220cccbd017edd2c1fefb359320 -> 
  custom:video-encoder-webm-vp8: eb34c28f22e8b96e1ab97ce403110664 -> 
  custom:audio-decoder-ogg-vorbis: bf7c407c2cedff20999df2af8eb42d56 -> 
  custom:scripting/monoscript/fileName/Movement.cs: 1bc12bc9370e727baa54e145392501fb -> 
  custom:scripting/monoscript/fileName/Player.cs: 007e2e63cbf915a2b71612a7f593548a -> 
  custom:audio-encoder-webm-vorbis: bf7c407c2cedff20999df2af8eb42d56 -> 
  custom:scripting/precompiled-assembly-types:Assembly-CSharp: 6b5ab6d2ca0396fbf9e27305abf9e729 -> 
========================================================================
Received Import Request.
  Time since last request: 2.368525 seconds.
  path: Assets/Scripts/ClearCounter.cs
  artifactKey: Guid(0236002c8e2184da09c0e8bf30e728cb) Importer(815301076,1909f56bfc062723c751e8b465ee728b)
Start importing Assets/Scripts/ClearCounter.cs using Guid(0236002c8e2184da09c0e8bf30e728cb) Importer(815301076,1909f56bfc062723c751e8b465ee728b) [PhysX] Initialized MultithreadedTaskDispatcher with 12 workers.
 -> (artifact id: 'f68d89288d7e289f067f1713afea4470') in 0.000723 seconds
Number of updated asset objects reloaded before import = 0
Number of asset objects unloaded after import = 0
========================================================================
Received Prepare
Caller must complete domain reload
Begin MonoManager ReloadAssembly
Thread 0x307ee7000 may have been prematurely finalized
- Loaded All Assemblies, in  0.166 seconds
Native extension for Android target not found
Native extension for OSXStandalone target not found
Mono: successfully reloaded assembly
- Finished resetting the current domain, in  0.507 seconds
Domain Reload Profiling: 674ms
	BeginReloadAssembly (58ms)
		ExecutionOrderSort (0ms)
		DisableScriptedObjects (2ms)
		BackupInstance (0ms)
		ReleaseScriptingObjects (0ms)
		CreateAndSetChildDomain (18ms)
	RebuildCommonClasses (17ms)
	RebuildNativeTypeToScriptingClass (5ms)
	initialDomainReloadingComplete (9ms)
	LoadAllAssembliesAndSetupDomain (77ms)
		LoadAssemblies (85ms)
		RebuildTransferFunctionScriptingTraits (0ms)
		AnalyzeDomain (12ms)
			TypeCache.Refresh (5ms)
				TypeCache.ScanAssembly (0ms)
			ScanForSourceGeneratedMonoScriptInfo (3ms)
			ResolveRequiredComponents (2ms)
	FinalizeReload (507ms)
		ReleaseScriptCaches (0ms)
		RebuildScriptCaches (0ms)
		SetupLoadedEditorAssemblies (177ms)
			LogAssemblyErrors (0ms)
			InitializePlatformSupportModulesInManaged (6ms)
			SetLoadedEditorAssemblies (2ms)
			RefreshPlugins (0ms)
			BeforeProcessingInitializeOnLoad (23ms)
			ProcessInitializeOnLoadAttributes (138ms)
			ProcessInitializeOnLoadMethodAttributes (7ms)
			AfterProcessingInitializeOnLoad (0ms)
			EditorAssembliesLoaded (0ms)
		ExecutionOrderSort2 (0ms)
		AwakeInstancesAfterBackupRestoration (1ms)
Refreshing native plugins compatible for Editor in 0.59 ms, found 2 plugins.
Preloading 0 native plugins for Editor in 0.00 ms.
Unloading 3098 Unused Serialized files (Serialized files now loaded: 0)
Unloading 13 unused Assets / (27.8 KB). Loaded Objects now: 3747.
Memory consumption went from 384.0 MB to 384.0 MB.
Total: 1.545542 ms (FindLiveObjects: 0.106209 ms CreateObjectMapping: 0.032125 ms MarkObjects: 1.389416 ms  DeleteObjects: 0.017459 ms)

Prepare: number of updated asset objects reloaded= 0
AssetImportParameters requested are different than current active one (requested -> active):
  custom:container-demuxer-ogg: 62fdf1f143b41e24485cea50d1cbac27 -> 
  custom:video-decoder-ogg-theora: a1e56fd34408186e4bbccfd4996cb3dc -> 
  custom:CustomObjectIndexerAttribute: 9a22284fe3817be447336de3de66b15e -> 
  custom:container-demuxer-webm: 4f35f7cbe854078d1ac9338744f61a02 -> 
  custom:container-muxer-webm: aa71ff27fc2769a1b78a27578f13a17b -> 
  custom:scripting/monoscript/fileName/ClearCounter.cs: 733019e1f683a3c33c1b0f446554f075 -> 
  custom:video-decoder-webm-vp8: 9c59270c3fd7afecdb556c50c9e8de78 -> 
  custom:SearchIndexIgnoredProperties: e643bd26f0fe6173181afceb89e7c659 -> 
  custom:AudioImporter_EditorPlatform: 3918e3fc78b5a79bad01e8451be0beb8 -> 
  custom:scripting/monoscript/fileName/Movment.cs: da45837ad5f5a57f6fce82c5870b0f43 -> 
  custom:framework-osx-AVFoundation: e770b220cccbd017edd2c1fefb359320 -> 
  custom:video-encoder-webm-vp8: eb34c28f22e8b96e1ab97ce403110664 -> 
  custom:audio-decoder-ogg-vorbis: bf7c407c2cedff20999df2af8eb42d56 -> 
  custom:scripting/monoscript/fileName/Movement.cs: 1bc12bc9370e727baa54e145392501fb -> 
  custom:scripting/monoscript/fileName/Player.cs: 007e2e63cbf915a2b71612a7f593548a -> 
  custom:audio-encoder-webm-vorbis: bf7c407c2cedff20999df2af8eb42d56 -> 
  custom:scripting/precompiled-assembly-types:Assembly-CSharp: 6b5ab6d2ca0396fbf9e27305abf9e729 -> 
========================================================================
Received Import Request.
  Time since last request: 464.141537 seconds.
  path: Assets/Scripts/ClearCounter.cs
  artifactKey: Guid(0236002c8e2184da09c0e8bf30e728cb) Importer(815301076,1909f56bfc062723c751e8b465ee728b)
Start importing Assets/Scripts/ClearCounter.cs using Guid(0236002c8e2184da09c0e8bf30e728cb) Importer(815301076,1909f56bfc062723c751e8b465ee728b) [PhysX] Initialized MultithreadedTaskDispatcher with 12 workers.
 -> (artifact id: '411f32878ae427b490ab629bca1f0e64') in 0.000772 seconds
Number of updated asset objects reloaded before import = 0
Number of asset objects unloaded after import = 0
========================================================================
Received Prepare
Caller must complete domain reload
Begin MonoManager ReloadAssembly
Thread 0x307ee7000 may have been prematurely finalized
- Loaded All Assemblies, in  0.162 seconds
Native extension for Android target not found
Native extension for OSXStandalone target not found
Mono: successfully reloaded assembly
- Finished resetting the current domain, in  0.311 seconds
Domain Reload Profiling: 473ms
	BeginReloadAssembly (60ms)
		ExecutionOrderSort (0ms)
		DisableScriptedObjects (2ms)
		BackupInstance (0ms)
		ReleaseScriptingObjects (0ms)
		CreateAndSetChildDomain (20ms)
	RebuildCommonClasses (17ms)
	RebuildNativeTypeToScriptingClass (6ms)
	initialDomainReloadingComplete (9ms)
	LoadAllAssembliesAndSetupDomain (69ms)
		LoadAssemblies (82ms)
		RebuildTransferFunctionScriptingTraits (0ms)
		AnalyzeDomain (7ms)
			TypeCache.Refresh (4ms)
				TypeCache.ScanAssembly (0ms)
			ScanForSourceGeneratedMonoScriptInfo (0ms)
			ResolveRequiredComponents (3ms)
	FinalizeReload (311ms)
		ReleaseScriptCaches (0ms)
		RebuildScriptCaches (0ms)
		SetupLoadedEditorAssemblies (185ms)
			LogAssemblyErrors (0ms)
			InitializePlatformSupportModulesInManaged (6ms)
			SetLoadedEditorAssemblies (2ms)
			RefreshPlugins (0ms)
			BeforeProcessingInitializeOnLoad (24ms)
			ProcessInitializeOnLoadAttributes (144ms)
			ProcessInitializeOnLoadMethodAttributes (8ms)
			AfterProcessingInitializeOnLoad (0ms)
			EditorAssembliesLoaded (0ms)
		ExecutionOrderSort2 (0ms)
		AwakeInstancesAfterBackupRestoration (2ms)
Refreshing native plugins compatible for Editor in 0.48 ms, found 2 plugins.
Preloading 0 native plugins for Editor in 0.00 ms.
Unloading 3098 Unused Serialized files (Serialized files now loaded: 0)
Unloading 13 unused Assets / (27.8 KB). Loaded Objects now: 3750.
Memory consumption went from 389.9 MB to 389.8 MB.
Total: 1.543625 ms (FindLiveObjects: 0.076708 ms CreateObjectMapping: 0.025583 ms MarkObjects: 1.421250 ms  DeleteObjects: 0.019667 ms)

Prepare: number of updated asset objects reloaded= 0
AssetImportParameters requested are different than current active one (requested -> active):
  custom:container-demuxer-ogg: 62fdf1f143b41e24485cea50d1cbac27 -> 
  custom:video-decoder-ogg-theora: a1e56fd34408186e4bbccfd4996cb3dc -> 
  custom:CustomObjectIndexerAttribute: 9a22284fe3817be447336de3de66b15e -> 
  custom:container-demuxer-webm: 4f35f7cbe854078d1ac9338744f61a02 -> 
  custom:container-muxer-webm: aa71ff27fc2769a1b78a27578f13a17b -> 
  custom:scripting/monoscript/fileName/ClearCounter.cs: 733019e1f683a3c33c1b0f446554f075 -> 
  custom:video-decoder-webm-vp8: 9c59270c3fd7afecdb556c50c9e8de78 -> 
  custom:SearchIndexIgnoredProperties: e643bd26f0fe6173181afceb89e7c659 -> 
  custom:AudioImporter_EditorPlatform: 3918e3fc78b5a79bad01e8451be0beb8 -> 
  custom:scripting/monoscript/fileName/Movment.cs: da45837ad5f5a57f6fce82c5870b0f43 -> 
  custom:framework-osx-AVFoundation: e770b220cccbd017edd2c1fefb359320 -> 
  custom:video-encoder-webm-vp8: eb34c28f22e8b96e1ab97ce403110664 -> 
  custom:audio-decoder-ogg-vorbis: bf7c407c2cedff20999df2af8eb42d56 -> 
  custom:scripting/monoscript/fileName/Movement.cs: 1bc12bc9370e727baa54e145392501fb -> 
  custom:scripting/monoscript/fileName/Player.cs: 007e2e63cbf915a2b71612a7f593548a -> 
  custom:audio-encoder-webm-vorbis: bf7c407c2cedff20999df2af8eb42d56 -> 
  custom:scripting/precompiled-assembly-types:Assembly-CSharp: 6b5ab6d2ca0396fbf9e27305abf9e729 -> 
========================================================================
Received Prepare
Caller must complete domain reload
Begin MonoManager ReloadAssembly
Thread 0x307ee7000 may have been prematurely finalized
- Loaded All Assemblies, in  0.160 seconds
Native extension for Android target not found
Native extension for OSXStandalone target not found
Mono: successfully reloaded assembly
- Finished resetting the current domain, in  0.328 seconds
Domain Reload Profiling: 488ms
	BeginReloadAssembly (61ms)
		ExecutionOrderSort (0ms)
		DisableScriptedObjects (2ms)
		BackupInstance (0ms)
		ReleaseScriptingObjects (0ms)
		CreateAndSetChildDomain (20ms)
	RebuildCommonClasses (17ms)
	RebuildNativeTypeToScriptingClass (5ms)
	initialDomainReloadingComplete (10ms)
	LoadAllAssembliesAndSetupDomain (67ms)
		LoadAssemblies (80ms)
		RebuildTransferFunctionScriptingTraits (0ms)
		AnalyzeDomain (7ms)
			TypeCache.Refresh (3ms)
				TypeCache.ScanAssembly (0ms)
			ScanForSourceGeneratedMonoScriptInfo (0ms)
			ResolveRequiredComponents (3ms)
	FinalizeReload (328ms)
		ReleaseScriptCaches (0ms)
		RebuildScriptCaches (0ms)
		SetupLoadedEditorAssemblies (190ms)
			LogAssemblyErrors (0ms)
			InitializePlatformSupportModulesInManaged (6ms)
			SetLoadedEditorAssemblies (2ms)
			RefreshPlugins (0ms)
			BeforeProcessingInitializeOnLoad (25ms)
			ProcessInitializeOnLoadAttributes (147ms)
			ProcessInitializeOnLoadMethodAttributes (9ms)
			AfterProcessingInitializeOnLoad (0ms)
			EditorAssembliesLoaded (0ms)
		ExecutionOrderSort2 (0ms)
		AwakeInstancesAfterBackupRestoration (2ms)
Refreshing native plugins compatible for Editor in 0.54 ms, found 2 plugins.
Preloading 0 native plugins for Editor in 0.00 ms.
Unloading 3098 Unused Serialized files (Serialized files now loaded: 0)
Unloading 13 unused Assets / (27.7 KB). Loaded Objects now: 3753.
Memory consumption went from 395.7 MB to 395.6 MB.
Total: 1.710542 ms (FindLiveObjects: 0.099292 ms CreateObjectMapping: 0.026708 ms MarkObjects: 1.562708 ms  DeleteObjects: 0.021542 ms)

Prepare: number of updated asset objects reloaded= 0
AssetImportParameters requested are different than current active one (requested -> active):
  custom:container-demuxer-ogg: 62fdf1f143b41e24485cea50d1cbac27 -> 
  custom:video-decoder-ogg-theora: a1e56fd34408186e4bbccfd4996cb3dc -> 
  custom:CustomObjectIndexerAttribute: 9a22284fe3817be447336de3de66b15e -> 
  custom:container-demuxer-webm: 4f35f7cbe854078d1ac9338744f61a02 -> 
  custom:container-muxer-webm: aa71ff27fc2769a1b78a27578f13a17b -> 
  custom:scripting/monoscript/fileName/ClearCounter.cs: 733019e1f683a3c33c1b0f446554f075 -> 
  custom:video-decoder-webm-vp8: 9c59270c3fd7afecdb556c50c9e8de78 -> 
  custom:SearchIndexIgnoredProperties: e643bd26f0fe6173181afceb89e7c659 -> 
  custom:AudioImporter_EditorPlatform: 3918e3fc78b5a79bad01e8451be0beb8 -> 
  custom:scripting/monoscript/fileName/Movment.cs: da45837ad5f5a57f6fce82c5870b0f43 -> 
  custom:framework-osx-AVFoundation: e770b220cccbd017edd2c1fefb359320 -> 
  custom:video-encoder-webm-vp8: eb34c28f22e8b96e1ab97ce403110664 -> 
  custom:audio-decoder-ogg-vorbis: bf7c407c2cedff20999df2af8eb42d56 -> 
  custom:scripting/monoscript/fileName/Movement.cs: 1bc12bc9370e727baa54e145392501fb -> 
  custom:scripting/monoscript/fileName/Player.cs: 007e2e63cbf915a2b71612a7f593548a -> 
  custom:audio-encoder-webm-vorbis: bf7c407c2cedff20999df2af8eb42d56 -> 
  custom:scripting/precompiled-assembly-types:Assembly-CSharp: 6b5ab6d2ca0396fbf9e27305abf9e729 -> 
========================================================================
Received Prepare
Caller must complete domain reload
Begin MonoManager ReloadAssembly
Thread 0x307ee7000 may have been prematurely finalized
- Loaded All Assemblies, in  0.159 seconds
Native extension for Android target not found
Native extension for OSXStandalone target not found
Mono: successfully reloaded assembly
- Finished resetting the current domain, in  0.333 seconds
Domain Reload Profiling: 493ms
	BeginReloadAssembly (60ms)
		ExecutionOrderSort (0ms)
		DisableScriptedObjects (2ms)
		BackupInstance (0ms)
		ReleaseScriptingObjects (0ms)
		CreateAndSetChildDomain (20ms)
	RebuildCommonClasses (17ms)
	RebuildNativeTypeToScriptingClass (5ms)
	initialDomainReloadingComplete (9ms)
	LoadAllAssembliesAndSetupDomain (68ms)
		LoadAssemblies (80ms)
		RebuildTransferFunctionScriptingTraits (0ms)
		AnalyzeDomain (8ms)
			TypeCache.Refresh (4ms)
				TypeCache.ScanAssembly (0ms)
			ScanForSourceGeneratedMonoScriptInfo (0ms)
			ResolveRequiredComponents (3ms)
	FinalizeReload (333ms)
		ReleaseScriptCaches (0ms)
		RebuildScriptCaches (0ms)
		SetupLoadedEditorAssemblies (193ms)
			LogAssemblyErrors (0ms)
			InitializePlatformSupportModulesInManaged (7ms)
			SetLoadedEditorAssemblies (2ms)
			RefreshPlugins (0ms)
			BeforeProcessingInitializeOnLoad (25ms)
			ProcessInitializeOnLoadAttributes (151ms)
			ProcessInitializeOnLoadMethodAttributes (8ms)
			AfterProcessingInitializeOnLoad (0ms)
			EditorAssembliesLoaded (0ms)
		ExecutionOrderSort2 (0ms)
		AwakeInstancesAfterBackupRestoration (2ms)
Refreshing native plugins compatible for Editor in 0.49 ms, found 2 plugins.
Preloading 0 native plugins for Editor in 0.00 ms.
Unloading 3098 Unused Serialized files (Serialized files now loaded: 0)
Unloading 13 unused Assets / (27.7 KB). Loaded Objects now: 3756.
Memory consumption went from 401.4 MB to 401.4 MB.
Total: 1.790083 ms (FindLiveObjects: 0.107292 ms CreateObjectMapping: 0.027875 ms MarkObjects: 1.633250 ms  DeleteObjects: 0.021291 ms)

Prepare: number of updated asset objects reloaded= 0
AssetImportParameters requested are different than current active one (requested -> active):
  custom:container-demuxer-ogg: 62fdf1f143b41e24485cea50d1cbac27 -> 
  custom:video-decoder-ogg-theora: a1e56fd34408186e4bbccfd4996cb3dc -> 
  custom:CustomObjectIndexerAttribute: 9a22284fe3817be447336de3de66b15e -> 
  custom:container-demuxer-webm: 4f35f7cbe854078d1ac9338744f61a02 -> 
  custom:container-muxer-webm: aa71ff27fc2769a1b78a27578f13a17b -> 
  custom:scripting/monoscript/fileName/ClearCounter.cs: 733019e1f683a3c33c1b0f446554f075 -> 
  custom:video-decoder-webm-vp8: 9c59270c3fd7afecdb556c50c9e8de78 -> 
  custom:SearchIndexIgnoredProperties: e643bd26f0fe6173181afceb89e7c659 -> 
  custom:AudioImporter_EditorPlatform: 3918e3fc78b5a79bad01e8451be0beb8 -> 
  custom:scripting/monoscript/fileName/Movment.cs: da45837ad5f5a57f6fce82c5870b0f43 -> 
  custom:framework-osx-AVFoundation: e770b220cccbd017edd2c1fefb359320 -> 
  custom:video-encoder-webm-vp8: eb34c28f22e8b96e1ab97ce403110664 -> 
  custom:audio-decoder-ogg-vorbis: bf7c407c2cedff20999df2af8eb42d56 -> 
  custom:scripting/monoscript/fileName/Movement.cs: 1bc12bc9370e727baa54e145392501fb -> 
  custom:scripting/monoscript/fileName/Player.cs: 007e2e63cbf915a2b71612a7f593548a -> 
  custom:audio-encoder-webm-vorbis: bf7c407c2cedff20999df2af8eb42d56 -> 
  custom:scripting/precompiled-assembly-types:Assembly-CSharp: 6b5ab6d2ca0396fbf9e27305abf9e729 -> 
========================================================================
Received Prepare
Caller must complete domain reload
Begin MonoManager ReloadAssembly
Thread 0x307ee7000 may have been prematurely finalized
- Loaded All Assemblies, in  0.176 seconds
Native extension for Android target not found
Native extension for OSXStandalone target not found
Mono: successfully reloaded assembly
- Finished resetting the current domain, in  0.509 seconds
Domain Reload Profiling: 685ms
	BeginReloadAssembly (59ms)
		ExecutionOrderSort (0ms)
		DisableScriptedObjects (2ms)
		BackupInstance (0ms)
		ReleaseScriptingObjects (0ms)
		CreateAndSetChildDomain (19ms)
	RebuildCommonClasses (17ms)
	RebuildNativeTypeToScriptingClass (6ms)
	initialDomainReloadingComplete (9ms)
	LoadAllAssembliesAndSetupDomain (85ms)
		LoadAssemblies (98ms)
		RebuildTransferFunctionScriptingTraits (0ms)
		AnalyzeDomain (7ms)
			TypeCache.Refresh (3ms)
				TypeCache.ScanAssembly (0ms)
			ScanForSourceGeneratedMonoScriptInfo (0ms)
			ResolveRequiredComponents (3ms)
	FinalizeReload (509ms)
		ReleaseScriptCaches (0ms)
		RebuildScriptCaches (0ms)
		SetupLoadedEditorAssemblies (175ms)
			LogAssemblyErrors (0ms)
			InitializePlatformSupportModulesInManaged (6ms)
			SetLoadedEditorAssemblies (2ms)
			RefreshPlugins (0ms)
			BeforeProcessingInitializeOnLoad (22ms)
			ProcessInitializeOnLoadAttributes (136ms)
			ProcessInitializeOnLoadMethodAttributes (8ms)
			AfterProcessingInitializeOnLoad (0ms)
			EditorAssembliesLoaded (0ms)
		ExecutionOrderSort2 (0ms)
		AwakeInstancesAfterBackupRestoration (1ms)
Refreshing native plugins compatible for Editor in 0.47 ms, found 2 plugins.
Preloading 0 native plugins for Editor in 0.00 ms.
Unloading 3098 Unused Serialized files (Serialized files now loaded: 0)
Unloading 13 unused Assets / (27.7 KB). Loaded Objects now: 3759.
Memory consumption went from 407.2 MB to 407.2 MB.
Total: 1.692500 ms (FindLiveObjects: 0.093458 ms CreateObjectMapping: 0.027416 ms MarkObjects: 1.549833 ms  DeleteObjects: 0.021250 ms)

Prepare: number of updated asset objects reloaded= 0
AssetImportParameters requested are different than current active one (requested -> active):
  custom:container-demuxer-ogg: 62fdf1f143b41e24485cea50d1cbac27 -> 
  custom:video-decoder-ogg-theora: a1e56fd34408186e4bbccfd4996cb3dc -> 
  custom:CustomObjectIndexerAttribute: 9a22284fe3817be447336de3de66b15e -> 
  custom:container-demuxer-webm: 4f35f7cbe854078d1ac9338744f61a02 -> 
  custom:container-muxer-webm: aa71ff27fc2769a1b78a27578f13a17b -> 
  custom:scripting/monoscript/fileName/ClearCounter.cs: 733019e1f683a3c33c1b0f446554f075 -> 
  custom:video-decoder-webm-vp8: 9c59270c3fd7afecdb556c50c9e8de78 -> 
  custom:SearchIndexIgnoredProperties: e643bd26f0fe6173181afceb89e7c659 -> 
  custom:AudioImporter_EditorPlatform: 3918e3fc78b5a79bad01e8451be0beb8 -> 
  custom:scripting/monoscript/fileName/Movment.cs: da45837ad5f5a57f6fce82c5870b0f43 -> 
  custom:framework-osx-AVFoundation: e770b220cccbd017edd2c1fefb359320 -> 
  custom:video-encoder-webm-vp8: eb34c28f22e8b96e1ab97ce403110664 -> 
  custom:audio-decoder-ogg-vorbis: bf7c407c2cedff20999df2af8eb42d56 -> 
  custom:scripting/monoscript/fileName/Movement.cs: 1bc12bc9370e727baa54e145392501fb -> 
  custom:scripting/monoscript/fileName/Player.cs: 007e2e63cbf915a2b71612a7f593548a -> 
  custom:audio-encoder-webm-vorbis: bf7c407c2cedff20999df2af8eb42d56 -> 
  custom:scripting/precompiled-assembly-types:Assembly-CSharp: 6b5ab6d2ca0396fbf9e27305abf9e729 -> 
========================================================================
Received Import Request.
  Time since last request: 687.969815 seconds.
  path: Assets/Scenes
  artifactKey: Guid(9da4098109cda43feac9b01cb9b55fcb) Importer(815301076,1909f56bfc062723c751e8b465ee728b)
Start importing Assets/Scenes using Guid(9da4098109cda43feac9b01cb9b55fcb) Importer(815301076,1909f56bfc062723c751e8b465ee728b) [PhysX] Initialized MultithreadedTaskDispatcher with 12 workers.
 -> (artifact id: '4bee521f74a8f075d725a69062619c15') in 0.001893 seconds
Number of updated asset objects reloaded before import = 0
Number of asset objects unloaded after import = 0
========================================================================
Received Prepare
Caller must complete domain reload
Begin MonoManager ReloadAssembly
Thread 0x307ee7000 may have been prematurely finalized
- Loaded All Assemblies, in  0.164 seconds
Native extension for Android target not found
Native extension for OSXStandalone target not found
Mono: successfully reloaded assembly
- Finished resetting the current domain, in  0.317 seconds
Domain Reload Profiling: 481ms
	BeginReloadAssembly (64ms)
		ExecutionOrderSort (0ms)
		DisableScriptedObjects (2ms)
		BackupInstance (0ms)
		ReleaseScriptingObjects (0ms)
		CreateAndSetChildDomain (20ms)
	RebuildCommonClasses (17ms)
	RebuildNativeTypeToScriptingClass (5ms)
	initialDomainReloadingComplete (9ms)
	LoadAllAssembliesAndSetupDomain (68ms)
		LoadAssemblies (85ms)
		RebuildTransferFunctionScriptingTraits (0ms)
		AnalyzeDomain (7ms)
			TypeCache.Refresh (3ms)
				TypeCache.ScanAssembly (0ms)
			ScanForSourceGeneratedMonoScriptInfo (0ms)
			ResolveRequiredComponents (3ms)
	FinalizeReload (318ms)
		ReleaseScriptCaches (0ms)
		RebuildScriptCaches (0ms)
		SetupLoadedEditorAssemblies (185ms)
			LogAssemblyErrors (0ms)
			InitializePlatformSupportModulesInManaged (7ms)
			SetLoadedEditorAssemblies (2ms)
			RefreshPlugins (0ms)
			BeforeProcessingInitializeOnLoad (25ms)
			ProcessInitializeOnLoadAttributes (143ms)
			ProcessInitializeOnLoadMethodAttributes (8ms)
			AfterProcessingInitializeOnLoad (0ms)
			EditorAssembliesLoaded (0ms)
		ExecutionOrderSort2 (0ms)
		AwakeInstancesAfterBackupRestoration (1ms)
Refreshing native plugins compatible for Editor in 0.48 ms, found 2 plugins.
Preloading 0 native plugins for Editor in 0.00 ms.
Unloading 3098 Unused Serialized files (Serialized files now loaded: 0)
Unloading 13 unused Assets / (27.7 KB). Loaded Objects now: 3762.
Memory consumption went from 413.1 MB to 413.1 MB.
Total: 1.601292 ms (FindLiveObjects: 0.084834 ms CreateObjectMapping: 0.024625 ms MarkObjects: 1.467583 ms  DeleteObjects: 0.023750 ms)

Prepare: number of updated asset objects reloaded= 0
AssetImportParameters requested are different than current active one (requested -> active):
  custom:container-demuxer-ogg: 62fdf1f143b41e24485cea50d1cbac27 -> 
  custom:video-decoder-ogg-theora: a1e56fd34408186e4bbccfd4996cb3dc -> 
  custom:CustomObjectIndexerAttribute: 9a22284fe3817be447336de3de66b15e -> 
  custom:container-demuxer-webm: 4f35f7cbe854078d1ac9338744f61a02 -> 
  custom:container-muxer-webm: aa71ff27fc2769a1b78a27578f13a17b -> 
  custom:scripting/monoscript/fileName/ClearCounter.cs: 733019e1f683a3c33c1b0f446554f075 -> 
  custom:video-decoder-webm-vp8: 9c59270c3fd7afecdb556c50c9e8de78 -> 
  custom:SearchIndexIgnoredProperties: e643bd26f0fe6173181afceb89e7c659 -> 
  custom:AudioImporter_EditorPlatform: 3918e3fc78b5a79bad01e8451be0beb8 -> 
  custom:scripting/monoscript/fileName/Movment.cs: da45837ad5f5a57f6fce82c5870b0f43 -> 
  custom:framework-osx-AVFoundation: e770b220cccbd017edd2c1fefb359320 -> 
  custom:video-encoder-webm-vp8: eb34c28f22e8b96e1ab97ce403110664 -> 
  custom:audio-decoder-ogg-vorbis: bf7c407c2cedff20999df2af8eb42d56 -> 
  custom:scripting/monoscript/fileName/Movement.cs: 1bc12bc9370e727baa54e145392501fb -> 
  custom:scripting/monoscript/fileName/Player.cs: 007e2e63cbf915a2b71612a7f593548a -> 
  custom:audio-encoder-webm-vorbis: bf7c407c2cedff20999df2af8eb42d56 -> 
  custom:scripting/precompiled-assembly-types:Assembly-CSharp: 6b5ab6d2ca0396fbf9e27305abf9e729 -> 
========================================================================
Received Prepare
Caller must complete domain reload
Begin MonoManager ReloadAssembly
Thread 0x307ee7000 may have been prematurely finalized
- Loaded All Assemblies, in  0.187 seconds
Native extension for Android target not found
Native extension for OSXStandalone target not found
Mono: successfully reloaded assembly
- Finished resetting the current domain, in  0.503 seconds
Domain Reload Profiling: 690ms
	BeginReloadAssembly (62ms)
		ExecutionOrderSort (0ms)
		DisableScriptedObjects (2ms)
		BackupInstance (0ms)
		ReleaseScriptingObjects (0ms)
		CreateAndSetChildDomain (19ms)
	RebuildCommonClasses (17ms)
	RebuildNativeTypeToScriptingClass (5ms)
	initialDomainReloadingComplete (10ms)
	LoadAllAssembliesAndSetupDomain (93ms)
		LoadAssemblies (104ms)
		RebuildTransferFunctionScriptingTraits (0ms)
		AnalyzeDomain (11ms)
			TypeCache.Refresh (5ms)
				TypeCache.ScanAssembly (0ms)
			ScanForSourceGeneratedMonoScriptInfo (3ms)
			ResolveRequiredComponents (2ms)
	FinalizeReload (503ms)
		ReleaseScriptCaches (0ms)
		RebuildScriptCaches (0ms)
		SetupLoadedEditorAssemblies (183ms)
			LogAssemblyErrors (0ms)
			InitializePlatformSupportModulesInManaged (6ms)
			SetLoadedEditorAssemblies (2ms)
			RefreshPlugins (0ms)
			BeforeProcessingInitializeOnLoad (24ms)
			ProcessInitializeOnLoadAttributes (143ms)
			ProcessInitializeOnLoadMethodAttributes (7ms)
			AfterProcessingInitializeOnLoad (0ms)
			EditorAssembliesLoaded (0ms)
		ExecutionOrderSort2 (0ms)
		AwakeInstancesAfterBackupRestoration (1ms)
Refreshing native plugins compatible for Editor in 0.59 ms, found 2 plugins.
Preloading 0 native plugins for Editor in 0.00 ms.
Unloading 3098 Unused Serialized files (Serialized files now loaded: 0)
Unloading 13 unused Assets / (27.7 KB). Loaded Objects now: 3765.
Memory consumption went from 418.9 MB to 418.9 MB.
Total: 1.616791 ms (FindLiveObjects: 0.104458 ms CreateObjectMapping: 0.029875 ms MarkObjects: 1.465750 ms  DeleteObjects: 0.016500 ms)

Prepare: number of updated asset objects reloaded= 0
AssetImportParameters requested are different than current active one (requested -> active):
  custom:container-demuxer-ogg: 62fdf1f143b41e24485cea50d1cbac27 -> 
  custom:video-decoder-ogg-theora: a1e56fd34408186e4bbccfd4996cb3dc -> 
  custom:CustomObjectIndexerAttribute: 9a22284fe3817be447336de3de66b15e -> 
  custom:container-demuxer-webm: 4f35f7cbe854078d1ac9338744f61a02 -> 
  custom:container-muxer-webm: aa71ff27fc2769a1b78a27578f13a17b -> 
  custom:scripting/monoscript/fileName/ClearCounter.cs: 733019e1f683a3c33c1b0f446554f075 -> 
  custom:video-decoder-webm-vp8: 9c59270c3fd7afecdb556c50c9e8de78 -> 
  custom:SearchIndexIgnoredProperties: e643bd26f0fe6173181afceb89e7c659 -> 
  custom:AudioImporter_EditorPlatform: 3918e3fc78b5a79bad01e8451be0beb8 -> 
  custom:scripting/monoscript/fileName/Movment.cs: da45837ad5f5a57f6fce82c5870b0f43 -> 
  custom:framework-osx-AVFoundation: e770b220cccbd017edd2c1fefb359320 -> 
  custom:video-encoder-webm-vp8: eb34c28f22e8b96e1ab97ce403110664 -> 
  custom:audio-decoder-ogg-vorbis: bf7c407c2cedff20999df2af8eb42d56 -> 
  custom:scripting/monoscript/fileName/Movement.cs: 1bc12bc9370e727baa54e145392501fb -> 
  custom:scripting/monoscript/fileName/Player.cs: 007e2e63cbf915a2b71612a7f593548a -> 
  custom:audio-encoder-webm-vorbis: bf7c407c2cedff20999df2af8eb42d56 -> 
  custom:scripting/precompiled-assembly-types:Assembly-CSharp: 6b5ab6d2ca0396fbf9e27305abf9e729 -> 
========================================================================
Received Prepare
Caller must complete domain reload
Begin MonoManager ReloadAssembly
Thread 0x307ee7000 may have been prematurely finalized
- Loaded All Assemblies, in  0.161 seconds
Native extension for Android target not found
Native extension for OSXStandalone target not found
Mono: successfully reloaded assembly
- Finished resetting the current domain, in  0.332 seconds
Domain Reload Profiling: 493ms
	BeginReloadAssembly (60ms)
		ExecutionOrderSort (0ms)
		DisableScriptedObjects (2ms)
		BackupInstance (0ms)
		ReleaseScriptingObjects (0ms)
		CreateAndSetChildDomain (20ms)
	RebuildCommonClasses (16ms)
	RebuildNativeTypeToScriptingClass (5ms)
	initialDomainReloadingComplete (9ms)
	LoadAllAssembliesAndSetupDomain (70ms)
		LoadAssemblies (82ms)
		RebuildTransferFunctionScriptingTraits (0ms)
		AnalyzeDomain (8ms)
			TypeCache.Refresh (4ms)
				TypeCache.ScanAssembly (0ms)
			ScanForSourceGeneratedMonoScriptInfo (0ms)
			ResolveRequiredComponents (3ms)
	FinalizeReload (332ms)
		ReleaseScriptCaches (0ms)
		RebuildScriptCaches (0ms)
		SetupLoadedEditorAssemblies (184ms)
			LogAssemblyErrors (0ms)
			InitializePlatformSupportModulesInManaged (6ms)
			SetLoadedEditorAssemblies (2ms)
			RefreshPlugins (0ms)
			BeforeProcessingInitializeOnLoad (26ms)
			ProcessInitializeOnLoadAttributes (141ms)
			ProcessInitializeOnLoadMethodAttributes (8ms)
			AfterProcessingInitializeOnLoad (0ms)
			EditorAssembliesLoaded (0ms)
		ExecutionOrderSort2 (0ms)
		AwakeInstancesAfterBackupRestoration (1ms)
Refreshing native plugins compatible for Editor in 0.48 ms, found 2 plugins.
Preloading 0 native plugins for Editor in 0.00 ms.
Unloading 3098 Unused Serialized files (Serialized files now loaded: 0)
Unloading 13 unused Assets / (27.7 KB). Loaded Objects now: 3768.
Memory consumption went from 424.7 MB to 424.7 MB.
Total: 1.632625 ms (FindLiveObjects: 0.073041 ms CreateObjectMapping: 0.024000 ms MarkObjects: 1.512625 ms  DeleteObjects: 0.022625 ms)

Prepare: number of updated asset objects reloaded= 0
AssetImportParameters requested are different than current active one (requested -> active):
  custom:container-demuxer-ogg: 62fdf1f143b41e24485cea50d1cbac27 -> 
  custom:video-decoder-ogg-theora: a1e56fd34408186e4bbccfd4996cb3dc -> 
  custom:CustomObjectIndexerAttribute: 9a22284fe3817be447336de3de66b15e -> 
  custom:container-demuxer-webm: 4f35f7cbe854078d1ac9338744f61a02 -> 
  custom:container-muxer-webm: aa71ff27fc2769a1b78a27578f13a17b -> 
  custom:scripting/monoscript/fileName/ClearCounter.cs: 733019e1f683a3c33c1b0f446554f075 -> 
  custom:video-decoder-webm-vp8: 9c59270c3fd7afecdb556c50c9e8de78 -> 
  custom:SearchIndexIgnoredProperties: e643bd26f0fe6173181afceb89e7c659 -> 
  custom:AudioImporter_EditorPlatform: 3918e3fc78b5a79bad01e8451be0beb8 -> 
  custom:scripting/monoscript/fileName/Movment.cs: da45837ad5f5a57f6fce82c5870b0f43 -> 
  custom:framework-osx-AVFoundation: e770b220cccbd017edd2c1fefb359320 -> 
  custom:video-encoder-webm-vp8: eb34c28f22e8b96e1ab97ce403110664 -> 
  custom:audio-decoder-ogg-vorbis: bf7c407c2cedff20999df2af8eb42d56 -> 
  custom:scripting/monoscript/fileName/Movement.cs: 1bc12bc9370e727baa54e145392501fb -> 
  custom:scripting/monoscript/fileName/Player.cs: 007e2e63cbf915a2b71612a7f593548a -> 
  custom:audio-encoder-webm-vorbis: bf7c407c2cedff20999df2af8eb42d56 -> 
  custom:scripting/precompiled-assembly-types:Assembly-CSharp: 6b5ab6d2ca0396fbf9e27305abf9e729 -> 
========================================================================
Received Prepare
Caller must complete domain reload
Begin MonoManager ReloadAssembly
Thread 0x307ee7000 may have been prematurely finalized
- Loaded All Assemblies, in  0.160 seconds
Native extension for Android target not found
Native extension for OSXStandalone target not found
Mono: successfully reloaded assembly
- Finished resetting the current domain, in  0.324 seconds
Domain Reload Profiling: 484ms
	BeginReloadAssembly (60ms)
		ExecutionOrderSort (0ms)
		DisableScriptedObjects (2ms)
		BackupInstance (0ms)
		ReleaseScriptingObjects (0ms)
		CreateAndSetChildDomain (20ms)
	RebuildCommonClasses (16ms)
	RebuildNativeTypeToScriptingClass (6ms)
	initialDomainReloadingComplete (9ms)
	LoadAllAssembliesAndSetupDomain (69ms)
		LoadAssemblies (81ms)
		RebuildTransferFunctionScriptingTraits (0ms)
		AnalyzeDomain (7ms)
			TypeCache.Refresh (4ms)
				TypeCache.ScanAssembly (0ms)
			ScanForSourceGeneratedMonoScriptInfo (0ms)
			ResolveRequiredComponents (3ms)
	FinalizeReload (325ms)
		ReleaseScriptCaches (0ms)
		RebuildScriptCaches (0ms)
		SetupLoadedEditorAssemblies (189ms)
			LogAssemblyErrors (0ms)
			InitializePlatformSupportModulesInManaged (7ms)
			SetLoadedEditorAssemblies (2ms)
			RefreshPlugins (0ms)
			BeforeProcessingInitializeOnLoad (25ms)
			ProcessInitializeOnLoadAttributes (146ms)
			ProcessInitializeOnLoadMethodAttributes (8ms)
			AfterProcessingInitializeOnLoad (0ms)
			EditorAssembliesLoaded (0ms)
		ExecutionOrderSort2 (0ms)
		AwakeInstancesAfterBackupRestoration (2ms)
Refreshing native plugins compatible for Editor in 0.46 ms, found 2 plugins.
Preloading 0 native plugins for Editor in 0.00 ms.
Unloading 3098 Unused Serialized files (Serialized files now loaded: 0)
Unloading 13 unused Assets / (27.8 KB). Loaded Objects now: 3771.
Memory consumption went from 430.5 MB to 430.5 MB.
Total: 1.738541 ms (FindLiveObjects: 0.084916 ms CreateObjectMapping: 0.026834 ms MarkObjects: 1.605208 ms  DeleteObjects: 0.021125 ms)

Prepare: number of updated asset objects reloaded= 0
AssetImportParameters requested are different than current active one (requested -> active):
  custom:container-demuxer-ogg: 62fdf1f143b41e24485cea50d1cbac27 -> 
  custom:video-decoder-ogg-theora: a1e56fd34408186e4bbccfd4996cb3dc -> 
  custom:CustomObjectIndexerAttribute: 9a22284fe3817be447336de3de66b15e -> 
  custom:container-demuxer-webm: 4f35f7cbe854078d1ac9338744f61a02 -> 
  custom:container-muxer-webm: aa71ff27fc2769a1b78a27578f13a17b -> 
  custom:scripting/monoscript/fileName/ClearCounter.cs: 733019e1f683a3c33c1b0f446554f075 -> 
  custom:video-decoder-webm-vp8: 9c59270c3fd7afecdb556c50c9e8de78 -> 
  custom:SearchIndexIgnoredProperties: e643bd26f0fe6173181afceb89e7c659 -> 
  custom:AudioImporter_EditorPlatform: 3918e3fc78b5a79bad01e8451be0beb8 -> 
  custom:scripting/monoscript/fileName/Movment.cs: da45837ad5f5a57f6fce82c5870b0f43 -> 
  custom:framework-osx-AVFoundation: e770b220cccbd017edd2c1fefb359320 -> 
  custom:video-encoder-webm-vp8: eb34c28f22e8b96e1ab97ce403110664 -> 
  custom:audio-decoder-ogg-vorbis: bf7c407c2cedff20999df2af8eb42d56 -> 
  custom:scripting/monoscript/fileName/Movement.cs: 1bc12bc9370e727baa54e145392501fb -> 
  custom:scripting/monoscript/fileName/Player.cs: 007e2e63cbf915a2b71612a7f593548a -> 
  custom:audio-encoder-webm-vorbis: bf7c407c2cedff20999df2af8eb42d56 -> 
  custom:scripting/precompiled-assembly-types:Assembly-CSharp: 6b5ab6d2ca0396fbf9e27305abf9e729 -> 
========================================================================
Received Prepare
Caller must complete domain reload
Begin MonoManager ReloadAssembly
Thread 0x307ee7000 may have been prematurely finalized
- Loaded All Assemblies, in  0.167 seconds
Native extension for Android target not found
Native extension for OSXStandalone target not found
Mono: successfully reloaded assembly
- Finished resetting the current domain, in  0.324 seconds
Domain Reload Profiling: 491ms
	BeginReloadAssembly (61ms)
		ExecutionOrderSort (0ms)
		DisableScriptedObjects (2ms)
		BackupInstance (0ms)
		ReleaseScriptingObjects (0ms)
		CreateAndSetChildDomain (20ms)
	RebuildCommonClasses (17ms)
	RebuildNativeTypeToScriptingClass (5ms)
	initialDomainReloadingComplete (9ms)
	LoadAllAssembliesAndSetupDomain (74ms)
		LoadAssemblies (84ms)
		RebuildTransferFunctionScriptingTraits (0ms)
		AnalyzeDomain (11ms)
			TypeCache.Refresh (4ms)
				TypeCache.ScanAssembly (0ms)
			ScanForSourceGeneratedMonoScriptInfo (3ms)
			ResolveRequiredComponents (2ms)
	FinalizeReload (324ms)
		ReleaseScriptCaches (0ms)
		RebuildScriptCaches (0ms)
		SetupLoadedEditorAssemblies (177ms)
			LogAssemblyErrors (0ms)
			InitializePlatformSupportModulesInManaged (6ms)
			SetLoadedEditorAssemblies (2ms)
			RefreshPlugins (0ms)
			BeforeProcessingInitializeOnLoad (23ms)
			ProcessInitializeOnLoadAttributes (139ms)
			ProcessInitializeOnLoadMethodAttributes (7ms)
			AfterProcessingInitializeOnLoad (0ms)
			EditorAssembliesLoaded (0ms)
		ExecutionOrderSort2 (0ms)
		AwakeInstancesAfterBackupRestoration (1ms)
Refreshing native plugins compatible for Editor in 0.48 ms, found 2 plugins.
Preloading 0 native plugins for Editor in 0.00 ms.
Unloading 3098 Unused Serialized files (Serialized files now loaded: 0)
Unloading 13 unused Assets / (27.7 KB). Loaded Objects now: 3774.
Memory consumption went from 436.3 MB to 436.3 MB.
Total: 1.575042 ms (FindLiveObjects: 0.099709 ms CreateObjectMapping: 0.029083 ms MarkObjects: 1.425750 ms  DeleteObjects: 0.019958 ms)

Prepare: number of updated asset objects reloaded= 0
AssetImportParameters requested are different than current active one (requested -> active):
  custom:container-demuxer-ogg: 62fdf1f143b41e24485cea50d1cbac27 -> 
  custom:video-decoder-ogg-theora: a1e56fd34408186e4bbccfd4996cb3dc -> 
  custom:CustomObjectIndexerAttribute: 9a22284fe3817be447336de3de66b15e -> 
  custom:container-demuxer-webm: 4f35f7cbe854078d1ac9338744f61a02 -> 
  custom:container-muxer-webm: aa71ff27fc2769a1b78a27578f13a17b -> 
  custom:scripting/monoscript/fileName/ClearCounter.cs: 733019e1f683a3c33c1b0f446554f075 -> 
  custom:video-decoder-webm-vp8: 9c59270c3fd7afecdb556c50c9e8de78 -> 
  custom:SearchIndexIgnoredProperties: e643bd26f0fe6173181afceb89e7c659 -> 
  custom:AudioImporter_EditorPlatform: 3918e3fc78b5a79bad01e8451be0beb8 -> 
  custom:scripting/monoscript/fileName/Movment.cs: da45837ad5f5a57f6fce82c5870b0f43 -> 
  custom:framework-osx-AVFoundation: e770b220cccbd017edd2c1fefb359320 -> 
  custom:video-encoder-webm-vp8: eb34c28f22e8b96e1ab97ce403110664 -> 
  custom:audio-decoder-ogg-vorbis: bf7c407c2cedff20999df2af8eb42d56 -> 
  custom:scripting/monoscript/fileName/Movement.cs: 1bc12bc9370e727baa54e145392501fb -> 
  custom:scripting/monoscript/fileName/Player.cs: 007e2e63cbf915a2b71612a7f593548a -> 
  custom:audio-encoder-webm-vorbis: bf7c407c2cedff20999df2af8eb42d56 -> 
  custom:scripting/precompiled-assembly-types:Assembly-CSharp: 6b5ab6d2ca0396fbf9e27305abf9e729 -> 
========================================================================
Received Prepare
Caller must complete domain reload
Begin MonoManager ReloadAssembly
Thread 0x307ee7000 may have been prematurely finalized
- Loaded All Assemblies, in  0.163 seconds
Native extension for Android target not found
Native extension for OSXStandalone target not found
Mono: successfully reloaded assembly
- Finished resetting the current domain, in  0.333 seconds
Domain Reload Profiling: 496ms
	BeginReloadAssembly (62ms)
		ExecutionOrderSort (0ms)
		DisableScriptedObjects (2ms)
		BackupInstance (0ms)
		ReleaseScriptingObjects (0ms)
		CreateAndSetChildDomain (20ms)
	RebuildCommonClasses (16ms)
	RebuildNativeTypeToScriptingClass (6ms)
	initialDomainReloadingComplete (9ms)
	LoadAllAssembliesAndSetupDomain (70ms)
		LoadAssemblies (83ms)
		RebuildTransferFunctionScriptingTraits (0ms)
		AnalyzeDomain (8ms)
			TypeCache.Refresh (4ms)
				TypeCache.ScanAssembly (0ms)
			ScanForSourceGeneratedMonoScriptInfo (0ms)
			ResolveRequiredComponents (2ms)
	FinalizeReload (333ms)
		ReleaseScriptCaches (0ms)
		RebuildScriptCaches (0ms)
		SetupLoadedEditorAssemblies (193ms)
			LogAssemblyErrors (0ms)
			InitializePlatformSupportModulesInManaged (6ms)
			SetLoadedEditorAssemblies (3ms)
			RefreshPlugins (0ms)
			BeforeProcessingInitializeOnLoad (26ms)
			ProcessInitializeOnLoadAttributes (150ms)
			ProcessInitializeOnLoadMethodAttributes (9ms)
			AfterProcessingInitializeOnLoad (0ms)
			EditorAssembliesLoaded (0ms)
		ExecutionOrderSort2 (0ms)
		AwakeInstancesAfterBackupRestoration (2ms)
Refreshing native plugins compatible for Editor in 0.51 ms, found 2 plugins.
Preloading 0 native plugins for Editor in 0.00 ms.
Unloading 3098 Unused Serialized files (Serialized files now loaded: 0)
Unloading 13 unused Assets / (27.7 KB). Loaded Objects now: 3777.
Memory consumption went from 442.1 MB to 442.0 MB.
Total: 1.726750 ms (FindLiveObjects: 0.077500 ms CreateObjectMapping: 0.024167 ms MarkObjects: 1.590958 ms  DeleteObjects: 0.033791 ms)

Prepare: number of updated asset objects reloaded= 0
AssetImportParameters requested are different than current active one (requested -> active):
  custom:container-demuxer-ogg: 62fdf1f143b41e24485cea50d1cbac27 -> 
  custom:video-decoder-ogg-theora: a1e56fd34408186e4bbccfd4996cb3dc -> 
  custom:CustomObjectIndexerAttribute: 9a22284fe3817be447336de3de66b15e -> 
  custom:container-demuxer-webm: 4f35f7cbe854078d1ac9338744f61a02 -> 
  custom:container-muxer-webm: aa71ff27fc2769a1b78a27578f13a17b -> 
  custom:scripting/monoscript/fileName/ClearCounter.cs: 733019e1f683a3c33c1b0f446554f075 -> 
  custom:video-decoder-webm-vp8: 9c59270c3fd7afecdb556c50c9e8de78 -> 
  custom:SearchIndexIgnoredProperties: e643bd26f0fe6173181afceb89e7c659 -> 
  custom:AudioImporter_EditorPlatform: 3918e3fc78b5a79bad01e8451be0beb8 -> 
  custom:scripting/monoscript/fileName/Movment.cs: da45837ad5f5a57f6fce82c5870b0f43 -> 
  custom:framework-osx-AVFoundation: e770b220cccbd017edd2c1fefb359320 -> 
  custom:video-encoder-webm-vp8: eb34c28f22e8b96e1ab97ce403110664 -> 
  custom:audio-decoder-ogg-vorbis: bf7c407c2cedff20999df2af8eb42d56 -> 
  custom:scripting/monoscript/fileName/Movement.cs: 1bc12bc9370e727baa54e145392501fb -> 
  custom:scripting/monoscript/fileName/Player.cs: 007e2e63cbf915a2b71612a7f593548a -> 
  custom:audio-encoder-webm-vorbis: bf7c407c2cedff20999df2af8eb42d56 -> 
  custom:scripting/precompiled-assembly-types:Assembly-CSharp: 6b5ab6d2ca0396fbf9e27305abf9e729 -> 
========================================================================
Received Prepare
Caller must complete domain reload
Begin MonoManager ReloadAssembly
Thread 0x307ee7000 may have been prematurely finalized
- Loaded All Assemblies, in  0.160 seconds
Native extension for Android target not found
Native extension for OSXStandalone target not found
Mono: successfully reloaded assembly
- Finished resetting the current domain, in  0.302 seconds
Domain Reload Profiling: 462ms
	BeginReloadAssembly (59ms)
		ExecutionOrderSort (0ms)
		DisableScriptedObjects (2ms)
		BackupInstance (0ms)
		ReleaseScriptingObjects (0ms)
		CreateAndSetChildDomain (20ms)
	RebuildCommonClasses (16ms)
	RebuildNativeTypeToScriptingClass (5ms)
	initialDomainReloadingComplete (9ms)
	LoadAllAssembliesAndSetupDomain (70ms)
		LoadAssemblies (79ms)
		RebuildTransferFunctionScriptingTraits (0ms)
		AnalyzeDomain (10ms)
			TypeCache.Refresh (4ms)
				TypeCache.ScanAssembly (0ms)
			ScanForSourceGeneratedMonoScriptInfo (3ms)
			ResolveRequiredComponents (2ms)
	FinalizeReload (302ms)
		ReleaseScriptCaches (0ms)
		RebuildScriptCaches (0ms)
		SetupLoadedEditorAssemblies (172ms)
			LogAssemblyErrors (0ms)
			InitializePlatformSupportModulesInManaged (5ms)
			SetLoadedEditorAssemblies (2ms)
			RefreshPlugins (0ms)
			BeforeProcessingInitializeOnLoad (22ms)
			ProcessInitializeOnLoadAttributes (135ms)
			ProcessInitializeOnLoadMethodAttributes (7ms)
			AfterProcessingInitializeOnLoad (0ms)
			EditorAssembliesLoaded (0ms)
		ExecutionOrderSort2 (0ms)
		AwakeInstancesAfterBackupRestoration (1ms)
Refreshing native plugins compatible for Editor in 0.43 ms, found 2 plugins.
Preloading 0 native plugins for Editor in 0.00 ms.
Unloading 3098 Unused Serialized files (Serialized files now loaded: 0)
Unloading 13 unused Assets / (27.7 KB). Loaded Objects now: 3780.
Memory consumption went from 447.9 MB to 447.8 MB.
Total: 1.540666 ms (FindLiveObjects: 0.104167 ms CreateObjectMapping: 0.024583 ms MarkObjects: 1.391334 ms  DeleteObjects: 0.020125 ms)

Prepare: number of updated asset objects reloaded= 0
AssetImportParameters requested are different than current active one (requested -> active):
  custom:container-demuxer-ogg: 62fdf1f143b41e24485cea50d1cbac27 -> 
  custom:video-decoder-ogg-theora: a1e56fd34408186e4bbccfd4996cb3dc -> 
  custom:CustomObjectIndexerAttribute: 9a22284fe3817be447336de3de66b15e -> 
  custom:container-demuxer-webm: 4f35f7cbe854078d1ac9338744f61a02 -> 
  custom:container-muxer-webm: aa71ff27fc2769a1b78a27578f13a17b -> 
  custom:scripting/monoscript/fileName/ClearCounter.cs: 733019e1f683a3c33c1b0f446554f075 -> 
  custom:video-decoder-webm-vp8: 9c59270c3fd7afecdb556c50c9e8de78 -> 
  custom:SearchIndexIgnoredProperties: e643bd26f0fe6173181afceb89e7c659 -> 
  custom:AudioImporter_EditorPlatform: 3918e3fc78b5a79bad01e8451be0beb8 -> 
  custom:scripting/monoscript/fileName/Movment.cs: da45837ad5f5a57f6fce82c5870b0f43 -> 
  custom:framework-osx-AVFoundation: e770b220cccbd017edd2c1fefb359320 -> 
  custom:video-encoder-webm-vp8: eb34c28f22e8b96e1ab97ce403110664 -> 
  custom:audio-decoder-ogg-vorbis: bf7c407c2cedff20999df2af8eb42d56 -> 
  custom:scripting/monoscript/fileName/Movement.cs: 1bc12bc9370e727baa54e145392501fb -> 
  custom:scripting/monoscript/fileName/Player.cs: 007e2e63cbf915a2b71612a7f593548a -> 
  custom:audio-encoder-webm-vorbis: bf7c407c2cedff20999df2af8eb42d56 -> 
  custom:scripting/precompiled-assembly-types:Assembly-CSharp: 6b5ab6d2ca0396fbf9e27305abf9e729 -> 
========================================================================
Received Prepare
Caller must complete domain reload
Begin MonoManager ReloadAssembly
Thread 0x307ee7000 may have been prematurely finalized
- Loaded All Assemblies, in  0.157 seconds
Native extension for Android target not found
Native extension for OSXStandalone target not found
Mono: successfully reloaded assembly
- Finished resetting the current domain, in  0.305 seconds
Domain Reload Profiling: 463ms
	BeginReloadAssembly (59ms)
		ExecutionOrderSort (0ms)
		DisableScriptedObjects (2ms)
		BackupInstance (0ms)
		ReleaseScriptingObjects (0ms)
		CreateAndSetChildDomain (19ms)
	RebuildCommonClasses (17ms)
	RebuildNativeTypeToScriptingClass (6ms)
	initialDomainReloadingComplete (9ms)
	LoadAllAssembliesAndSetupDomain (67ms)
		LoadAssemblies (81ms)
		RebuildTransferFunctionScriptingTraits (0ms)
		AnalyzeDomain (6ms)
			TypeCache.Refresh (3ms)
				TypeCache.ScanAssembly (0ms)
			ScanForSourceGeneratedMonoScriptInfo (0ms)
			ResolveRequiredComponents (3ms)
	FinalizeReload (306ms)
		ReleaseScriptCaches (0ms)
		RebuildScriptCaches (0ms)
		SetupLoadedEditorAssemblies (181ms)
			LogAssemblyErrors (0ms)
			InitializePlatformSupportModulesInManaged (6ms)
			SetLoadedEditorAssemblies (2ms)
			RefreshPlugins (0ms)
			BeforeProcessingInitializeOnLoad (23ms)
			ProcessInitializeOnLoadAttributes (141ms)
			ProcessInitializeOnLoadMethodAttributes (8ms)
			AfterProcessingInitializeOnLoad (0ms)
			EditorAssembliesLoaded (0ms)
		ExecutionOrderSort2 (0ms)
		AwakeInstancesAfterBackupRestoration (1ms)
Refreshing native plugins compatible for Editor in 0.49 ms, found 2 plugins.
Preloading 0 native plugins for Editor in 0.00 ms.
Unloading 3098 Unused Serialized files (Serialized files now loaded: 0)
Unloading 13 unused Assets / (27.8 KB). Loaded Objects now: 3783.
Memory consumption went from 453.7 MB to 453.6 MB.
Total: 1.801584 ms (FindLiveObjects: 0.082625 ms CreateObjectMapping: 0.024833 ms MarkObjects: 1.671833 ms  DeleteObjects: 0.021959 ms)

Prepare: number of updated asset objects reloaded= 0
AssetImportParameters requested are different than current active one (requested -> active):
  custom:container-demuxer-ogg: 62fdf1f143b41e24485cea50d1cbac27 -> 
  custom:video-decoder-ogg-theora: a1e56fd34408186e4bbccfd4996cb3dc -> 
  custom:CustomObjectIndexerAttribute: 9a22284fe3817be447336de3de66b15e -> 
  custom:container-demuxer-webm: 4f35f7cbe854078d1ac9338744f61a02 -> 
  custom:container-muxer-webm: aa71ff27fc2769a1b78a27578f13a17b -> 
  custom:scripting/monoscript/fileName/ClearCounter.cs: 733019e1f683a3c33c1b0f446554f075 -> 
  custom:video-decoder-webm-vp8: 9c59270c3fd7afecdb556c50c9e8de78 -> 
  custom:SearchIndexIgnoredProperties: e643bd26f0fe6173181afceb89e7c659 -> 
  custom:AudioImporter_EditorPlatform: 3918e3fc78b5a79bad01e8451be0beb8 -> 
  custom:scripting/monoscript/fileName/Movment.cs: da45837ad5f5a57f6fce82c5870b0f43 -> 
  custom:framework-osx-AVFoundation: e770b220cccbd017edd2c1fefb359320 -> 
  custom:video-encoder-webm-vp8: eb34c28f22e8b96e1ab97ce403110664 -> 
  custom:audio-decoder-ogg-vorbis: bf7c407c2cedff20999df2af8eb42d56 -> 
  custom:scripting/monoscript/fileName/Movement.cs: 1bc12bc9370e727baa54e145392501fb -> 
  custom:scripting/monoscript/fileName/Player.cs: 007e2e63cbf915a2b71612a7f593548a -> 
  custom:audio-encoder-webm-vorbis: bf7c407c2cedff20999df2af8eb42d56 -> 
  custom:scripting/precompiled-assembly-types:Assembly-CSharp: 6b5ab6d2ca0396fbf9e27305abf9e729 -> 
========================================================================
Received Prepare
Caller must complete domain reload
Begin MonoManager ReloadAssembly
Thread 0x307ee7000 may have been prematurely finalized
- Loaded All Assemblies, in  0.163 seconds
Native extension for Android target not found
Native extension for OSXStandalone target not found
Mono: successfully reloaded assembly
- Finished resetting the current domain, in  0.303 seconds
Domain Reload Profiling: 467ms
	BeginReloadAssembly (61ms)
		ExecutionOrderSort (0ms)
		DisableScriptedObjects (2ms)
		BackupInstance (0ms)
		ReleaseScriptingObjects (0ms)
		CreateAndSetChildDomain (21ms)
	RebuildCommonClasses (17ms)
	RebuildNativeTypeToScriptingClass (5ms)
	initialDomainReloadingComplete (9ms)
	LoadAllAssembliesAndSetupDomain (71ms)
		LoadAssemblies (80ms)
		RebuildTransferFunctionScriptingTraits (0ms)
		AnalyzeDomain (11ms)
			TypeCache.Refresh (4ms)
				TypeCache.ScanAssembly (0ms)
			ScanForSourceGeneratedMonoScriptInfo (3ms)
			ResolveRequiredComponents (2ms)
	FinalizeReload (304ms)
		ReleaseScriptCaches (0ms)
		RebuildScriptCaches (0ms)
		SetupLoadedEditorAssemblies (176ms)
			LogAssemblyErrors (0ms)
			InitializePlatformSupportModulesInManaged (6ms)
			SetLoadedEditorAssemblies (2ms)
			RefreshPlugins (0ms)
			BeforeProcessingInitializeOnLoad (23ms)
			ProcessInitializeOnLoadAttributes (136ms)
			ProcessInitializeOnLoadMethodAttributes (7ms)
			AfterProcessingInitializeOnLoad (0ms)
			EditorAssembliesLoaded (0ms)
		ExecutionOrderSort2 (0ms)
		AwakeInstancesAfterBackupRestoration (2ms)
Refreshing native plugins compatible for Editor in 0.44 ms, found 2 plugins.
Preloading 0 native plugins for Editor in 0.00 ms.
Unloading 3098 Unused Serialized files (Serialized files now loaded: 0)
Unloading 13 unused Assets / (27.7 KB). Loaded Objects now: 3786.
Memory consumption went from 459.5 MB to 459.4 MB.
Total: 1.708167 ms (FindLiveObjects: 0.102125 ms CreateObjectMapping: 0.035500 ms MarkObjects: 1.547375 ms  DeleteObjects: 0.022708 ms)

Prepare: number of updated asset objects reloaded= 0
AssetImportParameters requested are different than current active one (requested -> active):
  custom:container-demuxer-ogg: 62fdf1f143b41e24485cea50d1cbac27 -> 
  custom:video-decoder-ogg-theora: a1e56fd34408186e4bbccfd4996cb3dc -> 
  custom:CustomObjectIndexerAttribute: 9a22284fe3817be447336de3de66b15e -> 
  custom:container-demuxer-webm: 4f35f7cbe854078d1ac9338744f61a02 -> 
  custom:container-muxer-webm: aa71ff27fc2769a1b78a27578f13a17b -> 
  custom:scripting/monoscript/fileName/ClearCounter.cs: 733019e1f683a3c33c1b0f446554f075 -> 
  custom:video-decoder-webm-vp8: 9c59270c3fd7afecdb556c50c9e8de78 -> 
  custom:SearchIndexIgnoredProperties: e643bd26f0fe6173181afceb89e7c659 -> 
  custom:AudioImporter_EditorPlatform: 3918e3fc78b5a79bad01e8451be0beb8 -> 
  custom:scripting/monoscript/fileName/Movment.cs: da45837ad5f5a57f6fce82c5870b0f43 -> 
  custom:framework-osx-AVFoundation: e770b220cccbd017edd2c1fefb359320 -> 
  custom:video-encoder-webm-vp8: eb34c28f22e8b96e1ab97ce403110664 -> 
  custom:audio-decoder-ogg-vorbis: bf7c407c2cedff20999df2af8eb42d56 -> 
  custom:scripting/monoscript/fileName/Movement.cs: 1bc12bc9370e727baa54e145392501fb -> 
  custom:scripting/monoscript/fileName/Player.cs: 007e2e63cbf915a2b71612a7f593548a -> 
  custom:audio-encoder-webm-vorbis: bf7c407c2cedff20999df2af8eb42d56 -> 
  custom:scripting/precompiled-assembly-types:Assembly-CSharp: 6b5ab6d2ca0396fbf9e27305abf9e729 -> 
========================================================================
Received Prepare
Caller must complete domain reload
Begin MonoManager ReloadAssembly
Thread 0x307ee7000 may have been prematurely finalized
- Loaded All Assemblies, in  0.159 seconds
Native extension for Android target not found
Native extension for OSXStandalone target not found
Mono: successfully reloaded assembly
- Finished resetting the current domain, in  0.314 seconds
Domain Reload Profiling: 473ms
	BeginReloadAssembly (60ms)
		ExecutionOrderSort (0ms)
		DisableScriptedObjects (2ms)
		BackupInstance (0ms)
		ReleaseScriptingObjects (0ms)
		CreateAndSetChildDomain (20ms)
	RebuildCommonClasses (17ms)
	RebuildNativeTypeToScriptingClass (6ms)
	initialDomainReloadingComplete (9ms)
	LoadAllAssembliesAndSetupDomain (68ms)
		LoadAssemblies (80ms)
		RebuildTransferFunctionScriptingTraits (0ms)
		AnalyzeDomain (7ms)
			TypeCache.Refresh (4ms)
				TypeCache.ScanAssembly (0ms)
			ScanForSourceGeneratedMonoScriptInfo (0ms)
			ResolveRequiredComponents (3ms)
	FinalizeReload (314ms)
		ReleaseScriptCaches (0ms)
		RebuildScriptCaches (0ms)
		SetupLoadedEditorAssemblies (188ms)
			LogAssemblyErrors (0ms)
			InitializePlatformSupportModulesInManaged (6ms)
			SetLoadedEditorAssemblies (2ms)
			RefreshPlugins (0ms)
			BeforeProcessingInitializeOnLoad (26ms)
			ProcessInitializeOnLoadAttributes (145ms)
			ProcessInitializeOnLoadMethodAttributes (8ms)
			AfterProcessingInitializeOnLoad (0ms)
			EditorAssembliesLoaded (0ms)
		ExecutionOrderSort2 (0ms)
		AwakeInstancesAfterBackupRestoration (1ms)
Refreshing native plugins compatible for Editor in 0.40 ms, found 2 plugins.
Preloading 0 native plugins for Editor in 0.00 ms.
Unloading 3098 Unused Serialized files (Serialized files now loaded: 0)
Unloading 13 unused Assets / (27.8 KB). Loaded Objects now: 3789.
Memory consumption went from 465.2 MB to 465.2 MB.
Total: 1.595000 ms (FindLiveObjects: 0.078083 ms CreateObjectMapping: 0.025917 ms MarkObjects: 1.470958 ms  DeleteObjects: 0.019625 ms)

Prepare: number of updated asset objects reloaded= 0
AssetImportParameters requested are different than current active one (requested -> active):
  custom:container-demuxer-ogg: 62fdf1f143b41e24485cea50d1cbac27 -> 
  custom:video-decoder-ogg-theora: a1e56fd34408186e4bbccfd4996cb3dc -> 
  custom:CustomObjectIndexerAttribute: 9a22284fe3817be447336de3de66b15e -> 
  custom:container-demuxer-webm: 4f35f7cbe854078d1ac9338744f61a02 -> 
  custom:container-muxer-webm: aa71ff27fc2769a1b78a27578f13a17b -> 
  custom:scripting/monoscript/fileName/ClearCounter.cs: 733019e1f683a3c33c1b0f446554f075 -> 
  custom:video-decoder-webm-vp8: 9c59270c3fd7afecdb556c50c9e8de78 -> 
  custom:SearchIndexIgnoredProperties: e643bd26f0fe6173181afceb89e7c659 -> 
  custom:AudioImporter_EditorPlatform: 3918e3fc78b5a79bad01e8451be0beb8 -> 
  custom:scripting/monoscript/fileName/Movment.cs: da45837ad5f5a57f6fce82c5870b0f43 -> 
  custom:framework-osx-AVFoundation: e770b220cccbd017edd2c1fefb359320 -> 
  custom:video-encoder-webm-vp8: eb34c28f22e8b96e1ab97ce403110664 -> 
  custom:audio-decoder-ogg-vorbis: bf7c407c2cedff20999df2af8eb42d56 -> 
  custom:scripting/monoscript/fileName/Movement.cs: 1bc12bc9370e727baa54e145392501fb -> 
  custom:scripting/monoscript/fileName/Player.cs: 007e2e63cbf915a2b71612a7f593548a -> 
  custom:audio-encoder-webm-vorbis: bf7c407c2cedff20999df2af8eb42d56 -> 
  custom:scripting/precompiled-assembly-types:Assembly-CSharp: 6b5ab6d2ca0396fbf9e27305abf9e729 -> 
========================================================================
Received Prepare
Caller must complete domain reload
Begin MonoManager ReloadAssembly
Thread 0x307ee7000 may have been prematurely finalized
- Loaded All Assemblies, in  0.175 seconds
Native extension for Android target not found
Native extension for OSXStandalone target not found
Mono: successfully reloaded assembly
- Finished resetting the current domain, in  0.511 seconds
Domain Reload Profiling: 686ms
	BeginReloadAssembly (60ms)
		ExecutionOrderSort (0ms)
		DisableScriptedObjects (2ms)
		BackupInstance (0ms)
		ReleaseScriptingObjects (0ms)
		CreateAndSetChildDomain (20ms)
	RebuildCommonClasses (17ms)
	RebuildNativeTypeToScriptingClass (6ms)
	initialDomainReloadingComplete (10ms)
	LoadAllAssembliesAndSetupDomain (83ms)
		LoadAssemblies (92ms)
		RebuildTransferFunctionScriptingTraits (0ms)
		AnalyzeDomain (11ms)
			TypeCache.Refresh (4ms)
				TypeCache.ScanAssembly (0ms)
			ScanForSourceGeneratedMonoScriptInfo (3ms)
			ResolveRequiredComponents (2ms)
	FinalizeReload (511ms)
		ReleaseScriptCaches (0ms)
		RebuildScriptCaches (0ms)
		SetupLoadedEditorAssemblies (183ms)
			LogAssemblyErrors (0ms)
			InitializePlatformSupportModulesInManaged (6ms)
			SetLoadedEditorAssemblies (2ms)
			RefreshPlugins (0ms)
			BeforeProcessingInitializeOnLoad (25ms)
			ProcessInitializeOnLoadAttributes (143ms)
			ProcessInitializeOnLoadMethodAttributes (7ms)
			AfterProcessingInitializeOnLoad (0ms)
			EditorAssembliesLoaded (0ms)
		ExecutionOrderSort2 (0ms)
		AwakeInstancesAfterBackupRestoration (1ms)
Refreshing native plugins compatible for Editor in 0.46 ms, found 2 plugins.
Preloading 0 native plugins for Editor in 0.00 ms.
Unloading 3098 Unused Serialized files (Serialized files now loaded: 0)
Unloading 13 unused Assets / (27.8 KB). Loaded Objects now: 3792.
Memory consumption went from 471.0 MB to 471.0 MB.
Total: 1.755375 ms (FindLiveObjects: 0.101542 ms CreateObjectMapping: 0.034041 ms MarkObjects: 1.600917 ms  DeleteObjects: 0.018625 ms)

Prepare: number of updated asset objects reloaded= 0
AssetImportParameters requested are different than current active one (requested -> active):
  custom:container-demuxer-ogg: 62fdf1f143b41e24485cea50d1cbac27 -> 
  custom:video-decoder-ogg-theora: a1e56fd34408186e4bbccfd4996cb3dc -> 
  custom:CustomObjectIndexerAttribute: 9a22284fe3817be447336de3de66b15e -> 
  custom:container-demuxer-webm: 4f35f7cbe854078d1ac9338744f61a02 -> 
  custom:container-muxer-webm: aa71ff27fc2769a1b78a27578f13a17b -> 
  custom:scripting/monoscript/fileName/ClearCounter.cs: 733019e1f683a3c33c1b0f446554f075 -> 
  custom:video-decoder-webm-vp8: 9c59270c3fd7afecdb556c50c9e8de78 -> 
  custom:SearchIndexIgnoredProperties: e643bd26f0fe6173181afceb89e7c659 -> 
  custom:AudioImporter_EditorPlatform: 3918e3fc78b5a79bad01e8451be0beb8 -> 
  custom:scripting/monoscript/fileName/Movment.cs: da45837ad5f5a57f6fce82c5870b0f43 -> 
  custom:framework-osx-AVFoundation: e770b220cccbd017edd2c1fefb359320 -> 
  custom:video-encoder-webm-vp8: eb34c28f22e8b96e1ab97ce403110664 -> 
  custom:audio-decoder-ogg-vorbis: bf7c407c2cedff20999df2af8eb42d56 -> 
  custom:scripting/monoscript/fileName/Movement.cs: 1bc12bc9370e727baa54e145392501fb -> 
  custom:scripting/monoscript/fileName/Player.cs: 007e2e63cbf915a2b71612a7f593548a -> 
  custom:audio-encoder-webm-vorbis: bf7c407c2cedff20999df2af8eb42d56 -> 
  custom:scripting/precompiled-assembly-types:Assembly-CSharp: 6b5ab6d2ca0396fbf9e27305abf9e729 -> 
========================================================================
Received Prepare
Caller must complete domain reload
Begin MonoManager ReloadAssembly
Thread 0x307ee7000 may have been prematurely finalized
- Loaded All Assemblies, in  0.156 seconds
Native extension for Android target not found
Native extension for OSXStandalone target not found
Mono: successfully reloaded assembly
- Finished resetting the current domain, in  0.315 seconds
Domain Reload Profiling: 471ms
	BeginReloadAssembly (58ms)
		ExecutionOrderSort (0ms)
		DisableScriptedObjects (2ms)
		BackupInstance (0ms)
		ReleaseScriptingObjects (0ms)
		CreateAndSetChildDomain (18ms)
	RebuildCommonClasses (17ms)
	RebuildNativeTypeToScriptingClass (5ms)
	initialDomainReloadingComplete (9ms)
	LoadAllAssembliesAndSetupDomain (66ms)
		LoadAssemblies (79ms)
		RebuildTransferFunctionScriptingTraits (0ms)
		AnalyzeDomain (7ms)
			TypeCache.Refresh (3ms)
				TypeCache.ScanAssembly (0ms)
			ScanForSourceGeneratedMonoScriptInfo (0ms)
			ResolveRequiredComponents (3ms)
	FinalizeReload (315ms)
		ReleaseScriptCaches (0ms)
		RebuildScriptCaches (0ms)
		SetupLoadedEditorAssemblies (185ms)
			LogAssemblyErrors (0ms)
			InitializePlatformSupportModulesInManaged (6ms)
			SetLoadedEditorAssemblies (3ms)
			RefreshPlugins (0ms)
			BeforeProcessingInitializeOnLoad (25ms)
			ProcessInitializeOnLoadAttributes (142ms)
			ProcessInitializeOnLoadMethodAttributes (8ms)
			AfterProcessingInitializeOnLoad (0ms)
			EditorAssembliesLoaded (0ms)
		ExecutionOrderSort2 (0ms)
		AwakeInstancesAfterBackupRestoration (1ms)
Refreshing native plugins compatible for Editor in 0.46 ms, found 2 plugins.
Preloading 0 native plugins for Editor in 0.00 ms.
Unloading 3098 Unused Serialized files (Serialized files now loaded: 0)
Unloading 13 unused Assets / (27.7 KB). Loaded Objects now: 3795.
Memory consumption went from 476.8 MB to 476.8 MB.
Total: 1.516417 ms (FindLiveObjects: 0.090625 ms CreateObjectMapping: 0.025000 ms MarkObjects: 1.379500 ms  DeleteObjects: 0.021000 ms)

Prepare: number of updated asset objects reloaded= 0
AssetImportParameters requested are different than current active one (requested -> active):
  custom:container-demuxer-ogg: 62fdf1f143b41e24485cea50d1cbac27 -> 
  custom:video-decoder-ogg-theora: a1e56fd34408186e4bbccfd4996cb3dc -> 
  custom:CustomObjectIndexerAttribute: 9a22284fe3817be447336de3de66b15e -> 
  custom:container-demuxer-webm: 4f35f7cbe854078d1ac9338744f61a02 -> 
  custom:container-muxer-webm: aa71ff27fc2769a1b78a27578f13a17b -> 
  custom:scripting/monoscript/fileName/ClearCounter.cs: 733019e1f683a3c33c1b0f446554f075 -> 
  custom:video-decoder-webm-vp8: 9c59270c3fd7afecdb556c50c9e8de78 -> 
  custom:SearchIndexIgnoredProperties: e643bd26f0fe6173181afceb89e7c659 -> 
  custom:AudioImporter_EditorPlatform: 3918e3fc78b5a79bad01e8451be0beb8 -> 
  custom:scripting/monoscript/fileName/Movment.cs: da45837ad5f5a57f6fce82c5870b0f43 -> 
  custom:framework-osx-AVFoundation: e770b220cccbd017edd2c1fefb359320 -> 
  custom:video-encoder-webm-vp8: eb34c28f22e8b96e1ab97ce403110664 -> 
  custom:audio-decoder-ogg-vorbis: bf7c407c2cedff20999df2af8eb42d56 -> 
  custom:scripting/monoscript/fileName/Movement.cs: 1bc12bc9370e727baa54e145392501fb -> 
  custom:scripting/monoscript/fileName/Player.cs: 007e2e63cbf915a2b71612a7f593548a -> 
  custom:audio-encoder-webm-vorbis: bf7c407c2cedff20999df2af8eb42d56 -> 
  custom:scripting/precompiled-assembly-types:Assembly-CSharp: 6b5ab6d2ca0396fbf9e27305abf9e729 -> 
========================================================================
Received Prepare
Caller must complete domain reload
Begin MonoManager ReloadAssembly
Thread 0x307ee7000 may have been prematurely finalized
- Loaded All Assemblies, in  0.158 seconds
Native extension for Android target not found
Native extension for OSXStandalone target not found
Mono: successfully reloaded assembly
- Finished resetting the current domain, in  0.332 seconds
Domain Reload Profiling: 490ms
	BeginReloadAssembly (60ms)
		ExecutionOrderSort (0ms)
		DisableScriptedObjects (2ms)
		BackupInstance (0ms)
		ReleaseScriptingObjects (0ms)
		CreateAndSetChildDomain (19ms)
	RebuildCommonClasses (16ms)
	RebuildNativeTypeToScriptingClass (5ms)
	initialDomainReloadingComplete (9ms)
	LoadAllAssembliesAndSetupDomain (68ms)
		LoadAssemblies (80ms)
		RebuildTransferFunctionScriptingTraits (0ms)
		AnalyzeDomain (7ms)
			TypeCache.Refresh (3ms)
				TypeCache.ScanAssembly (0ms)
			ScanForSourceGeneratedMonoScriptInfo (0ms)
			ResolveRequiredComponents (3ms)
	FinalizeReload (332ms)
		ReleaseScriptCaches (0ms)
		RebuildScriptCaches (0ms)
		SetupLoadedEditorAssemblies (193ms)
			LogAssemblyErrors (0ms)
			InitializePlatformSupportModulesInManaged (6ms)
			SetLoadedEditorAssemblies (3ms)
			RefreshPlugins (0ms)
			BeforeProcessingInitializeOnLoad (25ms)
			ProcessInitializeOnLoadAttributes (149ms)
			ProcessInitializeOnLoadMethodAttributes (9ms)
			AfterProcessingInitializeOnLoad (0ms)
			EditorAssembliesLoaded (0ms)
		ExecutionOrderSort2 (0ms)
		AwakeInstancesAfterBackupRestoration (2ms)
Refreshing native plugins compatible for Editor in 0.50 ms, found 2 plugins.
Preloading 0 native plugins for Editor in 0.00 ms.
Unloading 3098 Unused Serialized files (Serialized files now loaded: 0)
Unloading 13 unused Assets / (27.8 KB). Loaded Objects now: 3798.
Memory consumption went from 482.6 MB to 482.6 MB.
Total: 1.600000 ms (FindLiveObjects: 0.087416 ms CreateObjectMapping: 0.024709 ms MarkObjects: 1.468166 ms  DeleteObjects: 0.019375 ms)

Prepare: number of updated asset objects reloaded= 0
AssetImportParameters requested are different than current active one (requested -> active):
  custom:container-demuxer-ogg: 62fdf1f143b41e24485cea50d1cbac27 -> 
  custom:video-decoder-ogg-theora: a1e56fd34408186e4bbccfd4996cb3dc -> 
  custom:CustomObjectIndexerAttribute: 9a22284fe3817be447336de3de66b15e -> 
  custom:container-demuxer-webm: 4f35f7cbe854078d1ac9338744f61a02 -> 
  custom:container-muxer-webm: aa71ff27fc2769a1b78a27578f13a17b -> 
  custom:scripting/monoscript/fileName/ClearCounter.cs: 733019e1f683a3c33c1b0f446554f075 -> 
  custom:video-decoder-webm-vp8: 9c59270c3fd7afecdb556c50c9e8de78 -> 
  custom:SearchIndexIgnoredProperties: e643bd26f0fe6173181afceb89e7c659 -> 
  custom:AudioImporter_EditorPlatform: 3918e3fc78b5a79bad01e8451be0beb8 -> 
  custom:scripting/monoscript/fileName/Movment.cs: da45837ad5f5a57f6fce82c5870b0f43 -> 
  custom:framework-osx-AVFoundation: e770b220cccbd017edd2c1fefb359320 -> 
  custom:video-encoder-webm-vp8: eb34c28f22e8b96e1ab97ce403110664 -> 
  custom:audio-decoder-ogg-vorbis: bf7c407c2cedff20999df2af8eb42d56 -> 
  custom:scripting/monoscript/fileName/Movement.cs: 1bc12bc9370e727baa54e145392501fb -> 
  custom:scripting/monoscript/fileName/Player.cs: 007e2e63cbf915a2b71612a7f593548a -> 
  custom:audio-encoder-webm-vorbis: bf7c407c2cedff20999df2af8eb42d56 -> 
  custom:scripting/precompiled-assembly-types:Assembly-CSharp: 6b5ab6d2ca0396fbf9e27305abf9e729 -> 
========================================================================
Received Prepare
Caller must complete domain reload
Begin MonoManager ReloadAssembly
Thread 0x307ee7000 may have been prematurely finalized
- Loaded All Assemblies, in  0.158 seconds
Native extension for Android target not found
Native extension for OSXStandalone target not found
Mono: successfully reloaded assembly
- Finished resetting the current domain, in  0.331 seconds
Domain Reload Profiling: 489ms
	BeginReloadAssembly (60ms)
		ExecutionOrderSort (0ms)
		DisableScriptedObjects (2ms)
		BackupInstance (0ms)
		ReleaseScriptingObjects (0ms)
		CreateAndSetChildDomain (20ms)
	RebuildCommonClasses (17ms)
	RebuildNativeTypeToScriptingClass (5ms)
	initialDomainReloadingComplete (10ms)
	LoadAllAssembliesAndSetupDomain (66ms)
		LoadAssemblies (79ms)
		RebuildTransferFunctionScriptingTraits (0ms)
		AnalyzeDomain (7ms)
			TypeCache.Refresh (3ms)
				TypeCache.ScanAssembly (0ms)
			ScanForSourceGeneratedMonoScriptInfo (0ms)
			ResolveRequiredComponents (3ms)
	FinalizeReload (331ms)
		ReleaseScriptCaches (0ms)
		RebuildScriptCaches (0ms)
		SetupLoadedEditorAssemblies (194ms)
			LogAssemblyErrors (0ms)
			InitializePlatformSupportModulesInManaged (6ms)
			SetLoadedEditorAssemblies (2ms)
			RefreshPlugins (0ms)
			BeforeProcessingInitializeOnLoad (24ms)
			ProcessInitializeOnLoadAttributes (152ms)
			ProcessInitializeOnLoadMethodAttributes (9ms)
			AfterProcessingInitializeOnLoad (0ms)
			EditorAssembliesLoaded (0ms)
		ExecutionOrderSort2 (0ms)
		AwakeInstancesAfterBackupRestoration (2ms)
Refreshing native plugins compatible for Editor in 0.50 ms, found 2 plugins.
Preloading 0 native plugins for Editor in 0.00 ms.
Unloading 3098 Unused Serialized files (Serialized files now loaded: 0)
Unloading 13 unused Assets / (27.7 KB). Loaded Objects now: 3801.
Memory consumption went from 488.4 MB to 488.4 MB.
Total: 1.622708 ms (FindLiveObjects: 0.083750 ms CreateObjectMapping: 0.027583 ms MarkObjects: 1.490417 ms  DeleteObjects: 0.020625 ms)

Prepare: number of updated asset objects reloaded= 0
AssetImportParameters requested are different than current active one (requested -> active):
  custom:container-demuxer-ogg: 62fdf1f143b41e24485cea50d1cbac27 -> 
  custom:video-decoder-ogg-theora: a1e56fd34408186e4bbccfd4996cb3dc -> 
  custom:CustomObjectIndexerAttribute: 9a22284fe3817be447336de3de66b15e -> 
  custom:container-demuxer-webm: 4f35f7cbe854078d1ac9338744f61a02 -> 
  custom:container-muxer-webm: aa71ff27fc2769a1b78a27578f13a17b -> 
  custom:scripting/monoscript/fileName/ClearCounter.cs: 733019e1f683a3c33c1b0f446554f075 -> 
  custom:video-decoder-webm-vp8: 9c59270c3fd7afecdb556c50c9e8de78 -> 
  custom:SearchIndexIgnoredProperties: e643bd26f0fe6173181afceb89e7c659 -> 
  custom:AudioImporter_EditorPlatform: 3918e3fc78b5a79bad01e8451be0beb8 -> 
  custom:scripting/monoscript/fileName/Movment.cs: da45837ad5f5a57f6fce82c5870b0f43 -> 
  custom:framework-osx-AVFoundation: e770b220cccbd017edd2c1fefb359320 -> 
  custom:video-encoder-webm-vp8: eb34c28f22e8b96e1ab97ce403110664 -> 
  custom:audio-decoder-ogg-vorbis: bf7c407c2cedff20999df2af8eb42d56 -> 
  custom:scripting/monoscript/fileName/Movement.cs: 1bc12bc9370e727baa54e145392501fb -> 
  custom:scripting/monoscript/fileName/Player.cs: 007e2e63cbf915a2b71612a7f593548a -> 
  custom:audio-encoder-webm-vorbis: bf7c407c2cedff20999df2af8eb42d56 -> 
  custom:scripting/precompiled-assembly-types:Assembly-CSharp: 6b5ab6d2ca0396fbf9e27305abf9e729 -> 
========================================================================
Received Prepare
Caller must complete domain reload
Begin MonoManager ReloadAssembly
Thread 0x307ee7000 may have been prematurely finalized
- Loaded All Assemblies, in  0.175 seconds
Native extension for Android target not found
Native extension for OSXStandalone target not found
Mono: successfully reloaded assembly
- Finished resetting the current domain, in  0.510 seconds
Domain Reload Profiling: 685ms
	BeginReloadAssembly (60ms)
		ExecutionOrderSort (0ms)
		DisableScriptedObjects (2ms)
		BackupInstance (0ms)
		ReleaseScriptingObjects (0ms)
		CreateAndSetChildDomain (20ms)
	RebuildCommonClasses (17ms)
	RebuildNativeTypeToScriptingClass (6ms)
	initialDomainReloadingComplete (10ms)
	LoadAllAssembliesAndSetupDomain (84ms)
		LoadAssemblies (97ms)
		RebuildTransferFunctionScriptingTraits (0ms)
		AnalyzeDomain (7ms)
			TypeCache.Refresh (4ms)
				TypeCache.ScanAssembly (0ms)
			ScanForSourceGeneratedMonoScriptInfo (0ms)
			ResolveRequiredComponents (3ms)
	FinalizeReload (510ms)
		ReleaseScriptCaches (0ms)
		RebuildScriptCaches (0ms)
		SetupLoadedEditorAssemblies (186ms)
			LogAssemblyErrors (0ms)
			InitializePlatformSupportModulesInManaged (6ms)
			SetLoadedEditorAssemblies (2ms)
			RefreshPlugins (0ms)
			BeforeProcessingInitializeOnLoad (24ms)
			ProcessInitializeOnLoadAttributes (145ms)
			ProcessInitializeOnLoadMethodAttributes (8ms)
			AfterProcessingInitializeOnLoad (0ms)
			EditorAssembliesLoaded (0ms)
		ExecutionOrderSort2 (0ms)
		AwakeInstancesAfterBackupRestoration (2ms)
Refreshing native plugins compatible for Editor in 0.48 ms, found 2 plugins.
Preloading 0 native plugins for Editor in 0.00 ms.
Unloading 3098 Unused Serialized files (Serialized files now loaded: 0)
Unloading 13 unused Assets / (27.8 KB). Loaded Objects now: 3804.
Memory consumption went from 494.2 MB to 494.2 MB.
Total: 1.606792 ms (FindLiveObjects: 0.074959 ms CreateObjectMapping: 0.024583 ms MarkObjects: 1.485875 ms  DeleteObjects: 0.020958 ms)

Prepare: number of updated asset objects reloaded= 0
AssetImportParameters requested are different than current active one (requested -> active):
  custom:container-demuxer-ogg: 62fdf1f143b41e24485cea50d1cbac27 -> 
  custom:video-decoder-ogg-theora: a1e56fd34408186e4bbccfd4996cb3dc -> 
  custom:CustomObjectIndexerAttribute: 9a22284fe3817be447336de3de66b15e -> 
  custom:container-demuxer-webm: 4f35f7cbe854078d1ac9338744f61a02 -> 
  custom:container-muxer-webm: aa71ff27fc2769a1b78a27578f13a17b -> 
  custom:scripting/monoscript/fileName/ClearCounter.cs: 733019e1f683a3c33c1b0f446554f075 -> 
  custom:video-decoder-webm-vp8: 9c59270c3fd7afecdb556c50c9e8de78 -> 
  custom:SearchIndexIgnoredProperties: e643bd26f0fe6173181afceb89e7c659 -> 
  custom:AudioImporter_EditorPlatform: 3918e3fc78b5a79bad01e8451be0beb8 -> 
  custom:scripting/monoscript/fileName/Movment.cs: da45837ad5f5a57f6fce82c5870b0f43 -> 
  custom:framework-osx-AVFoundation: e770b220cccbd017edd2c1fefb359320 -> 
  custom:video-encoder-webm-vp8: eb34c28f22e8b96e1ab97ce403110664 -> 
  custom:audio-decoder-ogg-vorbis: bf7c407c2cedff20999df2af8eb42d56 -> 
  custom:scripting/monoscript/fileName/Movement.cs: 1bc12bc9370e727baa54e145392501fb -> 
  custom:scripting/monoscript/fileName/Player.cs: 007e2e63cbf915a2b71612a7f593548a -> 
  custom:audio-encoder-webm-vorbis: bf7c407c2cedff20999df2af8eb42d56 -> 
  custom:scripting/precompiled-assembly-types:Assembly-CSharp: 6b5ab6d2ca0396fbf9e27305abf9e729 -> 
========================================================================
Received Prepare
Caller must complete domain reload
Begin MonoManager ReloadAssembly
Thread 0x307ee7000 may have been prematurely finalized
- Loaded All Assemblies, in  0.182 seconds
Native extension for Android target not found
Native extension for OSXStandalone target not found
Mono: successfully reloaded assembly
- Finished resetting the current domain, in  0.499 seconds
Domain Reload Profiling: 681ms
	BeginReloadAssembly (60ms)
		ExecutionOrderSort (0ms)
		DisableScriptedObjects (2ms)
		BackupInstance (0ms)
		ReleaseScriptingObjects (0ms)
		CreateAndSetChildDomain (20ms)
	RebuildCommonClasses (17ms)
	RebuildNativeTypeToScriptingClass (5ms)
	initialDomainReloadingComplete (10ms)
	LoadAllAssembliesAndSetupDomain (90ms)
		LoadAssemblies (99ms)
		RebuildTransferFunctionScriptingTraits (0ms)
		AnalyzeDomain (10ms)
			TypeCache.Refresh (5ms)
				TypeCache.ScanAssembly (0ms)
			ScanForSourceGeneratedMonoScriptInfo (3ms)
			ResolveRequiredComponents (2ms)
	FinalizeReload (500ms)
		ReleaseScriptCaches (0ms)
		RebuildScriptCaches (0ms)
		SetupLoadedEditorAssemblies (182ms)
			LogAssemblyErrors (0ms)
			InitializePlatformSupportModulesInManaged (6ms)
			SetLoadedEditorAssemblies (2ms)
			RefreshPlugins (0ms)
			BeforeProcessingInitializeOnLoad (24ms)
			ProcessInitializeOnLoadAttributes (143ms)
			ProcessInitializeOnLoadMethodAttributes (8ms)
			AfterProcessingInitializeOnLoad (0ms)
			EditorAssembliesLoaded (0ms)
		ExecutionOrderSort2 (0ms)
		AwakeInstancesAfterBackupRestoration (1ms)
Refreshing native plugins compatible for Editor in 0.51 ms, found 2 plugins.
Preloading 0 native plugins for Editor in 0.00 ms.
Unloading 3098 Unused Serialized files (Serialized files now loaded: 0)
Unloading 13 unused Assets / (27.8 KB). Loaded Objects now: 3807.
Memory consumption went from 500.0 MB to 500.0 MB.
Total: 1.644167 ms (FindLiveObjects: 0.104792 ms CreateObjectMapping: 0.039125 ms MarkObjects: 1.480625 ms  DeleteObjects: 0.019209 ms)

Prepare: number of updated asset objects reloaded= 0
AssetImportParameters requested are different than current active one (requested -> active):
  custom:container-demuxer-ogg: 62fdf1f143b41e24485cea50d1cbac27 -> 
  custom:video-decoder-ogg-theora: a1e56fd34408186e4bbccfd4996cb3dc -> 
  custom:CustomObjectIndexerAttribute: 9a22284fe3817be447336de3de66b15e -> 
  custom:container-demuxer-webm: 4f35f7cbe854078d1ac9338744f61a02 -> 
  custom:container-muxer-webm: aa71ff27fc2769a1b78a27578f13a17b -> 
  custom:scripting/monoscript/fileName/ClearCounter.cs: 733019e1f683a3c33c1b0f446554f075 -> 
  custom:video-decoder-webm-vp8: 9c59270c3fd7afecdb556c50c9e8de78 -> 
  custom:SearchIndexIgnoredProperties: e643bd26f0fe6173181afceb89e7c659 -> 
  custom:AudioImporter_EditorPlatform: 3918e3fc78b5a79bad01e8451be0beb8 -> 
  custom:scripting/monoscript/fileName/Movment.cs: da45837ad5f5a57f6fce82c5870b0f43 -> 
  custom:framework-osx-AVFoundation: e770b220cccbd017edd2c1fefb359320 -> 
  custom:video-encoder-webm-vp8: eb34c28f22e8b96e1ab97ce403110664 -> 
  custom:audio-decoder-ogg-vorbis: bf7c407c2cedff20999df2af8eb42d56 -> 
  custom:scripting/monoscript/fileName/Movement.cs: 1bc12bc9370e727baa54e145392501fb -> 
  custom:scripting/monoscript/fileName/Player.cs: 007e2e63cbf915a2b71612a7f593548a -> 
  custom:audio-encoder-webm-vorbis: bf7c407c2cedff20999df2af8eb42d56 -> 
  custom:scripting/precompiled-assembly-types:Assembly-CSharp: 6b5ab6d2ca0396fbf9e27305abf9e729 -> 
========================================================================
Received Prepare
Caller must complete domain reload
Begin MonoManager ReloadAssembly
Thread 0x307ee7000 may have been prematurely finalized
- Loaded All Assemblies, in  0.159 seconds
Native extension for Android target not found
Native extension for OSXStandalone target not found
Mono: successfully reloaded assembly
- Finished resetting the current domain, in  0.315 seconds
Domain Reload Profiling: 475ms
	BeginReloadAssembly (59ms)
		ExecutionOrderSort (0ms)
		DisableScriptedObjects (2ms)
		BackupInstance (0ms)
		ReleaseScriptingObjects (0ms)
		CreateAndSetChildDomain (19ms)
	RebuildCommonClasses (17ms)
	RebuildNativeTypeToScriptingClass (5ms)
	initialDomainReloadingComplete (10ms)
	LoadAllAssembliesAndSetupDomain (68ms)
		LoadAssemblies (81ms)
		RebuildTransferFunctionScriptingTraits (0ms)
		AnalyzeDomain (7ms)
			TypeCache.Refresh (4ms)
				TypeCache.ScanAssembly (0ms)
			ScanForSourceGeneratedMonoScriptInfo (0ms)
			ResolveRequiredComponents (2ms)
	FinalizeReload (316ms)
		ReleaseScriptCaches (0ms)
		RebuildScriptCaches (0ms)
		SetupLoadedEditorAssemblies (188ms)
			LogAssemblyErrors (0ms)
			InitializePlatformSupportModulesInManaged (6ms)
			SetLoadedEditorAssemblies (2ms)
			RefreshPlugins (0ms)
			BeforeProcessingInitializeOnLoad (23ms)
			ProcessInitializeOnLoadAttributes (148ms)
			ProcessInitializeOnLoadMethodAttributes (8ms)
			AfterProcessingInitializeOnLoad (0ms)
			EditorAssembliesLoaded (0ms)
		ExecutionOrderSort2 (0ms)
		AwakeInstancesAfterBackupRestoration (2ms)
Refreshing native plugins compatible for Editor in 0.58 ms, found 2 plugins.
Preloading 0 native plugins for Editor in 0.00 ms.
Unloading 3098 Unused Serialized files (Serialized files now loaded: 0)
Unloading 13 unused Assets / (27.8 KB). Loaded Objects now: 3810.
Memory consumption went from 505.8 MB to 505.8 MB.
Total: 1.685875 ms (FindLiveObjects: 0.084792 ms CreateObjectMapping: 0.024500 ms MarkObjects: 1.554333 ms  DeleteObjects: 0.021750 ms)

Prepare: number of updated asset objects reloaded= 0
AssetImportParameters requested are different than current active one (requested -> active):
  custom:container-demuxer-ogg: 62fdf1f143b41e24485cea50d1cbac27 -> 
  custom:video-decoder-ogg-theora: a1e56fd34408186e4bbccfd4996cb3dc -> 
  custom:CustomObjectIndexerAttribute: 9a22284fe3817be447336de3de66b15e -> 
  custom:container-demuxer-webm: 4f35f7cbe854078d1ac9338744f61a02 -> 
  custom:container-muxer-webm: aa71ff27fc2769a1b78a27578f13a17b -> 
  custom:scripting/monoscript/fileName/ClearCounter.cs: 733019e1f683a3c33c1b0f446554f075 -> 
  custom:video-decoder-webm-vp8: 9c59270c3fd7afecdb556c50c9e8de78 -> 
  custom:SearchIndexIgnoredProperties: e643bd26f0fe6173181afceb89e7c659 -> 
  custom:AudioImporter_EditorPlatform: 3918e3fc78b5a79bad01e8451be0beb8 -> 
  custom:scripting/monoscript/fileName/Movment.cs: da45837ad5f5a57f6fce82c5870b0f43 -> 
  custom:framework-osx-AVFoundation: e770b220cccbd017edd2c1fefb359320 -> 
  custom:video-encoder-webm-vp8: eb34c28f22e8b96e1ab97ce403110664 -> 
  custom:audio-decoder-ogg-vorbis: bf7c407c2cedff20999df2af8eb42d56 -> 
  custom:scripting/monoscript/fileName/Movement.cs: 1bc12bc9370e727baa54e145392501fb -> 
  custom:scripting/monoscript/fileName/Player.cs: 007e2e63cbf915a2b71612a7f593548a -> 
  custom:audio-encoder-webm-vorbis: bf7c407c2cedff20999df2af8eb42d56 -> 
  custom:scripting/precompiled-assembly-types:Assembly-CSharp: 6b5ab6d2ca0396fbf9e27305abf9e729 -> 
========================================================================
Received Prepare
Caller must complete domain reload
Begin MonoManager ReloadAssembly
Thread 0x307ee7000 may have been prematurely finalized
- Loaded All Assemblies, in  0.176 seconds
Native extension for Android target not found
Native extension for OSXStandalone target not found
Mono: successfully reloaded assembly
- Finished resetting the current domain, in  0.507 seconds
Domain Reload Profiling: 683ms
	BeginReloadAssembly (59ms)
		ExecutionOrderSort (0ms)
		DisableScriptedObjects (2ms)
		BackupInstance (0ms)
		ReleaseScriptingObjects (0ms)
		CreateAndSetChildDomain (19ms)
	RebuildCommonClasses (17ms)
	RebuildNativeTypeToScriptingClass (6ms)
	initialDomainReloadingComplete (9ms)
	LoadAllAssembliesAndSetupDomain (85ms)
		LoadAssemblies (94ms)
		RebuildTransferFunctionScriptingTraits (0ms)
		AnalyzeDomain (10ms)
			TypeCache.Refresh (4ms)
				TypeCache.ScanAssembly (0ms)
			ScanForSourceGeneratedMonoScriptInfo (3ms)
			ResolveRequiredComponents (2ms)
	FinalizeReload (507ms)
		ReleaseScriptCaches (0ms)
		RebuildScriptCaches (0ms)
		SetupLoadedEditorAssemblies (186ms)
			LogAssemblyErrors (0ms)
			InitializePlatformSupportModulesInManaged (6ms)
			SetLoadedEditorAssemblies (2ms)
			RefreshPlugins (0ms)
			BeforeProcessingInitializeOnLoad (24ms)
			ProcessInitializeOnLoadAttributes (145ms)
			ProcessInitializeOnLoadMethodAttributes (8ms)
			AfterProcessingInitializeOnLoad (0ms)
			EditorAssembliesLoaded (0ms)
		ExecutionOrderSort2 (0ms)
		AwakeInstancesAfterBackupRestoration (2ms)
Refreshing native plugins compatible for Editor in 0.49 ms, found 2 plugins.
Preloading 0 native plugins for Editor in 0.00 ms.
Unloading 3098 Unused Serialized files (Serialized files now loaded: 0)
Unloading 13 unused Assets / (27.8 KB). Loaded Objects now: 3813.
Memory consumption went from 511.6 MB to 511.5 MB.
Total: 1.778375 ms (FindLiveObjects: 0.104042 ms CreateObjectMapping: 0.027833 ms MarkObjects: 1.627125 ms  DeleteObjects: 0.018541 ms)

Prepare: number of updated asset objects reloaded= 0
AssetImportParameters requested are different than current active one (requested -> active):
  custom:container-demuxer-ogg: 62fdf1f143b41e24485cea50d1cbac27 -> 
  custom:video-decoder-ogg-theora: a1e56fd34408186e4bbccfd4996cb3dc -> 
  custom:CustomObjectIndexerAttribute: 9a22284fe3817be447336de3de66b15e -> 
  custom:container-demuxer-webm: 4f35f7cbe854078d1ac9338744f61a02 -> 
  custom:container-muxer-webm: aa71ff27fc2769a1b78a27578f13a17b -> 
  custom:scripting/monoscript/fileName/ClearCounter.cs: 733019e1f683a3c33c1b0f446554f075 -> 
  custom:video-decoder-webm-vp8: 9c59270c3fd7afecdb556c50c9e8de78 -> 
  custom:SearchIndexIgnoredProperties: e643bd26f0fe6173181afceb89e7c659 -> 
  custom:AudioImporter_EditorPlatform: 3918e3fc78b5a79bad01e8451be0beb8 -> 
  custom:scripting/monoscript/fileName/Movment.cs: da45837ad5f5a57f6fce82c5870b0f43 -> 
  custom:framework-osx-AVFoundation: e770b220cccbd017edd2c1fefb359320 -> 
  custom:video-encoder-webm-vp8: eb34c28f22e8b96e1ab97ce403110664 -> 
  custom:audio-decoder-ogg-vorbis: bf7c407c2cedff20999df2af8eb42d56 -> 
  custom:scripting/monoscript/fileName/Movement.cs: 1bc12bc9370e727baa54e145392501fb -> 
  custom:scripting/monoscript/fileName/Player.cs: 007e2e63cbf915a2b71612a7f593548a -> 
  custom:audio-encoder-webm-vorbis: bf7c407c2cedff20999df2af8eb42d56 -> 
  custom:scripting/precompiled-assembly-types:Assembly-CSharp: 6b5ab6d2ca0396fbf9e27305abf9e729 -> 
========================================================================
Received Prepare
Caller must complete domain reload
Begin MonoManager ReloadAssembly
Thread 0x307ee7000 may have been prematurely finalized
- Loaded All Assemblies, in  0.162 seconds
Native extension for Android target not found
Native extension for OSXStandalone target not found
Mono: successfully reloaded assembly
- Finished resetting the current domain, in  0.318 seconds
Domain Reload Profiling: 479ms
	BeginReloadAssembly (61ms)
		ExecutionOrderSort (0ms)
		DisableScriptedObjects (2ms)
		BackupInstance (0ms)
		ReleaseScriptingObjects (0ms)
		CreateAndSetChildDomain (20ms)
	RebuildCommonClasses (17ms)
	RebuildNativeTypeToScriptingClass (6ms)
	initialDomainReloadingComplete (10ms)
	LoadAllAssembliesAndSetupDomain (69ms)
		LoadAssemblies (82ms)
		RebuildTransferFunctionScriptingTraits (0ms)
		AnalyzeDomain (7ms)
			TypeCache.Refresh (4ms)
				TypeCache.ScanAssembly (0ms)
			ScanForSourceGeneratedMonoScriptInfo (0ms)
			ResolveRequiredComponents (3ms)
	FinalizeReload (318ms)
		ReleaseScriptCaches (0ms)
		RebuildScriptCaches (0ms)
		SetupLoadedEditorAssemblies (189ms)
			LogAssemblyErrors (0ms)
			InitializePlatformSupportModulesInManaged (6ms)
			SetLoadedEditorAssemblies (2ms)
			RefreshPlugins (0ms)
			BeforeProcessingInitializeOnLoad (25ms)
			ProcessInitializeOnLoadAttributes (148ms)
			ProcessInitializeOnLoadMethodAttributes (8ms)
			AfterProcessingInitializeOnLoad (0ms)
			EditorAssembliesLoaded (0ms)
		ExecutionOrderSort2 (0ms)
		AwakeInstancesAfterBackupRestoration (2ms)
Refreshing native plugins compatible for Editor in 0.43 ms, found 2 plugins.
Preloading 0 native plugins for Editor in 0.00 ms.
Unloading 3098 Unused Serialized files (Serialized files now loaded: 0)
Unloading 13 unused Assets / (27.8 KB). Loaded Objects now: 3816.
Memory consumption went from 0.50 GB to 0.50 GB.
Total: 1.609458 ms (FindLiveObjects: 0.079875 ms CreateObjectMapping: 0.024041 ms MarkObjects: 1.485167 ms  DeleteObjects: 0.020000 ms)

Prepare: number of updated asset objects reloaded= 0
AssetImportParameters requested are different than current active one (requested -> active):
  custom:container-demuxer-ogg: 62fdf1f143b41e24485cea50d1cbac27 -> 
  custom:video-decoder-ogg-theora: a1e56fd34408186e4bbccfd4996cb3dc -> 
  custom:CustomObjectIndexerAttribute: 9a22284fe3817be447336de3de66b15e -> 
  custom:container-demuxer-webm: 4f35f7cbe854078d1ac9338744f61a02 -> 
  custom:container-muxer-webm: aa71ff27fc2769a1b78a27578f13a17b -> 
  custom:scripting/monoscript/fileName/ClearCounter.cs: 733019e1f683a3c33c1b0f446554f075 -> 
  custom:video-decoder-webm-vp8: 9c59270c3fd7afecdb556c50c9e8de78 -> 
  custom:SearchIndexIgnoredProperties: e643bd26f0fe6173181afceb89e7c659 -> 
  custom:AudioImporter_EditorPlatform: 3918e3fc78b5a79bad01e8451be0beb8 -> 
  custom:scripting/monoscript/fileName/Movment.cs: da45837ad5f5a57f6fce82c5870b0f43 -> 
  custom:framework-osx-AVFoundation: e770b220cccbd017edd2c1fefb359320 -> 
  custom:video-encoder-webm-vp8: eb34c28f22e8b96e1ab97ce403110664 -> 
  custom:audio-decoder-ogg-vorbis: bf7c407c2cedff20999df2af8eb42d56 -> 
  custom:scripting/monoscript/fileName/Movement.cs: 1bc12bc9370e727baa54e145392501fb -> 
  custom:scripting/monoscript/fileName/Player.cs: 007e2e63cbf915a2b71612a7f593548a -> 
  custom:audio-encoder-webm-vorbis: bf7c407c2cedff20999df2af8eb42d56 -> 
  custom:scripting/precompiled-assembly-types:Assembly-CSharp: 6b5ab6d2ca0396fbf9e27305abf9e729 -> 
========================================================================
Received Prepare
Caller must complete domain reload
Begin MonoManager ReloadAssembly
Thread 0x307ee7000 may have been prematurely finalized
- Loaded All Assemblies, in  0.162 seconds
Native extension for Android target not found
Native extension for OSXStandalone target not found
Mono: successfully reloaded assembly
- Finished resetting the current domain, in  0.331 seconds
Domain Reload Profiling: 493ms
	BeginReloadAssembly (60ms)
		ExecutionOrderSort (0ms)
		DisableScriptedObjects (2ms)
		BackupInstance (0ms)
		ReleaseScriptingObjects (0ms)
		CreateAndSetChildDomain (19ms)
	RebuildCommonClasses (17ms)
	RebuildNativeTypeToScriptingClass (5ms)
	initialDomainReloadingComplete (10ms)
	LoadAllAssembliesAndSetupDomain (70ms)
		LoadAssemblies (84ms)
		RebuildTransferFunctionScriptingTraits (0ms)
		AnalyzeDomain (7ms)
			TypeCache.Refresh (3ms)
				TypeCache.ScanAssembly (0ms)
			ScanForSourceGeneratedMonoScriptInfo (0ms)
			ResolveRequiredComponents (3ms)
	FinalizeReload (331ms)
		ReleaseScriptCaches (0ms)
		RebuildScriptCaches (0ms)
		SetupLoadedEditorAssemblies (194ms)
			LogAssemblyErrors (0ms)
			InitializePlatformSupportModulesInManaged (6ms)
			SetLoadedEditorAssemblies (2ms)
			RefreshPlugins (0ms)
			BeforeProcessingInitializeOnLoad (25ms)
			ProcessInitializeOnLoadAttributes (150ms)
			ProcessInitializeOnLoadMethodAttributes (9ms)
			AfterProcessingInitializeOnLoad (0ms)
			EditorAssembliesLoaded (0ms)
		ExecutionOrderSort2 (0ms)
		AwakeInstancesAfterBackupRestoration (2ms)
Refreshing native plugins compatible for Editor in 0.51 ms, found 2 plugins.
Preloading 0 native plugins for Editor in 0.00 ms.
Unloading 3098 Unused Serialized files (Serialized files now loaded: 0)
Unloading 13 unused Assets / (27.8 KB). Loaded Objects now: 3819.
Memory consumption went from 0.51 GB to 0.51 GB.
Total: 1.729250 ms (FindLiveObjects: 0.092166 ms CreateObjectMapping: 0.025459 ms MarkObjects: 1.591750 ms  DeleteObjects: 0.019375 ms)

Prepare: number of updated asset objects reloaded= 0
AssetImportParameters requested are different than current active one (requested -> active):
  custom:container-demuxer-ogg: 62fdf1f143b41e24485cea50d1cbac27 -> 
  custom:video-decoder-ogg-theora: a1e56fd34408186e4bbccfd4996cb3dc -> 
  custom:CustomObjectIndexerAttribute: 9a22284fe3817be447336de3de66b15e -> 
  custom:container-demuxer-webm: 4f35f7cbe854078d1ac9338744f61a02 -> 
  custom:container-muxer-webm: aa71ff27fc2769a1b78a27578f13a17b -> 
  custom:scripting/monoscript/fileName/ClearCounter.cs: 733019e1f683a3c33c1b0f446554f075 -> 
  custom:video-decoder-webm-vp8: 9c59270c3fd7afecdb556c50c9e8de78 -> 
  custom:SearchIndexIgnoredProperties: e643bd26f0fe6173181afceb89e7c659 -> 
  custom:AudioImporter_EditorPlatform: 3918e3fc78b5a79bad01e8451be0beb8 -> 
  custom:scripting/monoscript/fileName/Movment.cs: da45837ad5f5a57f6fce82c5870b0f43 -> 
  custom:framework-osx-AVFoundation: e770b220cccbd017edd2c1fefb359320 -> 
  custom:video-encoder-webm-vp8: eb34c28f22e8b96e1ab97ce403110664 -> 
  custom:audio-decoder-ogg-vorbis: bf7c407c2cedff20999df2af8eb42d56 -> 
  custom:scripting/monoscript/fileName/Movement.cs: 1bc12bc9370e727baa54e145392501fb -> 
  custom:scripting/monoscript/fileName/Player.cs: 007e2e63cbf915a2b71612a7f593548a -> 
  custom:audio-encoder-webm-vorbis: bf7c407c2cedff20999df2af8eb42d56 -> 
  custom:scripting/precompiled-assembly-types:Assembly-CSharp: 6b5ab6d2ca0396fbf9e27305abf9e729 -> 
========================================================================
Received Prepare
Caller must complete domain reload
Begin MonoManager ReloadAssembly
Thread 0x307ee7000 may have been prematurely finalized
- Loaded All Assemblies, in  0.171 seconds
Native extension for Android target not found
Native extension for OSXStandalone target not found
Mono: successfully reloaded assembly
- Finished resetting the current domain, in  0.509 seconds
Domain Reload Profiling: 680ms
	BeginReloadAssembly (60ms)
		ExecutionOrderSort (0ms)
		DisableScriptedObjects (2ms)
		BackupInstance (0ms)
		ReleaseScriptingObjects (0ms)
		CreateAndSetChildDomain (19ms)
	RebuildCommonClasses (17ms)
	RebuildNativeTypeToScriptingClass (5ms)
	initialDomainReloadingComplete (9ms)
	LoadAllAssembliesAndSetupDomain (80ms)
		LoadAssemblies (89ms)
		RebuildTransferFunctionScriptingTraits (0ms)
		AnalyzeDomain (11ms)
			TypeCache.Refresh (5ms)
				TypeCache.ScanAssembly (0ms)
			ScanForSourceGeneratedMonoScriptInfo (3ms)
			ResolveRequiredComponents (2ms)
	FinalizeReload (509ms)
		ReleaseScriptCaches (0ms)
		RebuildScriptCaches (0ms)
		SetupLoadedEditorAssemblies (187ms)
			LogAssemblyErrors (0ms)
			InitializePlatformSupportModulesInManaged (6ms)
			SetLoadedEditorAssemblies (2ms)
			RefreshPlugins (0ms)
			BeforeProcessingInitializeOnLoad (24ms)
			ProcessInitializeOnLoadAttributes (146ms)
			ProcessInitializeOnLoadMethodAttributes (8ms)
			AfterProcessingInitializeOnLoad (0ms)
			EditorAssembliesLoaded (0ms)
		ExecutionOrderSort2 (0ms)
		AwakeInstancesAfterBackupRestoration (2ms)
Refreshing native plugins compatible for Editor in 0.48 ms, found 2 plugins.
Preloading 0 native plugins for Editor in 0.00 ms.
Unloading 3098 Unused Serialized files (Serialized files now loaded: 0)
Unloading 13 unused Assets / (27.7 KB). Loaded Objects now: 3822.
Memory consumption went from 0.52 GB to 0.52 GB.
Total: 1.585958 ms (FindLiveObjects: 0.102333 ms CreateObjectMapping: 0.028041 ms MarkObjects: 1.435917 ms  DeleteObjects: 0.019250 ms)

Prepare: number of updated asset objects reloaded= 0
AssetImportParameters requested are different than current active one (requested -> active):
  custom:container-demuxer-ogg: 62fdf1f143b41e24485cea50d1cbac27 -> 
  custom:video-decoder-ogg-theora: a1e56fd34408186e4bbccfd4996cb3dc -> 
  custom:CustomObjectIndexerAttribute: 9a22284fe3817be447336de3de66b15e -> 
  custom:container-demuxer-webm: 4f35f7cbe854078d1ac9338744f61a02 -> 
  custom:container-muxer-webm: aa71ff27fc2769a1b78a27578f13a17b -> 
  custom:scripting/monoscript/fileName/ClearCounter.cs: 733019e1f683a3c33c1b0f446554f075 -> 
  custom:video-decoder-webm-vp8: 9c59270c3fd7afecdb556c50c9e8de78 -> 
  custom:SearchIndexIgnoredProperties: e643bd26f0fe6173181afceb89e7c659 -> 
  custom:AudioImporter_EditorPlatform: 3918e3fc78b5a79bad01e8451be0beb8 -> 
  custom:scripting/monoscript/fileName/Movment.cs: da45837ad5f5a57f6fce82c5870b0f43 -> 
  custom:framework-osx-AVFoundation: e770b220cccbd017edd2c1fefb359320 -> 
  custom:video-encoder-webm-vp8: eb34c28f22e8b96e1ab97ce403110664 -> 
  custom:audio-decoder-ogg-vorbis: bf7c407c2cedff20999df2af8eb42d56 -> 
  custom:scripting/monoscript/fileName/Movement.cs: 1bc12bc9370e727baa54e145392501fb -> 
  custom:scripting/monoscript/fileName/Player.cs: 007e2e63cbf915a2b71612a7f593548a -> 
  custom:audio-encoder-webm-vorbis: bf7c407c2cedff20999df2af8eb42d56 -> 
  custom:scripting/precompiled-assembly-types:Assembly-CSharp: 6b5ab6d2ca0396fbf9e27305abf9e729 -> 
========================================================================
Received Prepare
Caller must complete domain reload
Begin MonoManager ReloadAssembly
Thread 0x307ee7000 may have been prematurely finalized
- Loaded All Assemblies, in  0.163 seconds
Native extension for Android target not found
Native extension for OSXStandalone target not found
Mono: successfully reloaded assembly
- Finished resetting the current domain, in  0.333 seconds
Domain Reload Profiling: 496ms
	BeginReloadAssembly (60ms)
		ExecutionOrderSort (0ms)
		DisableScriptedObjects (2ms)
		BackupInstance (0ms)
		ReleaseScriptingObjects (0ms)
		CreateAndSetChildDomain (19ms)
	RebuildCommonClasses (17ms)
	RebuildNativeTypeToScriptingClass (5ms)
	initialDomainReloadingComplete (9ms)
	LoadAllAssembliesAndSetupDomain (72ms)
		LoadAssemblies (83ms)
		RebuildTransferFunctionScriptingTraits (0ms)
		AnalyzeDomain (9ms)
			TypeCache.Refresh (4ms)
				TypeCache.ScanAssembly (0ms)
			ScanForSourceGeneratedMonoScriptInfo (0ms)
			ResolveRequiredComponents (2ms)
	FinalizeReload (333ms)
		ReleaseScriptCaches (0ms)
		RebuildScriptCaches (0ms)
		SetupLoadedEditorAssemblies (195ms)
			LogAssemblyErrors (0ms)
			InitializePlatformSupportModulesInManaged (6ms)
			SetLoadedEditorAssemblies (2ms)
			RefreshPlugins (0ms)
			BeforeProcessingInitializeOnLoad (25ms)
			ProcessInitializeOnLoadAttributes (153ms)
			ProcessInitializeOnLoadMethodAttributes (8ms)
			AfterProcessingInitializeOnLoad (0ms)
			EditorAssembliesLoaded (0ms)
		ExecutionOrderSort2 (0ms)
		AwakeInstancesAfterBackupRestoration (1ms)
Refreshing native plugins compatible for Editor in 0.49 ms, found 2 plugins.
Preloading 0 native plugins for Editor in 0.00 ms.
Unloading 3098 Unused Serialized files (Serialized files now loaded: 0)
Unloading 13 unused Assets / (27.9 KB). Loaded Objects now: 3825.
Memory consumption went from 0.52 GB to 0.52 GB.
Total: 1.671166 ms (FindLiveObjects: 0.076041 ms CreateObjectMapping: 0.026042 ms MarkObjects: 1.544375 ms  DeleteObjects: 0.024291 ms)

Prepare: number of updated asset objects reloaded= 0
AssetImportParameters requested are different than current active one (requested -> active):
  custom:container-demuxer-ogg: 62fdf1f143b41e24485cea50d1cbac27 -> 
  custom:video-decoder-ogg-theora: a1e56fd34408186e4bbccfd4996cb3dc -> 
  custom:CustomObjectIndexerAttribute: 9a22284fe3817be447336de3de66b15e -> 
  custom:container-demuxer-webm: 4f35f7cbe854078d1ac9338744f61a02 -> 
  custom:container-muxer-webm: aa71ff27fc2769a1b78a27578f13a17b -> 
  custom:scripting/monoscript/fileName/ClearCounter.cs: 733019e1f683a3c33c1b0f446554f075 -> 
  custom:video-decoder-webm-vp8: 9c59270c3fd7afecdb556c50c9e8de78 -> 
  custom:SearchIndexIgnoredProperties: e643bd26f0fe6173181afceb89e7c659 -> 
  custom:AudioImporter_EditorPlatform: 3918e3fc78b5a79bad01e8451be0beb8 -> 
  custom:scripting/monoscript/fileName/Movment.cs: da45837ad5f5a57f6fce82c5870b0f43 -> 
  custom:framework-osx-AVFoundation: e770b220cccbd017edd2c1fefb359320 -> 
  custom:video-encoder-webm-vp8: eb34c28f22e8b96e1ab97ce403110664 -> 
  custom:audio-decoder-ogg-vorbis: bf7c407c2cedff20999df2af8eb42d56 -> 
  custom:scripting/monoscript/fileName/Movement.cs: 1bc12bc9370e727baa54e145392501fb -> 
  custom:scripting/monoscript/fileName/Player.cs: 007e2e63cbf915a2b71612a7f593548a -> 
  custom:audio-encoder-webm-vorbis: bf7c407c2cedff20999df2af8eb42d56 -> 
  custom:scripting/precompiled-assembly-types:Assembly-CSharp: 6b5ab6d2ca0396fbf9e27305abf9e729 -> 
========================================================================
Received Prepare
Caller must complete domain reload
Begin MonoManager ReloadAssembly
Thread 0x307ee7000 may have been prematurely finalized
- Loaded All Assemblies, in  0.164 seconds
Native extension for Android target not found
Native extension for OSXStandalone target not found
Mono: successfully reloaded assembly
- Finished resetting the current domain, in  0.330 seconds
Domain Reload Profiling: 495ms
	BeginReloadAssembly (61ms)
		ExecutionOrderSort (0ms)
		DisableScriptedObjects (2ms)
		BackupInstance (0ms)
		ReleaseScriptingObjects (0ms)
		CreateAndSetChildDomain (20ms)
	RebuildCommonClasses (16ms)
	RebuildNativeTypeToScriptingClass (5ms)
	initialDomainReloadingComplete (9ms)
	LoadAllAssembliesAndSetupDomain (72ms)
		LoadAssemblies (81ms)
		RebuildTransferFunctionScriptingTraits (0ms)
		AnalyzeDomain (11ms)
			TypeCache.Refresh (4ms)
				TypeCache.ScanAssembly (0ms)
			ScanForSourceGeneratedMonoScriptInfo (3ms)
			ResolveRequiredComponents (2ms)
	FinalizeReload (331ms)
		ReleaseScriptCaches (0ms)
		RebuildScriptCaches (0ms)
		SetupLoadedEditorAssemblies (190ms)
			LogAssemblyErrors (0ms)
			InitializePlatformSupportModulesInManaged (6ms)
			SetLoadedEditorAssemblies (2ms)
			RefreshPlugins (0ms)
			BeforeProcessingInitializeOnLoad (25ms)
			ProcessInitializeOnLoadAttributes (149ms)
			ProcessInitializeOnLoadMethodAttributes (8ms)
			AfterProcessingInitializeOnLoad (0ms)
			EditorAssembliesLoaded (0ms)
		ExecutionOrderSort2 (0ms)
		AwakeInstancesAfterBackupRestoration (2ms)
Refreshing native plugins compatible for Editor in 0.53 ms, found 2 plugins.
Preloading 0 native plugins for Editor in 0.00 ms.
Unloading 3098 Unused Serialized files (Serialized files now loaded: 0)
Unloading 13 unused Assets / (27.8 KB). Loaded Objects now: 3828.
Memory consumption went from 0.53 GB to 0.53 GB.
Total: 1.699042 ms (FindLiveObjects: 0.106000 ms CreateObjectMapping: 0.030959 ms MarkObjects: 1.543459 ms  DeleteObjects: 0.018209 ms)

Prepare: number of updated asset objects reloaded= 0
AssetImportParameters requested are different than current active one (requested -> active):
  custom:container-demuxer-ogg: 62fdf1f143b41e24485cea50d1cbac27 -> 
  custom:video-decoder-ogg-theora: a1e56fd34408186e4bbccfd4996cb3dc -> 
  custom:CustomObjectIndexerAttribute: 9a22284fe3817be447336de3de66b15e -> 
  custom:container-demuxer-webm: 4f35f7cbe854078d1ac9338744f61a02 -> 
  custom:container-muxer-webm: aa71ff27fc2769a1b78a27578f13a17b -> 
  custom:scripting/monoscript/fileName/ClearCounter.cs: 733019e1f683a3c33c1b0f446554f075 -> 
  custom:video-decoder-webm-vp8: 9c59270c3fd7afecdb556c50c9e8de78 -> 
  custom:SearchIndexIgnoredProperties: e643bd26f0fe6173181afceb89e7c659 -> 
  custom:AudioImporter_EditorPlatform: 3918e3fc78b5a79bad01e8451be0beb8 -> 
  custom:scripting/monoscript/fileName/Movment.cs: da45837ad5f5a57f6fce82c5870b0f43 -> 
  custom:framework-osx-AVFoundation: e770b220cccbd017edd2c1fefb359320 -> 
  custom:video-encoder-webm-vp8: eb34c28f22e8b96e1ab97ce403110664 -> 
  custom:audio-decoder-ogg-vorbis: bf7c407c2cedff20999df2af8eb42d56 -> 
  custom:scripting/monoscript/fileName/Movement.cs: 1bc12bc9370e727baa54e145392501fb -> 
  custom:scripting/monoscript/fileName/Player.cs: 007e2e63cbf915a2b71612a7f593548a -> 
  custom:audio-encoder-webm-vorbis: bf7c407c2cedff20999df2af8eb42d56 -> 
  custom:scripting/precompiled-assembly-types:Assembly-CSharp: 6b5ab6d2ca0396fbf9e27305abf9e729 -> 
========================================================================
Received Prepare
Caller must complete domain reload
Begin MonoManager ReloadAssembly
Thread 0x307ee7000 may have been prematurely finalized
- Loaded All Assemblies, in  0.161 seconds
Native extension for Android target not found
Native extension for OSXStandalone target not found
Mono: successfully reloaded assembly
- Finished resetting the current domain, in  0.322 seconds
Domain Reload Profiling: 483ms
	BeginReloadAssembly (60ms)
		ExecutionOrderSort (0ms)
		DisableScriptedObjects (2ms)
		BackupInstance (0ms)
		ReleaseScriptingObjects (0ms)
		CreateAndSetChildDomain (20ms)
	RebuildCommonClasses (17ms)
	RebuildNativeTypeToScriptingClass (5ms)
	initialDomainReloadingComplete (9ms)
	LoadAllAssembliesAndSetupDomain (69ms)
		LoadAssemblies (81ms)
		RebuildTransferFunctionScriptingTraits (0ms)
		AnalyzeDomain (7ms)
			TypeCache.Refresh (4ms)
				TypeCache.ScanAssembly (0ms)
			ScanForSourceGeneratedMonoScriptInfo (0ms)
			ResolveRequiredComponents (3ms)
	FinalizeReload (322ms)
		ReleaseScriptCaches (0ms)
		RebuildScriptCaches (0ms)
		SetupLoadedEditorAssemblies (193ms)
			LogAssemblyErrors (0ms)
			InitializePlatformSupportModulesInManaged (6ms)
			SetLoadedEditorAssemblies (2ms)
			RefreshPlugins (0ms)
			BeforeProcessingInitializeOnLoad (25ms)
			ProcessInitializeOnLoadAttributes (151ms)
			ProcessInitializeOnLoadMethodAttributes (9ms)
			AfterProcessingInitializeOnLoad (0ms)
			EditorAssembliesLoaded (0ms)
		ExecutionOrderSort2 (0ms)
		AwakeInstancesAfterBackupRestoration (2ms)
Refreshing native plugins compatible for Editor in 0.50 ms, found 2 plugins.
Preloading 0 native plugins for Editor in 0.00 ms.
Unloading 3098 Unused Serialized files (Serialized files now loaded: 0)
Unloading 13 unused Assets / (27.8 KB). Loaded Objects now: 3831.
Memory consumption went from 0.53 GB to 0.53 GB.
Total: 1.664708 ms (FindLiveObjects: 0.092250 ms CreateObjectMapping: 0.034125 ms MarkObjects: 1.512708 ms  DeleteObjects: 0.025291 ms)

Prepare: number of updated asset objects reloaded= 0
AssetImportParameters requested are different than current active one (requested -> active):
  custom:container-demuxer-ogg: 62fdf1f143b41e24485cea50d1cbac27 -> 
  custom:video-decoder-ogg-theora: a1e56fd34408186e4bbccfd4996cb3dc -> 
  custom:CustomObjectIndexerAttribute: 9a22284fe3817be447336de3de66b15e -> 
  custom:container-demuxer-webm: 4f35f7cbe854078d1ac9338744f61a02 -> 
  custom:container-muxer-webm: aa71ff27fc2769a1b78a27578f13a17b -> 
  custom:scripting/monoscript/fileName/ClearCounter.cs: 733019e1f683a3c33c1b0f446554f075 -> 
  custom:video-decoder-webm-vp8: 9c59270c3fd7afecdb556c50c9e8de78 -> 
  custom:SearchIndexIgnoredProperties: e643bd26f0fe6173181afceb89e7c659 -> 
  custom:AudioImporter_EditorPlatform: 3918e3fc78b5a79bad01e8451be0beb8 -> 
  custom:scripting/monoscript/fileName/Movment.cs: da45837ad5f5a57f6fce82c5870b0f43 -> 
  custom:framework-osx-AVFoundation: e770b220cccbd017edd2c1fefb359320 -> 
  custom:video-encoder-webm-vp8: eb34c28f22e8b96e1ab97ce403110664 -> 
  custom:audio-decoder-ogg-vorbis: bf7c407c2cedff20999df2af8eb42d56 -> 
  custom:scripting/monoscript/fileName/Movement.cs: 1bc12bc9370e727baa54e145392501fb -> 
  custom:scripting/monoscript/fileName/Player.cs: 007e2e63cbf915a2b71612a7f593548a -> 
  custom:audio-encoder-webm-vorbis: bf7c407c2cedff20999df2af8eb42d56 -> 
  custom:scripting/precompiled-assembly-types:Assembly-CSharp: 6b5ab6d2ca0396fbf9e27305abf9e729 -> 
========================================================================
Received Prepare
Caller must complete domain reload
Begin MonoManager ReloadAssembly
Thread 0x307ee7000 may have been prematurely finalized
- Loaded All Assemblies, in  0.166 seconds
Native extension for Android target not found
Native extension for OSXStandalone target not found
Mono: successfully reloaded assembly
- Finished resetting the current domain, in  0.514 seconds
Domain Reload Profiling: 681ms
	BeginReloadAssembly (60ms)
		ExecutionOrderSort (0ms)
		DisableScriptedObjects (2ms)
		BackupInstance (0ms)
		ReleaseScriptingObjects (0ms)
		CreateAndSetChildDomain (19ms)
	RebuildCommonClasses (17ms)
	RebuildNativeTypeToScriptingClass (6ms)
	initialDomainReloadingComplete (10ms)
	LoadAllAssembliesAndSetupDomain (74ms)
		LoadAssemblies (84ms)
		RebuildTransferFunctionScriptingTraits (0ms)
		AnalyzeDomain (11ms)
			TypeCache.Refresh (4ms)
				TypeCache.ScanAssembly (0ms)
			ScanForSourceGeneratedMonoScriptInfo (3ms)
			ResolveRequiredComponents (2ms)
	FinalizeReload (515ms)
		ReleaseScriptCaches (0ms)
		RebuildScriptCaches (0ms)
		SetupLoadedEditorAssemblies (193ms)
			LogAssemblyErrors (0ms)
			InitializePlatformSupportModulesInManaged (6ms)
			SetLoadedEditorAssemblies (2ms)
			RefreshPlugins (0ms)
			BeforeProcessingInitializeOnLoad (25ms)
			ProcessInitializeOnLoadAttributes (152ms)
			ProcessInitializeOnLoadMethodAttributes (8ms)
			AfterProcessingInitializeOnLoad (0ms)
			EditorAssembliesLoaded (0ms)
		ExecutionOrderSort2 (0ms)
		AwakeInstancesAfterBackupRestoration (2ms)
Refreshing native plugins compatible for Editor in 0.50 ms, found 2 plugins.
Preloading 0 native plugins for Editor in 0.00 ms.
Unloading 3098 Unused Serialized files (Serialized files now loaded: 0)
Unloading 13 unused Assets / (27.8 KB). Loaded Objects now: 3834.
Memory consumption went from 0.54 GB to 0.54 GB.
Total: 1.719334 ms (FindLiveObjects: 0.101458 ms CreateObjectMapping: 0.031709 ms MarkObjects: 1.564458 ms  DeleteObjects: 0.021208 ms)

Prepare: number of updated asset objects reloaded= 0
AssetImportParameters requested are different than current active one (requested -> active):
  custom:container-demuxer-ogg: 62fdf1f143b41e24485cea50d1cbac27 -> 
  custom:video-decoder-ogg-theora: a1e56fd34408186e4bbccfd4996cb3dc -> 
  custom:CustomObjectIndexerAttribute: 9a22284fe3817be447336de3de66b15e -> 
  custom:container-demuxer-webm: 4f35f7cbe854078d1ac9338744f61a02 -> 
  custom:container-muxer-webm: aa71ff27fc2769a1b78a27578f13a17b -> 
  custom:scripting/monoscript/fileName/ClearCounter.cs: 733019e1f683a3c33c1b0f446554f075 -> 
  custom:video-decoder-webm-vp8: 9c59270c3fd7afecdb556c50c9e8de78 -> 
  custom:SearchIndexIgnoredProperties: e643bd26f0fe6173181afceb89e7c659 -> 
  custom:AudioImporter_EditorPlatform: 3918e3fc78b5a79bad01e8451be0beb8 -> 
  custom:scripting/monoscript/fileName/Movment.cs: da45837ad5f5a57f6fce82c5870b0f43 -> 
  custom:framework-osx-AVFoundation: e770b220cccbd017edd2c1fefb359320 -> 
  custom:video-encoder-webm-vp8: eb34c28f22e8b96e1ab97ce403110664 -> 
  custom:audio-decoder-ogg-vorbis: bf7c407c2cedff20999df2af8eb42d56 -> 
  custom:scripting/monoscript/fileName/Movement.cs: 1bc12bc9370e727baa54e145392501fb -> 
  custom:scripting/monoscript/fileName/Player.cs: 007e2e63cbf915a2b71612a7f593548a -> 
  custom:audio-encoder-webm-vorbis: bf7c407c2cedff20999df2af8eb42d56 -> 
  custom:scripting/precompiled-assembly-types:Assembly-CSharp: 6b5ab6d2ca0396fbf9e27305abf9e729 -> 
========================================================================
Received Prepare
Caller must complete domain reload
Begin MonoManager ReloadAssembly
Thread 0x307ee7000 may have been prematurely finalized
- Loaded All Assemblies, in  0.162 seconds
Native extension for Android target not found
Native extension for OSXStandalone target not found
Mono: successfully reloaded assembly
- Finished resetting the current domain, in  0.320 seconds
Domain Reload Profiling: 482ms
	BeginReloadAssembly (62ms)
		ExecutionOrderSort (0ms)
		DisableScriptedObjects (2ms)
		BackupInstance (0ms)
		ReleaseScriptingObjects (0ms)
		CreateAndSetChildDomain (20ms)
	RebuildCommonClasses (17ms)
	RebuildNativeTypeToScriptingClass (5ms)
	initialDomainReloadingComplete (10ms)
	LoadAllAssembliesAndSetupDomain (68ms)
		LoadAssemblies (82ms)
		RebuildTransferFunctionScriptingTraits (0ms)
		AnalyzeDomain (7ms)
			TypeCache.Refresh (4ms)
				TypeCache.ScanAssembly (0ms)
			ScanForSourceGeneratedMonoScriptInfo (0ms)
			ResolveRequiredComponents (3ms)
	FinalizeReload (321ms)
		ReleaseScriptCaches (0ms)
		RebuildScriptCaches (0ms)
		SetupLoadedEditorAssemblies (192ms)
			LogAssemblyErrors (0ms)
			InitializePlatformSupportModulesInManaged (6ms)
			SetLoadedEditorAssemblies (2ms)
			RefreshPlugins (0ms)
			BeforeProcessingInitializeOnLoad (24ms)
			ProcessInitializeOnLoadAttributes (150ms)
			ProcessInitializeOnLoadMethodAttributes (9ms)
			AfterProcessingInitializeOnLoad (0ms)
			EditorAssembliesLoaded (0ms)
		ExecutionOrderSort2 (0ms)
		AwakeInstancesAfterBackupRestoration (2ms)
Refreshing native plugins compatible for Editor in 0.49 ms, found 2 plugins.
Preloading 0 native plugins for Editor in 0.00 ms.
Unloading 3098 Unused Serialized files (Serialized files now loaded: 0)
Unloading 13 unused Assets / (27.8 KB). Loaded Objects now: 3837.
Memory consumption went from 0.54 GB to 0.54 GB.
Total: 1.707250 ms (FindLiveObjects: 0.084208 ms CreateObjectMapping: 0.027500 ms MarkObjects: 1.573042 ms  DeleteObjects: 0.022083 ms)

Prepare: number of updated asset objects reloaded= 0
AssetImportParameters requested are different than current active one (requested -> active):
  custom:container-demuxer-ogg: 62fdf1f143b41e24485cea50d1cbac27 -> 
  custom:video-decoder-ogg-theora: a1e56fd34408186e4bbccfd4996cb3dc -> 
  custom:CustomObjectIndexerAttribute: 9a22284fe3817be447336de3de66b15e -> 
  custom:container-demuxer-webm: 4f35f7cbe854078d1ac9338744f61a02 -> 
  custom:container-muxer-webm: aa71ff27fc2769a1b78a27578f13a17b -> 
  custom:scripting/monoscript/fileName/ClearCounter.cs: 733019e1f683a3c33c1b0f446554f075 -> 
  custom:video-decoder-webm-vp8: 9c59270c3fd7afecdb556c50c9e8de78 -> 
  custom:SearchIndexIgnoredProperties: e643bd26f0fe6173181afceb89e7c659 -> 
  custom:AudioImporter_EditorPlatform: 3918e3fc78b5a79bad01e8451be0beb8 -> 
  custom:scripting/monoscript/fileName/Movment.cs: da45837ad5f5a57f6fce82c5870b0f43 -> 
  custom:framework-osx-AVFoundation: e770b220cccbd017edd2c1fefb359320 -> 
  custom:video-encoder-webm-vp8: eb34c28f22e8b96e1ab97ce403110664 -> 
  custom:audio-decoder-ogg-vorbis: bf7c407c2cedff20999df2af8eb42d56 -> 
  custom:scripting/monoscript/fileName/Movement.cs: 1bc12bc9370e727baa54e145392501fb -> 
  custom:scripting/monoscript/fileName/Player.cs: 007e2e63cbf915a2b71612a7f593548a -> 
  custom:audio-encoder-webm-vorbis: bf7c407c2cedff20999df2af8eb42d56 -> 
  custom:scripting/precompiled-assembly-types:Assembly-CSharp: 6b5ab6d2ca0396fbf9e27305abf9e729 -> 
========================================================================
Received Prepare
Caller must complete domain reload
Begin MonoManager ReloadAssembly
Thread 0x307ee7000 may have been prematurely finalized
- Loaded All Assemblies, in  0.165 seconds
Native extension for Android target not found
Native extension for OSXStandalone target not found
Mono: successfully reloaded assembly
- Finished resetting the current domain, in  0.510 seconds
Domain Reload Profiling: 675ms
	BeginReloadAssembly (60ms)
		ExecutionOrderSort (0ms)
		DisableScriptedObjects (2ms)
		BackupInstance (0ms)
		ReleaseScriptingObjects (0ms)
		CreateAndSetChildDomain (19ms)
	RebuildCommonClasses (17ms)
	RebuildNativeTypeToScriptingClass (5ms)
	initialDomainReloadingComplete (10ms)
	LoadAllAssembliesAndSetupDomain (72ms)
		LoadAssemblies (82ms)
		RebuildTransferFunctionScriptingTraits (0ms)
		AnalyzeDomain (10ms)
			TypeCache.Refresh (4ms)
				TypeCache.ScanAssembly (0ms)
			ScanForSourceGeneratedMonoScriptInfo (3ms)
			ResolveRequiredComponents (2ms)
	FinalizeReload (511ms)
		ReleaseScriptCaches (0ms)
		RebuildScriptCaches (0ms)
		SetupLoadedEditorAssemblies (191ms)
			LogAssemblyErrors (0ms)
			InitializePlatformSupportModulesInManaged (6ms)
			SetLoadedEditorAssemblies (2ms)
			RefreshPlugins (0ms)
			BeforeProcessingInitializeOnLoad (25ms)
			ProcessInitializeOnLoadAttributes (149ms)
			ProcessInitializeOnLoadMethodAttributes (8ms)
			AfterProcessingInitializeOnLoad (0ms)
			EditorAssembliesLoaded (0ms)
		ExecutionOrderSort2 (0ms)
		AwakeInstancesAfterBackupRestoration (2ms)
Refreshing native plugins compatible for Editor in 0.49 ms, found 2 plugins.
Preloading 0 native plugins for Editor in 0.00 ms.
Unloading 3098 Unused Serialized files (Serialized files now loaded: 0)
Unloading 13 unused Assets / (27.8 KB). Loaded Objects now: 3840.
Memory consumption went from 0.55 GB to 0.55 GB.
Total: 1.706542 ms (FindLiveObjects: 0.098500 ms CreateObjectMapping: 0.027792 ms MarkObjects: 1.560458 ms  DeleteObjects: 0.019333 ms)

Prepare: number of updated asset objects reloaded= 0
AssetImportParameters requested are different than current active one (requested -> active):
  custom:container-demuxer-ogg: 62fdf1f143b41e24485cea50d1cbac27 -> 
  custom:video-decoder-ogg-theora: a1e56fd34408186e4bbccfd4996cb3dc -> 
  custom:CustomObjectIndexerAttribute: 9a22284fe3817be447336de3de66b15e -> 
  custom:container-demuxer-webm: 4f35f7cbe854078d1ac9338744f61a02 -> 
  custom:container-muxer-webm: aa71ff27fc2769a1b78a27578f13a17b -> 
  custom:scripting/monoscript/fileName/ClearCounter.cs: 733019e1f683a3c33c1b0f446554f075 -> 
  custom:video-decoder-webm-vp8: 9c59270c3fd7afecdb556c50c9e8de78 -> 
  custom:SearchIndexIgnoredProperties: e643bd26f0fe6173181afceb89e7c659 -> 
  custom:AudioImporter_EditorPlatform: 3918e3fc78b5a79bad01e8451be0beb8 -> 
  custom:scripting/monoscript/fileName/Movment.cs: da45837ad5f5a57f6fce82c5870b0f43 -> 
  custom:framework-osx-AVFoundation: e770b220cccbd017edd2c1fefb359320 -> 
  custom:video-encoder-webm-vp8: eb34c28f22e8b96e1ab97ce403110664 -> 
  custom:audio-decoder-ogg-vorbis: bf7c407c2cedff20999df2af8eb42d56 -> 
  custom:scripting/monoscript/fileName/Movement.cs: 1bc12bc9370e727baa54e145392501fb -> 
  custom:scripting/monoscript/fileName/Player.cs: 007e2e63cbf915a2b71612a7f593548a -> 
  custom:audio-encoder-webm-vorbis: bf7c407c2cedff20999df2af8eb42d56 -> 
  custom:scripting/precompiled-assembly-types:Assembly-CSharp: 6b5ab6d2ca0396fbf9e27305abf9e729 -> 
========================================================================
Received Prepare
Caller must complete domain reload
Begin MonoManager ReloadAssembly
Thread 0x307ee7000 may have been prematurely finalized
- Loaded All Assemblies, in  0.158 seconds
Native extension for Android target not found
Native extension for OSXStandalone target not found
Mono: successfully reloaded assembly
- Finished resetting the current domain, in  0.322 seconds
Domain Reload Profiling: 480ms
	BeginReloadAssembly (60ms)
		ExecutionOrderSort (0ms)
		DisableScriptedObjects (2ms)
		BackupInstance (0ms)
		ReleaseScriptingObjects (0ms)
		CreateAndSetChildDomain (20ms)
	RebuildCommonClasses (16ms)
	RebuildNativeTypeToScriptingClass (5ms)
	initialDomainReloadingComplete (9ms)
	LoadAllAssembliesAndSetupDomain (67ms)
		LoadAssemblies (80ms)
		RebuildTransferFunctionScriptingTraits (0ms)
		AnalyzeDomain (7ms)
			TypeCache.Refresh (3ms)
				TypeCache.ScanAssembly (0ms)
			ScanForSourceGeneratedMonoScriptInfo (0ms)
			ResolveRequiredComponents (2ms)
	FinalizeReload (322ms)
		ReleaseScriptCaches (0ms)
		RebuildScriptCaches (0ms)
		SetupLoadedEditorAssemblies (192ms)
			LogAssemblyErrors (0ms)
			InitializePlatformSupportModulesInManaged (6ms)
			SetLoadedEditorAssemblies (2ms)
			RefreshPlugins (0ms)
			BeforeProcessingInitializeOnLoad (24ms)
			ProcessInitializeOnLoadAttributes (151ms)
			ProcessInitializeOnLoadMethodAttributes (8ms)
			AfterProcessingInitializeOnLoad (0ms)
			EditorAssembliesLoaded (0ms)
		ExecutionOrderSort2 (0ms)
		AwakeInstancesAfterBackupRestoration (2ms)
Refreshing native plugins compatible for Editor in 0.52 ms, found 2 plugins.
Preloading 0 native plugins for Editor in 0.00 ms.
Unloading 3098 Unused Serialized files (Serialized files now loaded: 0)
Unloading 13 unused Assets / (27.8 KB). Loaded Objects now: 3843.
Memory consumption went from 0.56 GB to 0.56 GB.
Total: 1.720875 ms (FindLiveObjects: 0.074917 ms CreateObjectMapping: 0.024416 ms MarkObjects: 1.595625 ms  DeleteObjects: 0.025542 ms)

Prepare: number of updated asset objects reloaded= 0
AssetImportParameters requested are different than current active one (requested -> active):
  custom:container-demuxer-ogg: 62fdf1f143b41e24485cea50d1cbac27 -> 
  custom:video-decoder-ogg-theora: a1e56fd34408186e4bbccfd4996cb3dc -> 
  custom:CustomObjectIndexerAttribute: 9a22284fe3817be447336de3de66b15e -> 
  custom:container-demuxer-webm: 4f35f7cbe854078d1ac9338744f61a02 -> 
  custom:container-muxer-webm: aa71ff27fc2769a1b78a27578f13a17b -> 
  custom:scripting/monoscript/fileName/ClearCounter.cs: 733019e1f683a3c33c1b0f446554f075 -> 
  custom:video-decoder-webm-vp8: 9c59270c3fd7afecdb556c50c9e8de78 -> 
  custom:SearchIndexIgnoredProperties: e643bd26f0fe6173181afceb89e7c659 -> 
  custom:AudioImporter_EditorPlatform: 3918e3fc78b5a79bad01e8451be0beb8 -> 
  custom:scripting/monoscript/fileName/Movment.cs: da45837ad5f5a57f6fce82c5870b0f43 -> 
  custom:framework-osx-AVFoundation: e770b220cccbd017edd2c1fefb359320 -> 
  custom:video-encoder-webm-vp8: eb34c28f22e8b96e1ab97ce403110664 -> 
  custom:audio-decoder-ogg-vorbis: bf7c407c2cedff20999df2af8eb42d56 -> 
  custom:scripting/monoscript/fileName/Movement.cs: 1bc12bc9370e727baa54e145392501fb -> 
  custom:scripting/monoscript/fileName/Player.cs: 007e2e63cbf915a2b71612a7f593548a -> 
  custom:audio-encoder-webm-vorbis: bf7c407c2cedff20999df2af8eb42d56 -> 
  custom:scripting/precompiled-assembly-types:Assembly-CSharp: 6b5ab6d2ca0396fbf9e27305abf9e729 -> 
========================================================================
Received Prepare
Caller must complete domain reload
Begin MonoManager ReloadAssembly
Thread 0x307ee7000 may have been prematurely finalized
- Loaded All Assemblies, in  0.162 seconds
Native extension for Android target not found
Native extension for OSXStandalone target not found
Mono: successfully reloaded assembly
- Finished resetting the current domain, in  0.327 seconds
Domain Reload Profiling: 489ms
	BeginReloadAssembly (61ms)
		ExecutionOrderSort (0ms)
		DisableScriptedObjects (2ms)
		BackupInstance (0ms)
		ReleaseScriptingObjects (0ms)
		CreateAndSetChildDomain (20ms)
	RebuildCommonClasses (17ms)
	RebuildNativeTypeToScriptingClass (5ms)
	initialDomainReloadingComplete (10ms)
	LoadAllAssembliesAndSetupDomain (69ms)
		LoadAssemblies (79ms)
		RebuildTransferFunctionScriptingTraits (0ms)
		AnalyzeDomain (11ms)
			TypeCache.Refresh (4ms)
				TypeCache.ScanAssembly (0ms)
			ScanForSourceGeneratedMonoScriptInfo (3ms)
			ResolveRequiredComponents (2ms)
	FinalizeReload (327ms)
		ReleaseScriptCaches (0ms)
		RebuildScriptCaches (0ms)
		SetupLoadedEditorAssemblies (188ms)
			LogAssemblyErrors (0ms)
			InitializePlatformSupportModulesInManaged (6ms)
			SetLoadedEditorAssemblies (2ms)
			RefreshPlugins (0ms)
			BeforeProcessingInitializeOnLoad (24ms)
			ProcessInitializeOnLoadAttributes (148ms)
			ProcessInitializeOnLoadMethodAttributes (8ms)
			AfterProcessingInitializeOnLoad (0ms)
			EditorAssembliesLoaded (0ms)
		ExecutionOrderSort2 (0ms)
		AwakeInstancesAfterBackupRestoration (2ms)
Refreshing native plugins compatible for Editor in 0.48 ms, found 2 plugins.
Preloading 0 native plugins for Editor in 0.00 ms.
Unloading 3098 Unused Serialized files (Serialized files now loaded: 0)
Unloading 13 unused Assets / (27.8 KB). Loaded Objects now: 3846.
Memory consumption went from 0.56 GB to 0.56 GB.
Total: 1.770542 ms (FindLiveObjects: 0.106542 ms CreateObjectMapping: 0.028875 ms MarkObjects: 1.615542 ms  DeleteObjects: 0.019125 ms)

Prepare: number of updated asset objects reloaded= 0
AssetImportParameters requested are different than current active one (requested -> active):
  custom:container-demuxer-ogg: 62fdf1f143b41e24485cea50d1cbac27 -> 
  custom:video-decoder-ogg-theora: a1e56fd34408186e4bbccfd4996cb3dc -> 
  custom:CustomObjectIndexerAttribute: 9a22284fe3817be447336de3de66b15e -> 
  custom:container-demuxer-webm: 4f35f7cbe854078d1ac9338744f61a02 -> 
  custom:container-muxer-webm: aa71ff27fc2769a1b78a27578f13a17b -> 
  custom:scripting/monoscript/fileName/ClearCounter.cs: 733019e1f683a3c33c1b0f446554f075 -> 
  custom:video-decoder-webm-vp8: 9c59270c3fd7afecdb556c50c9e8de78 -> 
  custom:SearchIndexIgnoredProperties: e643bd26f0fe6173181afceb89e7c659 -> 
  custom:AudioImporter_EditorPlatform: 3918e3fc78b5a79bad01e8451be0beb8 -> 
  custom:scripting/monoscript/fileName/Movment.cs: da45837ad5f5a57f6fce82c5870b0f43 -> 
  custom:framework-osx-AVFoundation: e770b220cccbd017edd2c1fefb359320 -> 
  custom:video-encoder-webm-vp8: eb34c28f22e8b96e1ab97ce403110664 -> 
  custom:audio-decoder-ogg-vorbis: bf7c407c2cedff20999df2af8eb42d56 -> 
  custom:scripting/monoscript/fileName/Movement.cs: 1bc12bc9370e727baa54e145392501fb -> 
  custom:scripting/monoscript/fileName/Player.cs: 007e2e63cbf915a2b71612a7f593548a -> 
  custom:audio-encoder-webm-vorbis: bf7c407c2cedff20999df2af8eb42d56 -> 
  custom:scripting/precompiled-assembly-types:Assembly-CSharp: 6b5ab6d2ca0396fbf9e27305abf9e729 -> 
========================================================================
Received Prepare
Caller must complete domain reload
Begin MonoManager ReloadAssembly
Thread 0x307ee7000 may have been prematurely finalized
- Loaded All Assemblies, in  0.160 seconds
Native extension for Android target not found
Native extension for OSXStandalone target not found
Mono: successfully reloaded assembly
- Finished resetting the current domain, in  0.321 seconds
Domain Reload Profiling: 482ms
	BeginReloadAssembly (60ms)
		ExecutionOrderSort (0ms)
		DisableScriptedObjects (2ms)
		BackupInstance (0ms)
		ReleaseScriptingObjects (0ms)
		CreateAndSetChildDomain (20ms)
	RebuildCommonClasses (17ms)
	RebuildNativeTypeToScriptingClass (6ms)
	initialDomainReloadingComplete (10ms)
	LoadAllAssembliesAndSetupDomain (68ms)
		LoadAssemblies (81ms)
		RebuildTransferFunctionScriptingTraits (0ms)
		AnalyzeDomain (7ms)
			TypeCache.Refresh (3ms)
				TypeCache.ScanAssembly (0ms)
			ScanForSourceGeneratedMonoScriptInfo (0ms)
			ResolveRequiredComponents (3ms)
	FinalizeReload (322ms)
		ReleaseScriptCaches (0ms)
		RebuildScriptCaches (0ms)
		SetupLoadedEditorAssemblies (192ms)
			LogAssemblyErrors (0ms)
			InitializePlatformSupportModulesInManaged (6ms)
			SetLoadedEditorAssemblies (2ms)
			RefreshPlugins (0ms)
			BeforeProcessingInitializeOnLoad (25ms)
			ProcessInitializeOnLoadAttributes (150ms)
			ProcessInitializeOnLoadMethodAttributes (9ms)
			AfterProcessingInitializeOnLoad (0ms)
			EditorAssembliesLoaded (0ms)
		ExecutionOrderSort2 (0ms)
		AwakeInstancesAfterBackupRestoration (2ms)
Refreshing native plugins compatible for Editor in 0.48 ms, found 2 plugins.
Preloading 0 native plugins for Editor in 0.00 ms.
Unloading 3098 Unused Serialized files (Serialized files now loaded: 0)
Unloading 13 unused Assets / (27.8 KB). Loaded Objects now: 3849.
Memory consumption went from 0.57 GB to 0.57 GB.
Total: 1.618500 ms (FindLiveObjects: 0.091417 ms CreateObjectMapping: 0.025208 ms MarkObjects: 1.479417 ms  DeleteObjects: 0.021958 ms)

Prepare: number of updated asset objects reloaded= 0
AssetImportParameters requested are different than current active one (requested -> active):
  custom:container-demuxer-ogg: 62fdf1f143b41e24485cea50d1cbac27 -> 
  custom:video-decoder-ogg-theora: a1e56fd34408186e4bbccfd4996cb3dc -> 
  custom:CustomObjectIndexerAttribute: 9a22284fe3817be447336de3de66b15e -> 
  custom:container-demuxer-webm: 4f35f7cbe854078d1ac9338744f61a02 -> 
  custom:container-muxer-webm: aa71ff27fc2769a1b78a27578f13a17b -> 
  custom:scripting/monoscript/fileName/ClearCounter.cs: 733019e1f683a3c33c1b0f446554f075 -> 
  custom:video-decoder-webm-vp8: 9c59270c3fd7afecdb556c50c9e8de78 -> 
  custom:SearchIndexIgnoredProperties: e643bd26f0fe6173181afceb89e7c659 -> 
  custom:AudioImporter_EditorPlatform: 3918e3fc78b5a79bad01e8451be0beb8 -> 
  custom:scripting/monoscript/fileName/Movment.cs: da45837ad5f5a57f6fce82c5870b0f43 -> 
  custom:framework-osx-AVFoundation: e770b220cccbd017edd2c1fefb359320 -> 
  custom:video-encoder-webm-vp8: eb34c28f22e8b96e1ab97ce403110664 -> 
  custom:audio-decoder-ogg-vorbis: bf7c407c2cedff20999df2af8eb42d56 -> 
  custom:scripting/monoscript/fileName/Movement.cs: 1bc12bc9370e727baa54e145392501fb -> 
  custom:scripting/monoscript/fileName/Player.cs: 007e2e63cbf915a2b71612a7f593548a -> 
  custom:audio-encoder-webm-vorbis: bf7c407c2cedff20999df2af8eb42d56 -> 
  custom:scripting/precompiled-assembly-types:Assembly-CSharp: 6b5ab6d2ca0396fbf9e27305abf9e729 -> 
========================================================================
Received Prepare
Caller must complete domain reload
Begin MonoManager ReloadAssembly
Thread 0x307ee7000 may have been prematurely finalized
- Loaded All Assemblies, in  0.175 seconds
Native extension for Android target not found
Native extension for OSXStandalone target not found
Mono: successfully reloaded assembly
- Finished resetting the current domain, in  0.507 seconds
Domain Reload Profiling: 682ms
	BeginReloadAssembly (60ms)
		ExecutionOrderSort (0ms)
		DisableScriptedObjects (2ms)
		BackupInstance (0ms)
		ReleaseScriptingObjects (0ms)
		CreateAndSetChildDomain (20ms)
	RebuildCommonClasses (16ms)
	RebuildNativeTypeToScriptingClass (5ms)
	initialDomainReloadingComplete (9ms)
	LoadAllAssembliesAndSetupDomain (84ms)
		LoadAssemblies (97ms)
		RebuildTransferFunctionScriptingTraits (0ms)
		AnalyzeDomain (6ms)
			TypeCache.Refresh (3ms)
				TypeCache.ScanAssembly (0ms)
			ScanForSourceGeneratedMonoScriptInfo (0ms)
			ResolveRequiredComponents (2ms)
	FinalizeReload (507ms)
		ReleaseScriptCaches (0ms)
		RebuildScriptCaches (0ms)
		SetupLoadedEditorAssemblies (179ms)
			LogAssemblyErrors (0ms)
			InitializePlatformSupportModulesInManaged (5ms)
			SetLoadedEditorAssemblies (2ms)
			RefreshPlugins (0ms)
			BeforeProcessingInitializeOnLoad (23ms)
			ProcessInitializeOnLoadAttributes (140ms)
			ProcessInitializeOnLoadMethodAttributes (8ms)
			AfterProcessingInitializeOnLoad (0ms)
			EditorAssembliesLoaded (0ms)
		ExecutionOrderSort2 (0ms)
		AwakeInstancesAfterBackupRestoration (2ms)
Refreshing native plugins compatible for Editor in 0.49 ms, found 2 plugins.
Preloading 0 native plugins for Editor in 0.00 ms.
Unloading 3098 Unused Serialized files (Serialized files now loaded: 0)
Unloading 13 unused Assets / (27.9 KB). Loaded Objects now: 3852.
Memory consumption went from 0.57 GB to 0.57 GB.
Total: 1.646916 ms (FindLiveObjects: 0.090333 ms CreateObjectMapping: 0.028041 ms MarkObjects: 1.507709 ms  DeleteObjects: 0.020334 ms)

Prepare: number of updated asset objects reloaded= 0
AssetImportParameters requested are different than current active one (requested -> active):
  custom:container-demuxer-ogg: 62fdf1f143b41e24485cea50d1cbac27 -> 
  custom:video-decoder-ogg-theora: a1e56fd34408186e4bbccfd4996cb3dc -> 
  custom:CustomObjectIndexerAttribute: 9a22284fe3817be447336de3de66b15e -> 
  custom:container-demuxer-webm: 4f35f7cbe854078d1ac9338744f61a02 -> 
  custom:container-muxer-webm: aa71ff27fc2769a1b78a27578f13a17b -> 
  custom:scripting/monoscript/fileName/ClearCounter.cs: 733019e1f683a3c33c1b0f446554f075 -> 
  custom:video-decoder-webm-vp8: 9c59270c3fd7afecdb556c50c9e8de78 -> 
  custom:SearchIndexIgnoredProperties: e643bd26f0fe6173181afceb89e7c659 -> 
  custom:AudioImporter_EditorPlatform: 3918e3fc78b5a79bad01e8451be0beb8 -> 
  custom:scripting/monoscript/fileName/Movment.cs: da45837ad5f5a57f6fce82c5870b0f43 -> 
  custom:framework-osx-AVFoundation: e770b220cccbd017edd2c1fefb359320 -> 
  custom:video-encoder-webm-vp8: eb34c28f22e8b96e1ab97ce403110664 -> 
  custom:audio-decoder-ogg-vorbis: bf7c407c2cedff20999df2af8eb42d56 -> 
  custom:scripting/monoscript/fileName/Movement.cs: 1bc12bc9370e727baa54e145392501fb -> 
  custom:scripting/monoscript/fileName/Player.cs: 007e2e63cbf915a2b71612a7f593548a -> 
  custom:audio-encoder-webm-vorbis: bf7c407c2cedff20999df2af8eb42d56 -> 
  custom:scripting/precompiled-assembly-types:Assembly-CSharp: 6b5ab6d2ca0396fbf9e27305abf9e729 -> 
========================================================================
Received Prepare
Caller must complete domain reload
Begin MonoManager ReloadAssembly
Thread 0x307ee7000 may have been prematurely finalized
- Loaded All Assemblies, in  0.165 seconds
Native extension for Android target not found
Native extension for OSXStandalone target not found
Mono: successfully reloaded assembly
- Finished resetting the current domain, in  0.394 seconds
Domain Reload Profiling: 559ms
	BeginReloadAssembly (60ms)
		ExecutionOrderSort (0ms)
		DisableScriptedObjects (2ms)
		BackupInstance (0ms)
		ReleaseScriptingObjects (0ms)
		CreateAndSetChildDomain (19ms)
	RebuildCommonClasses (16ms)
	RebuildNativeTypeToScriptingClass (5ms)
	initialDomainReloadingComplete (10ms)
	LoadAllAssembliesAndSetupDomain (74ms)
		LoadAssemblies (83ms)
		RebuildTransferFunctionScriptingTraits (0ms)
		AnalyzeDomain (11ms)
			TypeCache.Refresh (5ms)
				TypeCache.ScanAssembly (0ms)
			ScanForSourceGeneratedMonoScriptInfo (3ms)
			ResolveRequiredComponents (2ms)
	FinalizeReload (394ms)
		ReleaseScriptCaches (0ms)
		RebuildScriptCaches (0ms)
		SetupLoadedEditorAssemblies (180ms)
			LogAssemblyErrors (0ms)
			InitializePlatformSupportModulesInManaged (6ms)
			SetLoadedEditorAssemblies (2ms)
			RefreshPlugins (0ms)
			BeforeProcessingInitializeOnLoad (24ms)
			ProcessInitializeOnLoadAttributes (140ms)
			ProcessInitializeOnLoadMethodAttributes (8ms)
			AfterProcessingInitializeOnLoad (1ms)
			EditorAssembliesLoaded (0ms)
		ExecutionOrderSort2 (0ms)
		AwakeInstancesAfterBackupRestoration (2ms)
Refreshing native plugins compatible for Editor in 0.47 ms, found 2 plugins.
Preloading 0 native plugins for Editor in 0.00 ms.
Unloading 3098 Unused Serialized files (Serialized files now loaded: 0)
Unloading 13 unused Assets / (27.8 KB). Loaded Objects now: 3855.
Memory consumption went from 0.58 GB to 0.58 GB.
Total: 1.818333 ms (FindLiveObjects: 0.087542 ms CreateObjectMapping: 0.033125 ms MarkObjects: 1.679000 ms  DeleteObjects: 0.018292 ms)

Prepare: number of updated asset objects reloaded= 0
AssetImportParameters requested are different than current active one (requested -> active):
  custom:container-demuxer-ogg: 62fdf1f143b41e24485cea50d1cbac27 -> 
  custom:video-decoder-ogg-theora: a1e56fd34408186e4bbccfd4996cb3dc -> 
  custom:CustomObjectIndexerAttribute: 9a22284fe3817be447336de3de66b15e -> 
  custom:container-demuxer-webm: 4f35f7cbe854078d1ac9338744f61a02 -> 
  custom:container-muxer-webm: aa71ff27fc2769a1b78a27578f13a17b -> 
  custom:scripting/monoscript/fileName/ClearCounter.cs: 733019e1f683a3c33c1b0f446554f075 -> 
  custom:video-decoder-webm-vp8: 9c59270c3fd7afecdb556c50c9e8de78 -> 
  custom:SearchIndexIgnoredProperties: e643bd26f0fe6173181afceb89e7c659 -> 
  custom:AudioImporter_EditorPlatform: 3918e3fc78b5a79bad01e8451be0beb8 -> 
  custom:scripting/monoscript/fileName/Movment.cs: da45837ad5f5a57f6fce82c5870b0f43 -> 
  custom:framework-osx-AVFoundation: e770b220cccbd017edd2c1fefb359320 -> 
  custom:video-encoder-webm-vp8: eb34c28f22e8b96e1ab97ce403110664 -> 
  custom:audio-decoder-ogg-vorbis: bf7c407c2cedff20999df2af8eb42d56 -> 
  custom:scripting/monoscript/fileName/Movement.cs: 1bc12bc9370e727baa54e145392501fb -> 
  custom:scripting/monoscript/fileName/Player.cs: 007e2e63cbf915a2b71612a7f593548a -> 
  custom:audio-encoder-webm-vorbis: bf7c407c2cedff20999df2af8eb42d56 -> 
  custom:scripting/precompiled-assembly-types:Assembly-CSharp: 6b5ab6d2ca0396fbf9e27305abf9e729 -> 
========================================================================
Received Prepare
Caller must complete domain reload
Begin MonoManager ReloadAssembly
Thread 0x307ee7000 may have been prematurely finalized
- Loaded All Assemblies, in  0.157 seconds
Native extension for Android target not found
Native extension for OSXStandalone target not found
Mono: successfully reloaded assembly
- Finished resetting the current domain, in  0.334 seconds
Domain Reload Profiling: 491ms
	BeginReloadAssembly (58ms)
		ExecutionOrderSort (0ms)
		DisableScriptedObjects (2ms)
		BackupInstance (0ms)
		ReleaseScriptingObjects (0ms)
		CreateAndSetChildDomain (18ms)
	RebuildCommonClasses (17ms)
	RebuildNativeTypeToScriptingClass (5ms)
	initialDomainReloadingComplete (10ms)
	LoadAllAssembliesAndSetupDomain (68ms)
		LoadAssemblies (81ms)
		RebuildTransferFunctionScriptingTraits (0ms)
		AnalyzeDomain (7ms)
			TypeCache.Refresh (3ms)
				TypeCache.ScanAssembly (0ms)
			ScanForSourceGeneratedMonoScriptInfo (0ms)
			ResolveRequiredComponents (3ms)
	FinalizeReload (334ms)
		ReleaseScriptCaches (0ms)
		RebuildScriptCaches (0ms)
		SetupLoadedEditorAssemblies (192ms)
			LogAssemblyErrors (0ms)
			InitializePlatformSupportModulesInManaged (6ms)
			SetLoadedEditorAssemblies (3ms)
			RefreshPlugins (0ms)
			BeforeProcessingInitializeOnLoad (24ms)
			ProcessInitializeOnLoadAttributes (150ms)
			ProcessInitializeOnLoadMethodAttributes (9ms)
			AfterProcessingInitializeOnLoad (0ms)
			EditorAssembliesLoaded (0ms)
		ExecutionOrderSort2 (0ms)
		AwakeInstancesAfterBackupRestoration (2ms)
Refreshing native plugins compatible for Editor in 0.49 ms, found 2 plugins.
Preloading 0 native plugins for Editor in 0.00 ms.
Unloading 3098 Unused Serialized files (Serialized files now loaded: 0)
Unloading 13 unused Assets / (27.8 KB). Loaded Objects now: 3858.
Memory consumption went from 0.58 GB to 0.58 GB.
Total: 1.660583 ms (FindLiveObjects: 0.080500 ms CreateObjectMapping: 0.024916 ms MarkObjects: 1.531292 ms  DeleteObjects: 0.023417 ms)

Prepare: number of updated asset objects reloaded= 0
AssetImportParameters requested are different than current active one (requested -> active):
  custom:container-demuxer-ogg: 62fdf1f143b41e24485cea50d1cbac27 -> 
  custom:video-decoder-ogg-theora: a1e56fd34408186e4bbccfd4996cb3dc -> 
  custom:CustomObjectIndexerAttribute: 9a22284fe3817be447336de3de66b15e -> 
  custom:container-demuxer-webm: 4f35f7cbe854078d1ac9338744f61a02 -> 
  custom:container-muxer-webm: aa71ff27fc2769a1b78a27578f13a17b -> 
  custom:scripting/monoscript/fileName/ClearCounter.cs: 733019e1f683a3c33c1b0f446554f075 -> 
  custom:video-decoder-webm-vp8: 9c59270c3fd7afecdb556c50c9e8de78 -> 
  custom:SearchIndexIgnoredProperties: e643bd26f0fe6173181afceb89e7c659 -> 
  custom:AudioImporter_EditorPlatform: 3918e3fc78b5a79bad01e8451be0beb8 -> 
  custom:scripting/monoscript/fileName/Movment.cs: da45837ad5f5a57f6fce82c5870b0f43 -> 
  custom:framework-osx-AVFoundation: e770b220cccbd017edd2c1fefb359320 -> 
  custom:video-encoder-webm-vp8: eb34c28f22e8b96e1ab97ce403110664 -> 
  custom:audio-decoder-ogg-vorbis: bf7c407c2cedff20999df2af8eb42d56 -> 
  custom:scripting/monoscript/fileName/Movement.cs: 1bc12bc9370e727baa54e145392501fb -> 
  custom:scripting/monoscript/fileName/Player.cs: 007e2e63cbf915a2b71612a7f593548a -> 
  custom:audio-encoder-webm-vorbis: bf7c407c2cedff20999df2af8eb42d56 -> 
  custom:scripting/precompiled-assembly-types:Assembly-CSharp: 6b5ab6d2ca0396fbf9e27305abf9e729 -> 
========================================================================
Received Prepare
Caller must complete domain reload
Begin MonoManager ReloadAssembly
Thread 0x307ee7000 may have been prematurely finalized
- Loaded All Assemblies, in  0.179 seconds
Native extension for Android target not found
Native extension for OSXStandalone target not found
Mono: successfully reloaded assembly
- Finished resetting the current domain, in  0.528 seconds
Domain Reload Profiling: 707ms
	BeginReloadAssembly (61ms)
		ExecutionOrderSort (0ms)
		DisableScriptedObjects (2ms)
		BackupInstance (0ms)
		ReleaseScriptingObjects (0ms)
		CreateAndSetChildDomain (20ms)
	RebuildCommonClasses (17ms)
	RebuildNativeTypeToScriptingClass (6ms)
	initialDomainReloadingComplete (10ms)
	LoadAllAssembliesAndSetupDomain (85ms)
		LoadAssemblies (99ms)
		RebuildTransferFunctionScriptingTraits (0ms)
		AnalyzeDomain (7ms)
			TypeCache.Refresh (4ms)
				TypeCache.ScanAssembly (0ms)
			ScanForSourceGeneratedMonoScriptInfo (0ms)
			ResolveRequiredComponents (3ms)
	FinalizeReload (528ms)
		ReleaseScriptCaches (0ms)
		RebuildScriptCaches (0ms)
		SetupLoadedEditorAssemblies (185ms)
			LogAssemblyErrors (0ms)
			InitializePlatformSupportModulesInManaged (6ms)
			SetLoadedEditorAssemblies (3ms)
			RefreshPlugins (0ms)
			BeforeProcessingInitializeOnLoad (25ms)
			ProcessInitializeOnLoadAttributes (143ms)
			ProcessInitializeOnLoadMethodAttributes (8ms)
			AfterProcessingInitializeOnLoad (0ms)
			EditorAssembliesLoaded (0ms)
		ExecutionOrderSort2 (0ms)
		AwakeInstancesAfterBackupRestoration (2ms)
Refreshing native plugins compatible for Editor in 0.50 ms, found 2 plugins.
Preloading 0 native plugins for Editor in 0.00 ms.
Unloading 3098 Unused Serialized files (Serialized files now loaded: 0)
Unloading 13 unused Assets / (27.8 KB). Loaded Objects now: 3861.
Memory consumption went from 0.59 GB to 0.59 GB.
Total: 1.761250 ms (FindLiveObjects: 0.086792 ms CreateObjectMapping: 0.026625 ms MarkObjects: 1.625792 ms  DeleteObjects: 0.021416 ms)

Prepare: number of updated asset objects reloaded= 0
AssetImportParameters requested are different than current active one (requested -> active):
  custom:container-demuxer-ogg: 62fdf1f143b41e24485cea50d1cbac27 -> 
  custom:video-decoder-ogg-theora: a1e56fd34408186e4bbccfd4996cb3dc -> 
  custom:CustomObjectIndexerAttribute: 9a22284fe3817be447336de3de66b15e -> 
  custom:container-demuxer-webm: 4f35f7cbe854078d1ac9338744f61a02 -> 
  custom:container-muxer-webm: aa71ff27fc2769a1b78a27578f13a17b -> 
  custom:scripting/monoscript/fileName/ClearCounter.cs: 733019e1f683a3c33c1b0f446554f075 -> 
  custom:video-decoder-webm-vp8: 9c59270c3fd7afecdb556c50c9e8de78 -> 
  custom:SearchIndexIgnoredProperties: e643bd26f0fe6173181afceb89e7c659 -> 
  custom:AudioImporter_EditorPlatform: 3918e3fc78b5a79bad01e8451be0beb8 -> 
  custom:scripting/monoscript/fileName/Movment.cs: da45837ad5f5a57f6fce82c5870b0f43 -> 
  custom:framework-osx-AVFoundation: e770b220cccbd017edd2c1fefb359320 -> 
  custom:video-encoder-webm-vp8: eb34c28f22e8b96e1ab97ce403110664 -> 
  custom:audio-decoder-ogg-vorbis: bf7c407c2cedff20999df2af8eb42d56 -> 
  custom:scripting/monoscript/fileName/Movement.cs: 1bc12bc9370e727baa54e145392501fb -> 
  custom:scripting/monoscript/fileName/Player.cs: 007e2e63cbf915a2b71612a7f593548a -> 
  custom:audio-encoder-webm-vorbis: bf7c407c2cedff20999df2af8eb42d56 -> 
  custom:scripting/precompiled-assembly-types:Assembly-CSharp: 6b5ab6d2ca0396fbf9e27305abf9e729 -> 
========================================================================
Received Prepare
Caller must complete domain reload
Begin MonoManager ReloadAssembly
Thread 0x307ee7000 may have been prematurely finalized
- Loaded All Assemblies, in  0.163 seconds
Native extension for Android target not found
Native extension for OSXStandalone target not found
Mono: successfully reloaded assembly
- Finished resetting the current domain, in  0.318 seconds
Domain Reload Profiling: 481ms
	BeginReloadAssembly (59ms)
		ExecutionOrderSort (0ms)
		DisableScriptedObjects (2ms)
		BackupInstance (0ms)
		ReleaseScriptingObjects (0ms)
		CreateAndSetChildDomain (20ms)
	RebuildCommonClasses (16ms)
	RebuildNativeTypeToScriptingClass (5ms)
	initialDomainReloadingComplete (9ms)
	LoadAllAssembliesAndSetupDomain (73ms)
		LoadAssemblies (80ms)
		RebuildTransferFunctionScriptingTraits (0ms)
		AnalyzeDomain (11ms)
			TypeCache.Refresh (4ms)
				TypeCache.ScanAssembly (0ms)
			ScanForSourceGeneratedMonoScriptInfo (3ms)
			ResolveRequiredComponents (2ms)
	FinalizeReload (318ms)
		ReleaseScriptCaches (0ms)
		RebuildScriptCaches (0ms)
		SetupLoadedEditorAssemblies (180ms)
			LogAssemblyErrors (0ms)
			InitializePlatformSupportModulesInManaged (6ms)
			SetLoadedEditorAssemblies (2ms)
			RefreshPlugins (0ms)
			BeforeProcessingInitializeOnLoad (22ms)
			ProcessInitializeOnLoadAttributes (143ms)
			ProcessInitializeOnLoadMethodAttributes (8ms)
			AfterProcessingInitializeOnLoad (0ms)
			EditorAssembliesLoaded (0ms)
		ExecutionOrderSort2 (0ms)
		AwakeInstancesAfterBackupRestoration (2ms)
Refreshing native plugins compatible for Editor in 0.45 ms, found 2 plugins.
Preloading 0 native plugins for Editor in 0.00 ms.
Unloading 3098 Unused Serialized files (Serialized files now loaded: 0)
Unloading 13 unused Assets / (27.8 KB). Loaded Objects now: 3864.
Memory consumption went from 0.60 GB to 0.59 GB.
Total: 1.698458 ms (FindLiveObjects: 0.083042 ms CreateObjectMapping: 0.024666 ms MarkObjects: 1.569417 ms  DeleteObjects: 0.021042 ms)

Prepare: number of updated asset objects reloaded= 0
AssetImportParameters requested are different than current active one (requested -> active):
  custom:container-demuxer-ogg: 62fdf1f143b41e24485cea50d1cbac27 -> 
  custom:video-decoder-ogg-theora: a1e56fd34408186e4bbccfd4996cb3dc -> 
  custom:CustomObjectIndexerAttribute: 9a22284fe3817be447336de3de66b15e -> 
  custom:container-demuxer-webm: 4f35f7cbe854078d1ac9338744f61a02 -> 
  custom:container-muxer-webm: aa71ff27fc2769a1b78a27578f13a17b -> 
  custom:scripting/monoscript/fileName/ClearCounter.cs: 733019e1f683a3c33c1b0f446554f075 -> 
  custom:video-decoder-webm-vp8: 9c59270c3fd7afecdb556c50c9e8de78 -> 
  custom:SearchIndexIgnoredProperties: e643bd26f0fe6173181afceb89e7c659 -> 
  custom:AudioImporter_EditorPlatform: 3918e3fc78b5a79bad01e8451be0beb8 -> 
  custom:scripting/monoscript/fileName/Movment.cs: da45837ad5f5a57f6fce82c5870b0f43 -> 
  custom:framework-osx-AVFoundation: e770b220cccbd017edd2c1fefb359320 -> 
  custom:video-encoder-webm-vp8: eb34c28f22e8b96e1ab97ce403110664 -> 
  custom:audio-decoder-ogg-vorbis: bf7c407c2cedff20999df2af8eb42d56 -> 
  custom:scripting/monoscript/fileName/Movement.cs: 1bc12bc9370e727baa54e145392501fb -> 
  custom:scripting/monoscript/fileName/Player.cs: 007e2e63cbf915a2b71612a7f593548a -> 
  custom:audio-encoder-webm-vorbis: bf7c407c2cedff20999df2af8eb42d56 -> 
  custom:scripting/precompiled-assembly-types:Assembly-CSharp: 6b5ab6d2ca0396fbf9e27305abf9e729 -> 
========================================================================
Received Prepare
Caller must complete domain reload
Begin MonoManager ReloadAssembly
Thread 0x307ee7000 may have been prematurely finalized
- Loaded All Assemblies, in  0.162 seconds
Native extension for Android target not found
Native extension for OSXStandalone target not found
Mono: successfully reloaded assembly
- Finished resetting the current domain, in  0.320 seconds
Domain Reload Profiling: 483ms
	BeginReloadAssembly (60ms)
		ExecutionOrderSort (0ms)
		DisableScriptedObjects (2ms)
		BackupInstance (0ms)
		ReleaseScriptingObjects (0ms)
		CreateAndSetChildDomain (19ms)
	RebuildCommonClasses (17ms)
	RebuildNativeTypeToScriptingClass (6ms)
	initialDomainReloadingComplete (10ms)
	LoadAllAssembliesAndSetupDomain (69ms)
		LoadAssemblies (83ms)
		RebuildTransferFunctionScriptingTraits (0ms)
		AnalyzeDomain (6ms)
			TypeCache.Refresh (3ms)
				TypeCache.ScanAssembly (0ms)
			ScanForSourceGeneratedMonoScriptInfo (0ms)
			ResolveRequiredComponents (2ms)
	FinalizeReload (320ms)
		ReleaseScriptCaches (0ms)
		RebuildScriptCaches (0ms)
		SetupLoadedEditorAssemblies (194ms)
			LogAssemblyErrors (0ms)
			InitializePlatformSupportModulesInManaged (6ms)
			SetLoadedEditorAssemblies (2ms)
			RefreshPlugins (0ms)
			BeforeProcessingInitializeOnLoad (24ms)
			ProcessInitializeOnLoadAttributes (153ms)
			ProcessInitializeOnLoadMethodAttributes (8ms)
			AfterProcessingInitializeOnLoad (0ms)
			EditorAssembliesLoaded (0ms)
		ExecutionOrderSort2 (0ms)
		AwakeInstancesAfterBackupRestoration (1ms)
Refreshing native plugins compatible for Editor in 0.38 ms, found 2 plugins.
Preloading 0 native plugins for Editor in 0.00 ms.
Unloading 3098 Unused Serialized files (Serialized files now loaded: 0)
Unloading 13 unused Assets / (27.8 KB). Loaded Objects now: 3867.
Memory consumption went from 0.60 GB to 0.60 GB.
Total: 1.711291 ms (FindLiveObjects: 0.092958 ms CreateObjectMapping: 0.026959 ms MarkObjects: 1.562250 ms  DeleteObjects: 0.028750 ms)

Prepare: number of updated asset objects reloaded= 0
AssetImportParameters requested are different than current active one (requested -> active):
  custom:container-demuxer-ogg: 62fdf1f143b41e24485cea50d1cbac27 -> 
  custom:video-decoder-ogg-theora: a1e56fd34408186e4bbccfd4996cb3dc -> 
  custom:CustomObjectIndexerAttribute: 9a22284fe3817be447336de3de66b15e -> 
  custom:container-demuxer-webm: 4f35f7cbe854078d1ac9338744f61a02 -> 
  custom:container-muxer-webm: aa71ff27fc2769a1b78a27578f13a17b -> 
  custom:scripting/monoscript/fileName/ClearCounter.cs: 733019e1f683a3c33c1b0f446554f075 -> 
  custom:video-decoder-webm-vp8: 9c59270c3fd7afecdb556c50c9e8de78 -> 
  custom:SearchIndexIgnoredProperties: e643bd26f0fe6173181afceb89e7c659 -> 
  custom:AudioImporter_EditorPlatform: 3918e3fc78b5a79bad01e8451be0beb8 -> 
  custom:scripting/monoscript/fileName/Movment.cs: da45837ad5f5a57f6fce82c5870b0f43 -> 
  custom:framework-osx-AVFoundation: e770b220cccbd017edd2c1fefb359320 -> 
  custom:video-encoder-webm-vp8: eb34c28f22e8b96e1ab97ce403110664 -> 
  custom:audio-decoder-ogg-vorbis: bf7c407c2cedff20999df2af8eb42d56 -> 
  custom:scripting/monoscript/fileName/Movement.cs: 1bc12bc9370e727baa54e145392501fb -> 
  custom:scripting/monoscript/fileName/Player.cs: 007e2e63cbf915a2b71612a7f593548a -> 
  custom:audio-encoder-webm-vorbis: bf7c407c2cedff20999df2af8eb42d56 -> 
  custom:scripting/precompiled-assembly-types:Assembly-CSharp: 6b5ab6d2ca0396fbf9e27305abf9e729 -> 
========================================================================
Received Prepare
Caller must complete domain reload
Begin MonoManager ReloadAssembly
Thread 0x307ee7000 may have been prematurely finalized
- Loaded All Assemblies, in  0.166 seconds
Native extension for Android target not found
Native extension for OSXStandalone target not found
Mono: successfully reloaded assembly
- Finished resetting the current domain, in  0.314 seconds
Domain Reload Profiling: 480ms
	BeginReloadAssembly (59ms)
		ExecutionOrderSort (0ms)
		DisableScriptedObjects (2ms)
		BackupInstance (0ms)
		ReleaseScriptingObjects (0ms)
		CreateAndSetChildDomain (19ms)
	RebuildCommonClasses (15ms)
	RebuildNativeTypeToScriptingClass (5ms)
	initialDomainReloadingComplete (9ms)
	LoadAllAssembliesAndSetupDomain (77ms)
		LoadAssemblies (86ms)
		RebuildTransferFunctionScriptingTraits (0ms)
		AnalyzeDomain (10ms)
			TypeCache.Refresh (4ms)
				TypeCache.ScanAssembly (0ms)
			ScanForSourceGeneratedMonoScriptInfo (3ms)
			ResolveRequiredComponents (2ms)
	FinalizeReload (314ms)
		ReleaseScriptCaches (0ms)
		RebuildScriptCaches (0ms)
		SetupLoadedEditorAssemblies (176ms)
			LogAssemblyErrors (0ms)
			InitializePlatformSupportModulesInManaged (6ms)
			SetLoadedEditorAssemblies (2ms)
			RefreshPlugins (0ms)
			BeforeProcessingInitializeOnLoad (24ms)
			ProcessInitializeOnLoadAttributes (137ms)
			ProcessInitializeOnLoadMethodAttributes (7ms)
			AfterProcessingInitializeOnLoad (0ms)
			EditorAssembliesLoaded (0ms)
		ExecutionOrderSort2 (0ms)
		AwakeInstancesAfterBackupRestoration (1ms)
Refreshing native plugins compatible for Editor in 0.44 ms, found 2 plugins.
Preloading 0 native plugins for Editor in 0.00 ms.
Unloading 3098 Unused Serialized files (Serialized files now loaded: 0)
Unloading 13 unused Assets / (27.8 KB). Loaded Objects now: 3870.
Memory consumption went from 0.61 GB to 0.61 GB.
Total: 1.827833 ms (FindLiveObjects: 0.096334 ms CreateObjectMapping: 0.026917 ms MarkObjects: 1.682708 ms  DeleteObjects: 0.021250 ms)

Prepare: number of updated asset objects reloaded= 0
AssetImportParameters requested are different than current active one (requested -> active):
  custom:container-demuxer-ogg: 62fdf1f143b41e24485cea50d1cbac27 -> 
  custom:video-decoder-ogg-theora: a1e56fd34408186e4bbccfd4996cb3dc -> 
  custom:CustomObjectIndexerAttribute: 9a22284fe3817be447336de3de66b15e -> 
  custom:container-demuxer-webm: 4f35f7cbe854078d1ac9338744f61a02 -> 
  custom:container-muxer-webm: aa71ff27fc2769a1b78a27578f13a17b -> 
  custom:scripting/monoscript/fileName/ClearCounter.cs: 733019e1f683a3c33c1b0f446554f075 -> 
  custom:video-decoder-webm-vp8: 9c59270c3fd7afecdb556c50c9e8de78 -> 
  custom:SearchIndexIgnoredProperties: e643bd26f0fe6173181afceb89e7c659 -> 
  custom:AudioImporter_EditorPlatform: 3918e3fc78b5a79bad01e8451be0beb8 -> 
  custom:scripting/monoscript/fileName/Movment.cs: da45837ad5f5a57f6fce82c5870b0f43 -> 
  custom:framework-osx-AVFoundation: e770b220cccbd017edd2c1fefb359320 -> 
  custom:video-encoder-webm-vp8: eb34c28f22e8b96e1ab97ce403110664 -> 
  custom:audio-decoder-ogg-vorbis: bf7c407c2cedff20999df2af8eb42d56 -> 
  custom:scripting/monoscript/fileName/Movement.cs: 1bc12bc9370e727baa54e145392501fb -> 
  custom:scripting/monoscript/fileName/Player.cs: 007e2e63cbf915a2b71612a7f593548a -> 
  custom:audio-encoder-webm-vorbis: bf7c407c2cedff20999df2af8eb42d56 -> 
  custom:scripting/precompiled-assembly-types:Assembly-CSharp: 6b5ab6d2ca0396fbf9e27305abf9e729 -> 
========================================================================
Received Prepare
Caller must complete domain reload
Begin MonoManager ReloadAssembly
Thread 0x307ee7000 may have been prematurely finalized
- Loaded All Assemblies, in  0.163 seconds
Native extension for Android target not found
Native extension for OSXStandalone target not found
Mono: successfully reloaded assembly
- Finished resetting the current domain, in  0.320 seconds
Domain Reload Profiling: 483ms
	BeginReloadAssembly (60ms)
		ExecutionOrderSort (0ms)
		DisableScriptedObjects (2ms)
		BackupInstance (0ms)
		ReleaseScriptingObjects (0ms)
		CreateAndSetChildDomain (20ms)
	RebuildCommonClasses (17ms)
	RebuildNativeTypeToScriptingClass (5ms)
	initialDomainReloadingComplete (10ms)
	LoadAllAssembliesAndSetupDomain (70ms)
		LoadAssemblies (83ms)
		RebuildTransferFunctionScriptingTraits (0ms)
		AnalyzeDomain (7ms)
			TypeCache.Refresh (4ms)
				TypeCache.ScanAssembly (0ms)
			ScanForSourceGeneratedMonoScriptInfo (0ms)
			ResolveRequiredComponents (3ms)
	FinalizeReload (320ms)
		ReleaseScriptCaches (0ms)
		RebuildScriptCaches (0ms)
		SetupLoadedEditorAssemblies (194ms)
			LogAssemblyErrors (0ms)
			InitializePlatformSupportModulesInManaged (6ms)
			SetLoadedEditorAssemblies (2ms)
			RefreshPlugins (0ms)
			BeforeProcessingInitializeOnLoad (24ms)
			ProcessInitializeOnLoadAttributes (152ms)
			ProcessInitializeOnLoadMethodAttributes (9ms)
			AfterProcessingInitializeOnLoad (0ms)
			EditorAssembliesLoaded (0ms)
		ExecutionOrderSort2 (0ms)
		AwakeInstancesAfterBackupRestoration (2ms)
Refreshing native plugins compatible for Editor in 0.44 ms, found 2 plugins.
Preloading 0 native plugins for Editor in 0.00 ms.
Unloading 3098 Unused Serialized files (Serialized files now loaded: 0)
Unloading 13 unused Assets / (27.8 KB). Loaded Objects now: 3873.
Memory consumption went from 0.61 GB to 0.61 GB.
Total: 1.574417 ms (FindLiveObjects: 0.081750 ms CreateObjectMapping: 0.024958 ms MarkObjects: 1.445708 ms  DeleteObjects: 0.021500 ms)

Prepare: number of updated asset objects reloaded= 0
AssetImportParameters requested are different than current active one (requested -> active):
  custom:container-demuxer-ogg: 62fdf1f143b41e24485cea50d1cbac27 -> 
  custom:video-decoder-ogg-theora: a1e56fd34408186e4bbccfd4996cb3dc -> 
  custom:CustomObjectIndexerAttribute: 9a22284fe3817be447336de3de66b15e -> 
  custom:container-demuxer-webm: 4f35f7cbe854078d1ac9338744f61a02 -> 
  custom:container-muxer-webm: aa71ff27fc2769a1b78a27578f13a17b -> 
  custom:scripting/monoscript/fileName/ClearCounter.cs: 733019e1f683a3c33c1b0f446554f075 -> 
  custom:video-decoder-webm-vp8: 9c59270c3fd7afecdb556c50c9e8de78 -> 
  custom:SearchIndexIgnoredProperties: e643bd26f0fe6173181afceb89e7c659 -> 
  custom:AudioImporter_EditorPlatform: 3918e3fc78b5a79bad01e8451be0beb8 -> 
  custom:scripting/monoscript/fileName/Movment.cs: da45837ad5f5a57f6fce82c5870b0f43 -> 
  custom:framework-osx-AVFoundation: e770b220cccbd017edd2c1fefb359320 -> 
  custom:video-encoder-webm-vp8: eb34c28f22e8b96e1ab97ce403110664 -> 
  custom:audio-decoder-ogg-vorbis: bf7c407c2cedff20999df2af8eb42d56 -> 
  custom:scripting/monoscript/fileName/Movement.cs: 1bc12bc9370e727baa54e145392501fb -> 
  custom:scripting/monoscript/fileName/Player.cs: 007e2e63cbf915a2b71612a7f593548a -> 
  custom:audio-encoder-webm-vorbis: bf7c407c2cedff20999df2af8eb42d56 -> 
  custom:scripting/precompiled-assembly-types:Assembly-CSharp: 6b5ab6d2ca0396fbf9e27305abf9e729 -> 
========================================================================
Received Prepare
Caller must complete domain reload
Begin MonoManager ReloadAssembly
Thread 0x307ee7000 may have been prematurely finalized
- Loaded All Assemblies, in  0.164 seconds
Native extension for Android target not found
Native extension for OSXStandalone target not found
Mono: successfully reloaded assembly
- Finished resetting the current domain, in  0.326 seconds
Domain Reload Profiling: 491ms
	BeginReloadAssembly (61ms)
		ExecutionOrderSort (0ms)
		DisableScriptedObjects (2ms)
		BackupInstance (0ms)
		ReleaseScriptingObjects (0ms)
		CreateAndSetChildDomain (20ms)
	RebuildCommonClasses (17ms)
	RebuildNativeTypeToScriptingClass (6ms)
	initialDomainReloadingComplete (10ms)
	LoadAllAssembliesAndSetupDomain (71ms)
		LoadAssemblies (81ms)
		RebuildTransferFunctionScriptingTraits (0ms)
		AnalyzeDomain (11ms)
			TypeCache.Refresh (4ms)
				TypeCache.ScanAssembly (0ms)
			ScanForSourceGeneratedMonoScriptInfo (3ms)
			ResolveRequiredComponents (2ms)
	FinalizeReload (326ms)
		ReleaseScriptCaches (0ms)
		RebuildScriptCaches (0ms)
		SetupLoadedEditorAssemblies (185ms)
			LogAssemblyErrors (0ms)
			InitializePlatformSupportModulesInManaged (5ms)
			SetLoadedEditorAssemblies (2ms)
			RefreshPlugins (0ms)
			BeforeProcessingInitializeOnLoad (24ms)
			ProcessInitializeOnLoadAttributes (144ms)
			ProcessInitializeOnLoadMethodAttributes (8ms)
			AfterProcessingInitializeOnLoad (0ms)
			EditorAssembliesLoaded (0ms)
		ExecutionOrderSort2 (0ms)
		AwakeInstancesAfterBackupRestoration (2ms)
Refreshing native plugins compatible for Editor in 0.49 ms, found 2 plugins.
Preloading 0 native plugins for Editor in 0.00 ms.
Unloading 3098 Unused Serialized files (Serialized files now loaded: 0)
Unloading 13 unused Assets / (27.8 KB). Loaded Objects now: 3876.
Memory consumption went from 0.62 GB to 0.62 GB.
Total: 1.735375 ms (FindLiveObjects: 0.104625 ms CreateObjectMapping: 0.025833 ms MarkObjects: 1.577958 ms  DeleteObjects: 0.026417 ms)

Prepare: number of updated asset objects reloaded= 0
AssetImportParameters requested are different than current active one (requested -> active):
  custom:container-demuxer-ogg: 62fdf1f143b41e24485cea50d1cbac27 -> 
  custom:video-decoder-ogg-theora: a1e56fd34408186e4bbccfd4996cb3dc -> 
  custom:CustomObjectIndexerAttribute: 9a22284fe3817be447336de3de66b15e -> 
  custom:container-demuxer-webm: 4f35f7cbe854078d1ac9338744f61a02 -> 
  custom:container-muxer-webm: aa71ff27fc2769a1b78a27578f13a17b -> 
  custom:scripting/monoscript/fileName/ClearCounter.cs: 733019e1f683a3c33c1b0f446554f075 -> 
  custom:video-decoder-webm-vp8: 9c59270c3fd7afecdb556c50c9e8de78 -> 
  custom:SearchIndexIgnoredProperties: e643bd26f0fe6173181afceb89e7c659 -> 
  custom:AudioImporter_EditorPlatform: 3918e3fc78b5a79bad01e8451be0beb8 -> 
  custom:scripting/monoscript/fileName/Movment.cs: da45837ad5f5a57f6fce82c5870b0f43 -> 
  custom:framework-osx-AVFoundation: e770b220cccbd017edd2c1fefb359320 -> 
  custom:video-encoder-webm-vp8: eb34c28f22e8b96e1ab97ce403110664 -> 
  custom:audio-decoder-ogg-vorbis: bf7c407c2cedff20999df2af8eb42d56 -> 
  custom:scripting/monoscript/fileName/Movement.cs: 1bc12bc9370e727baa54e145392501fb -> 
  custom:scripting/monoscript/fileName/Player.cs: 007e2e63cbf915a2b71612a7f593548a -> 
  custom:audio-encoder-webm-vorbis: bf7c407c2cedff20999df2af8eb42d56 -> 
  custom:scripting/precompiled-assembly-types:Assembly-CSharp: 6b5ab6d2ca0396fbf9e27305abf9e729 -> 
========================================================================
Received Prepare
Caller must complete domain reload
Begin MonoManager ReloadAssembly
Thread 0x307ee7000 may have been prematurely finalized
- Loaded All Assemblies, in  0.161 seconds
Native extension for Android target not found
Native extension for OSXStandalone target not found
Mono: successfully reloaded assembly
- Finished resetting the current domain, in  0.320 seconds
Domain Reload Profiling: 481ms
	BeginReloadAssembly (61ms)
		ExecutionOrderSort (0ms)
		DisableScriptedObjects (2ms)
		BackupInstance (0ms)
		ReleaseScriptingObjects (0ms)
		CreateAndSetChildDomain (21ms)
	RebuildCommonClasses (17ms)
	RebuildNativeTypeToScriptingClass (5ms)
	initialDomainReloadingComplete (10ms)
	LoadAllAssembliesAndSetupDomain (68ms)
		LoadAssemblies (80ms)
		RebuildTransferFunctionScriptingTraits (0ms)
		AnalyzeDomain (8ms)
			TypeCache.Refresh (4ms)
				TypeCache.ScanAssembly (0ms)
			ScanForSourceGeneratedMonoScriptInfo (0ms)
			ResolveRequiredComponents (3ms)
	FinalizeReload (320ms)
		ReleaseScriptCaches (0ms)
		RebuildScriptCaches (0ms)
		SetupLoadedEditorAssemblies (193ms)
			LogAssemblyErrors (0ms)
			InitializePlatformSupportModulesInManaged (7ms)
			SetLoadedEditorAssemblies (2ms)
			RefreshPlugins (0ms)
			BeforeProcessingInitializeOnLoad (24ms)
			ProcessInitializeOnLoadAttributes (151ms)
			ProcessInitializeOnLoadMethodAttributes (8ms)
			AfterProcessingInitializeOnLoad (0ms)
			EditorAssembliesLoaded (0ms)
		ExecutionOrderSort2 (0ms)
		AwakeInstancesAfterBackupRestoration (2ms)
Refreshing native plugins compatible for Editor in 0.48 ms, found 2 plugins.
Preloading 0 native plugins for Editor in 0.00 ms.
Unloading 3098 Unused Serialized files (Serialized files now loaded: 0)
Unloading 13 unused Assets / (27.8 KB). Loaded Objects now: 3879.
Memory consumption went from 0.62 GB to 0.62 GB.
Total: 1.702208 ms (FindLiveObjects: 0.089666 ms CreateObjectMapping: 0.025209 ms MarkObjects: 1.564834 ms  DeleteObjects: 0.022084 ms)

Prepare: number of updated asset objects reloaded= 0
AssetImportParameters requested are different than current active one (requested -> active):
  custom:container-demuxer-ogg: 62fdf1f143b41e24485cea50d1cbac27 -> 
  custom:video-decoder-ogg-theora: a1e56fd34408186e4bbccfd4996cb3dc -> 
  custom:CustomObjectIndexerAttribute: 9a22284fe3817be447336de3de66b15e -> 
  custom:container-demuxer-webm: 4f35f7cbe854078d1ac9338744f61a02 -> 
  custom:container-muxer-webm: aa71ff27fc2769a1b78a27578f13a17b -> 
  custom:scripting/monoscript/fileName/ClearCounter.cs: 733019e1f683a3c33c1b0f446554f075 -> 
  custom:video-decoder-webm-vp8: 9c59270c3fd7afecdb556c50c9e8de78 -> 
  custom:SearchIndexIgnoredProperties: e643bd26f0fe6173181afceb89e7c659 -> 
  custom:AudioImporter_EditorPlatform: 3918e3fc78b5a79bad01e8451be0beb8 -> 
  custom:scripting/monoscript/fileName/Movment.cs: da45837ad5f5a57f6fce82c5870b0f43 -> 
  custom:framework-osx-AVFoundation: e770b220cccbd017edd2c1fefb359320 -> 
  custom:video-encoder-webm-vp8: eb34c28f22e8b96e1ab97ce403110664 -> 
  custom:audio-decoder-ogg-vorbis: bf7c407c2cedff20999df2af8eb42d56 -> 
  custom:scripting/monoscript/fileName/Movement.cs: 1bc12bc9370e727baa54e145392501fb -> 
  custom:scripting/monoscript/fileName/Player.cs: 007e2e63cbf915a2b71612a7f593548a -> 
  custom:audio-encoder-webm-vorbis: bf7c407c2cedff20999df2af8eb42d56 -> 
  custom:scripting/precompiled-assembly-types:Assembly-CSharp: 6b5ab6d2ca0396fbf9e27305abf9e729 -> 
========================================================================
Received Prepare
Caller must complete domain reload
Begin MonoManager ReloadAssembly
Thread 0x307ee7000 may have been prematurely finalized
- Loaded All Assemblies, in  0.164 seconds
Native extension for Android target not found
Native extension for OSXStandalone target not found
Mono: successfully reloaded assembly
- Finished resetting the current domain, in  0.320 seconds
Domain Reload Profiling: 484ms
	BeginReloadAssembly (59ms)
		ExecutionOrderSort (0ms)
		DisableScriptedObjects (2ms)
		BackupInstance (0ms)
		ReleaseScriptingObjects (0ms)
		CreateAndSetChildDomain (20ms)
	RebuildCommonClasses (17ms)
	RebuildNativeTypeToScriptingClass (6ms)
	initialDomainReloadingComplete (10ms)
	LoadAllAssembliesAndSetupDomain (73ms)
		LoadAssemblies (81ms)
		RebuildTransferFunctionScriptingTraits (0ms)
		AnalyzeDomain (11ms)
			TypeCache.Refresh (4ms)
				TypeCache.ScanAssembly (0ms)
			ScanForSourceGeneratedMonoScriptInfo (3ms)
			ResolveRequiredComponents (2ms)
	FinalizeReload (320ms)
		ReleaseScriptCaches (0ms)
		RebuildScriptCaches (0ms)
		SetupLoadedEditorAssemblies (184ms)
			LogAssemblyErrors (0ms)
			InitializePlatformSupportModulesInManaged (5ms)
			SetLoadedEditorAssemblies (2ms)
			RefreshPlugins (0ms)
			BeforeProcessingInitializeOnLoad (24ms)
			ProcessInitializeOnLoadAttributes (144ms)
			ProcessInitializeOnLoadMethodAttributes (8ms)
			AfterProcessingInitializeOnLoad (0ms)
			EditorAssembliesLoaded (0ms)
		ExecutionOrderSort2 (0ms)
		AwakeInstancesAfterBackupRestoration (2ms)
Refreshing native plugins compatible for Editor in 0.54 ms, found 2 plugins.
Preloading 0 native plugins for Editor in 0.00 ms.
Unloading 3098 Unused Serialized files (Serialized files now loaded: 0)
Unloading 13 unused Assets / (27.8 KB). Loaded Objects now: 3882.
Memory consumption went from 0.63 GB to 0.63 GB.
Total: 1.658167 ms (FindLiveObjects: 0.084834 ms CreateObjectMapping: 0.025667 ms MarkObjects: 1.526583 ms  DeleteObjects: 0.020667 ms)

Prepare: number of updated asset objects reloaded= 0
AssetImportParameters requested are different than current active one (requested -> active):
  custom:container-demuxer-ogg: 62fdf1f143b41e24485cea50d1cbac27 -> 
  custom:video-decoder-ogg-theora: a1e56fd34408186e4bbccfd4996cb3dc -> 
  custom:CustomObjectIndexerAttribute: 9a22284fe3817be447336de3de66b15e -> 
  custom:container-demuxer-webm: 4f35f7cbe854078d1ac9338744f61a02 -> 
  custom:container-muxer-webm: aa71ff27fc2769a1b78a27578f13a17b -> 
  custom:scripting/monoscript/fileName/ClearCounter.cs: 733019e1f683a3c33c1b0f446554f075 -> 
  custom:video-decoder-webm-vp8: 9c59270c3fd7afecdb556c50c9e8de78 -> 
  custom:SearchIndexIgnoredProperties: e643bd26f0fe6173181afceb89e7c659 -> 
  custom:AudioImporter_EditorPlatform: 3918e3fc78b5a79bad01e8451be0beb8 -> 
  custom:scripting/monoscript/fileName/Movment.cs: da45837ad5f5a57f6fce82c5870b0f43 -> 
  custom:framework-osx-AVFoundation: e770b220cccbd017edd2c1fefb359320 -> 
  custom:video-encoder-webm-vp8: eb34c28f22e8b96e1ab97ce403110664 -> 
  custom:audio-decoder-ogg-vorbis: bf7c407c2cedff20999df2af8eb42d56 -> 
  custom:scripting/monoscript/fileName/Movement.cs: 1bc12bc9370e727baa54e145392501fb -> 
  custom:scripting/monoscript/fileName/Player.cs: 007e2e63cbf915a2b71612a7f593548a -> 
  custom:audio-encoder-webm-vorbis: bf7c407c2cedff20999df2af8eb42d56 -> 
  custom:scripting/precompiled-assembly-types:Assembly-CSharp: 6b5ab6d2ca0396fbf9e27305abf9e729 -> 
========================================================================
Received Prepare
Caller must complete domain reload
Begin MonoManager ReloadAssembly
Thread 0x307ee7000 may have been prematurely finalized
- Loaded All Assemblies, in  0.162 seconds
Native extension for Android target not found
Native extension for OSXStandalone target not found
Mono: successfully reloaded assembly
- Finished resetting the current domain, in  0.327 seconds
Domain Reload Profiling: 489ms
	BeginReloadAssembly (61ms)
		ExecutionOrderSort (0ms)
		DisableScriptedObjects (2ms)
		BackupInstance (0ms)
		ReleaseScriptingObjects (0ms)
		CreateAndSetChildDomain (21ms)
	RebuildCommonClasses (17ms)
	RebuildNativeTypeToScriptingClass (6ms)
	initialDomainReloadingComplete (10ms)
	LoadAllAssembliesAndSetupDomain (69ms)
		LoadAssemblies (82ms)
		RebuildTransferFunctionScriptingTraits (0ms)
		AnalyzeDomain (7ms)
			TypeCache.Refresh (3ms)
				TypeCache.ScanAssembly (0ms)
			ScanForSourceGeneratedMonoScriptInfo (0ms)
			ResolveRequiredComponents (3ms)
	FinalizeReload (327ms)
		ReleaseScriptCaches (0ms)
		RebuildScriptCaches (0ms)
		SetupLoadedEditorAssemblies (190ms)
			LogAssemblyErrors (0ms)
			InitializePlatformSupportModulesInManaged (6ms)
			SetLoadedEditorAssemblies (2ms)
			RefreshPlugins (0ms)
			BeforeProcessingInitializeOnLoad (24ms)
			ProcessInitializeOnLoadAttributes (149ms)
			ProcessInitializeOnLoadMethodAttributes (8ms)
			AfterProcessingInitializeOnLoad (0ms)
			EditorAssembliesLoaded (0ms)
		ExecutionOrderSort2 (0ms)
		AwakeInstancesAfterBackupRestoration (1ms)
Refreshing native plugins compatible for Editor in 0.54 ms, found 2 plugins.
Preloading 0 native plugins for Editor in 0.00 ms.
Unloading 3098 Unused Serialized files (Serialized files now loaded: 0)
Unloading 13 unused Assets / (27.8 KB). Loaded Objects now: 3885.
Memory consumption went from 0.63 GB to 0.63 GB.
Total: 1.763042 ms (FindLiveObjects: 0.077458 ms CreateObjectMapping: 0.024958 ms MarkObjects: 1.638125 ms  DeleteObjects: 0.022083 ms)

Prepare: number of updated asset objects reloaded= 0
AssetImportParameters requested are different than current active one (requested -> active):
  custom:container-demuxer-ogg: 62fdf1f143b41e24485cea50d1cbac27 -> 
  custom:video-decoder-ogg-theora: a1e56fd34408186e4bbccfd4996cb3dc -> 
  custom:CustomObjectIndexerAttribute: 9a22284fe3817be447336de3de66b15e -> 
  custom:container-demuxer-webm: 4f35f7cbe854078d1ac9338744f61a02 -> 
  custom:container-muxer-webm: aa71ff27fc2769a1b78a27578f13a17b -> 
  custom:scripting/monoscript/fileName/ClearCounter.cs: 733019e1f683a3c33c1b0f446554f075 -> 
  custom:video-decoder-webm-vp8: 9c59270c3fd7afecdb556c50c9e8de78 -> 
  custom:SearchIndexIgnoredProperties: e643bd26f0fe6173181afceb89e7c659 -> 
  custom:AudioImporter_EditorPlatform: 3918e3fc78b5a79bad01e8451be0beb8 -> 
  custom:scripting/monoscript/fileName/Movment.cs: da45837ad5f5a57f6fce82c5870b0f43 -> 
  custom:framework-osx-AVFoundation: e770b220cccbd017edd2c1fefb359320 -> 
  custom:video-encoder-webm-vp8: eb34c28f22e8b96e1ab97ce403110664 -> 
  custom:audio-decoder-ogg-vorbis: bf7c407c2cedff20999df2af8eb42d56 -> 
  custom:scripting/monoscript/fileName/Movement.cs: 1bc12bc9370e727baa54e145392501fb -> 
  custom:scripting/monoscript/fileName/Player.cs: 007e2e63cbf915a2b71612a7f593548a -> 
  custom:audio-encoder-webm-vorbis: bf7c407c2cedff20999df2af8eb42d56 -> 
  custom:scripting/precompiled-assembly-types:Assembly-CSharp: 6b5ab6d2ca0396fbf9e27305abf9e729 -> 
========================================================================
Received Prepare
Caller must complete domain reload
Begin MonoManager ReloadAssembly
Thread 0x307ee7000 may have been prematurely finalized
- Loaded All Assemblies, in  0.164 seconds
Native extension for Android target not found
Native extension for OSXStandalone target not found
Mono: successfully reloaded assembly
- Finished resetting the current domain, in  0.328 seconds
Domain Reload Profiling: 492ms
	BeginReloadAssembly (60ms)
		ExecutionOrderSort (0ms)
		DisableScriptedObjects (2ms)
		BackupInstance (0ms)
		ReleaseScriptingObjects (0ms)
		CreateAndSetChildDomain (19ms)
	RebuildCommonClasses (17ms)
	RebuildNativeTypeToScriptingClass (6ms)
	initialDomainReloadingComplete (10ms)
	LoadAllAssembliesAndSetupDomain (72ms)
		LoadAssemblies (81ms)
		RebuildTransferFunctionScriptingTraits (0ms)
		AnalyzeDomain (10ms)
			TypeCache.Refresh (4ms)
				TypeCache.ScanAssembly (0ms)
			ScanForSourceGeneratedMonoScriptInfo (3ms)
			ResolveRequiredComponents (3ms)
	FinalizeReload (329ms)
		ReleaseScriptCaches (0ms)
		RebuildScriptCaches (0ms)
		SetupLoadedEditorAssemblies (187ms)
			LogAssemblyErrors (0ms)
			InitializePlatformSupportModulesInManaged (6ms)
			SetLoadedEditorAssemblies (2ms)
			RefreshPlugins (0ms)
			BeforeProcessingInitializeOnLoad (23ms)
			ProcessInitializeOnLoadAttributes (148ms)
			ProcessInitializeOnLoadMethodAttributes (8ms)
			AfterProcessingInitializeOnLoad (0ms)
			EditorAssembliesLoaded (0ms)
		ExecutionOrderSort2 (0ms)
		AwakeInstancesAfterBackupRestoration (2ms)
Refreshing native plugins compatible for Editor in 0.49 ms, found 2 plugins.
Preloading 0 native plugins for Editor in 0.00 ms.
Unloading 3098 Unused Serialized files (Serialized files now loaded: 0)
Unloading 13 unused Assets / (27.7 KB). Loaded Objects now: 3888.
Memory consumption went from 0.64 GB to 0.64 GB.
Total: 1.732750 ms (FindLiveObjects: 0.094541 ms CreateObjectMapping: 0.027959 ms MarkObjects: 1.589250 ms  DeleteObjects: 0.020375 ms)

Prepare: number of updated asset objects reloaded= 0
AssetImportParameters requested are different than current active one (requested -> active):
  custom:container-demuxer-ogg: 62fdf1f143b41e24485cea50d1cbac27 -> 
  custom:video-decoder-ogg-theora: a1e56fd34408186e4bbccfd4996cb3dc -> 
  custom:CustomObjectIndexerAttribute: 9a22284fe3817be447336de3de66b15e -> 
  custom:container-demuxer-webm: 4f35f7cbe854078d1ac9338744f61a02 -> 
  custom:container-muxer-webm: aa71ff27fc2769a1b78a27578f13a17b -> 
  custom:scripting/monoscript/fileName/ClearCounter.cs: 733019e1f683a3c33c1b0f446554f075 -> 
  custom:video-decoder-webm-vp8: 9c59270c3fd7afecdb556c50c9e8de78 -> 
  custom:SearchIndexIgnoredProperties: e643bd26f0fe6173181afceb89e7c659 -> 
  custom:AudioImporter_EditorPlatform: 3918e3fc78b5a79bad01e8451be0beb8 -> 
  custom:scripting/monoscript/fileName/Movment.cs: da45837ad5f5a57f6fce82c5870b0f43 -> 
  custom:framework-osx-AVFoundation: e770b220cccbd017edd2c1fefb359320 -> 
  custom:video-encoder-webm-vp8: eb34c28f22e8b96e1ab97ce403110664 -> 
  custom:audio-decoder-ogg-vorbis: bf7c407c2cedff20999df2af8eb42d56 -> 
  custom:scripting/monoscript/fileName/Movement.cs: 1bc12bc9370e727baa54e145392501fb -> 
  custom:scripting/monoscript/fileName/Player.cs: 007e2e63cbf915a2b71612a7f593548a -> 
  custom:audio-encoder-webm-vorbis: bf7c407c2cedff20999df2af8eb42d56 -> 
  custom:scripting/precompiled-assembly-types:Assembly-CSharp: 6b5ab6d2ca0396fbf9e27305abf9e729 -> 
========================================================================
Received Prepare
Caller must complete domain reload
Begin MonoManager ReloadAssembly
Thread 0x307ee7000 may have been prematurely finalized
- Loaded All Assemblies, in  0.159 seconds
Native extension for Android target not found
Native extension for OSXStandalone target not found
Mono: successfully reloaded assembly
- Finished resetting the current domain, in  0.324 seconds
Domain Reload Profiling: 483ms
	BeginReloadAssembly (60ms)
		ExecutionOrderSort (0ms)
		DisableScriptedObjects (2ms)
		BackupInstance (0ms)
		ReleaseScriptingObjects (0ms)
		CreateAndSetChildDomain (20ms)
	RebuildCommonClasses (17ms)
	RebuildNativeTypeToScriptingClass (5ms)
	initialDomainReloadingComplete (10ms)
	LoadAllAssembliesAndSetupDomain (67ms)
		LoadAssemblies (80ms)
		RebuildTransferFunctionScriptingTraits (0ms)
		AnalyzeDomain (7ms)
			TypeCache.Refresh (3ms)
				TypeCache.ScanAssembly (0ms)
			ScanForSourceGeneratedMonoScriptInfo (0ms)
			ResolveRequiredComponents (3ms)
	FinalizeReload (324ms)
		ReleaseScriptCaches (0ms)
		RebuildScriptCaches (0ms)
		SetupLoadedEditorAssemblies (196ms)
			LogAssemblyErrors (0ms)
			InitializePlatformSupportModulesInManaged (6ms)
			SetLoadedEditorAssemblies (2ms)
			RefreshPlugins (0ms)
			BeforeProcessingInitializeOnLoad (24ms)
			ProcessInitializeOnLoadAttributes (155ms)
			ProcessInitializeOnLoadMethodAttributes (9ms)
			AfterProcessingInitializeOnLoad (0ms)
			EditorAssembliesLoaded (0ms)
		ExecutionOrderSort2 (0ms)
		AwakeInstancesAfterBackupRestoration (2ms)
Refreshing native plugins compatible for Editor in 0.51 ms, found 2 plugins.
Preloading 0 native plugins for Editor in 0.00 ms.
Unloading 3098 Unused Serialized files (Serialized files now loaded: 0)
Unloading 13 unused Assets / (27.8 KB). Loaded Objects now: 3891.
Memory consumption went from 0.65 GB to 0.65 GB.
Total: 1.758209 ms (FindLiveObjects: 0.109500 ms CreateObjectMapping: 0.034791 ms MarkObjects: 1.592584 ms  DeleteObjects: 0.020875 ms)

Prepare: number of updated asset objects reloaded= 0
AssetImportParameters requested are different than current active one (requested -> active):
  custom:container-demuxer-ogg: 62fdf1f143b41e24485cea50d1cbac27 -> 
  custom:video-decoder-ogg-theora: a1e56fd34408186e4bbccfd4996cb3dc -> 
  custom:CustomObjectIndexerAttribute: 9a22284fe3817be447336de3de66b15e -> 
  custom:container-demuxer-webm: 4f35f7cbe854078d1ac9338744f61a02 -> 
  custom:container-muxer-webm: aa71ff27fc2769a1b78a27578f13a17b -> 
  custom:scripting/monoscript/fileName/ClearCounter.cs: 733019e1f683a3c33c1b0f446554f075 -> 
  custom:video-decoder-webm-vp8: 9c59270c3fd7afecdb556c50c9e8de78 -> 
  custom:SearchIndexIgnoredProperties: e643bd26f0fe6173181afceb89e7c659 -> 
  custom:AudioImporter_EditorPlatform: 3918e3fc78b5a79bad01e8451be0beb8 -> 
  custom:scripting/monoscript/fileName/Movment.cs: da45837ad5f5a57f6fce82c5870b0f43 -> 
  custom:framework-osx-AVFoundation: e770b220cccbd017edd2c1fefb359320 -> 
  custom:video-encoder-webm-vp8: eb34c28f22e8b96e1ab97ce403110664 -> 
  custom:audio-decoder-ogg-vorbis: bf7c407c2cedff20999df2af8eb42d56 -> 
  custom:scripting/monoscript/fileName/Movement.cs: 1bc12bc9370e727baa54e145392501fb -> 
  custom:scripting/monoscript/fileName/Player.cs: 007e2e63cbf915a2b71612a7f593548a -> 
  custom:audio-encoder-webm-vorbis: bf7c407c2cedff20999df2af8eb42d56 -> 
  custom:scripting/precompiled-assembly-types:Assembly-CSharp: 6b5ab6d2ca0396fbf9e27305abf9e729 -> 
========================================================================
Received Prepare
Caller must complete domain reload
Begin MonoManager ReloadAssembly
Thread 0x307ee7000 may have been prematurely finalized
- Loaded All Assemblies, in  0.163 seconds
Native extension for Android target not found
Native extension for OSXStandalone target not found
Mono: successfully reloaded assembly
- Finished resetting the current domain, in  0.327 seconds
Domain Reload Profiling: 490ms
	BeginReloadAssembly (62ms)
		ExecutionOrderSort (0ms)
		DisableScriptedObjects (2ms)
		BackupInstance (0ms)
		ReleaseScriptingObjects (0ms)
		CreateAndSetChildDomain (21ms)
	RebuildCommonClasses (16ms)
	RebuildNativeTypeToScriptingClass (6ms)
	initialDomainReloadingComplete (10ms)
	LoadAllAssembliesAndSetupDomain (70ms)
		LoadAssemblies (80ms)
		RebuildTransferFunctionScriptingTraits (0ms)
		AnalyzeDomain (10ms)
			TypeCache.Refresh (4ms)
				TypeCache.ScanAssembly (0ms)
			ScanForSourceGeneratedMonoScriptInfo (3ms)
			ResolveRequiredComponents (2ms)
	FinalizeReload (327ms)
		ReleaseScriptCaches (0ms)
		RebuildScriptCaches (0ms)
		SetupLoadedEditorAssemblies (189ms)
			LogAssemblyErrors (0ms)
			InitializePlatformSupportModulesInManaged (6ms)
			SetLoadedEditorAssemblies (2ms)
			RefreshPlugins (0ms)
			BeforeProcessingInitializeOnLoad (24ms)
			ProcessInitializeOnLoadAttributes (148ms)
			ProcessInitializeOnLoadMethodAttributes (8ms)
			AfterProcessingInitializeOnLoad (0ms)
			EditorAssembliesLoaded (0ms)
		ExecutionOrderSort2 (0ms)
		AwakeInstancesAfterBackupRestoration (2ms)
Refreshing native plugins compatible for Editor in 0.48 ms, found 2 plugins.
Preloading 0 native plugins for Editor in 0.00 ms.
Unloading 3098 Unused Serialized files (Serialized files now loaded: 0)
Unloading 13 unused Assets / (27.7 KB). Loaded Objects now: 3894.
Memory consumption went from 0.65 GB to 0.65 GB.
Total: 1.762583 ms (FindLiveObjects: 0.113916 ms CreateObjectMapping: 0.028333 ms MarkObjects: 1.602292 ms  DeleteObjects: 0.017541 ms)

Prepare: number of updated asset objects reloaded= 0
AssetImportParameters requested are different than current active one (requested -> active):
  custom:container-demuxer-ogg: 62fdf1f143b41e24485cea50d1cbac27 -> 
  custom:video-decoder-ogg-theora: a1e56fd34408186e4bbccfd4996cb3dc -> 
  custom:CustomObjectIndexerAttribute: 9a22284fe3817be447336de3de66b15e -> 
  custom:container-demuxer-webm: 4f35f7cbe854078d1ac9338744f61a02 -> 
  custom:container-muxer-webm: aa71ff27fc2769a1b78a27578f13a17b -> 
  custom:scripting/monoscript/fileName/ClearCounter.cs: 733019e1f683a3c33c1b0f446554f075 -> 
  custom:video-decoder-webm-vp8: 9c59270c3fd7afecdb556c50c9e8de78 -> 
  custom:SearchIndexIgnoredProperties: e643bd26f0fe6173181afceb89e7c659 -> 
  custom:AudioImporter_EditorPlatform: 3918e3fc78b5a79bad01e8451be0beb8 -> 
  custom:scripting/monoscript/fileName/Movment.cs: da45837ad5f5a57f6fce82c5870b0f43 -> 
  custom:framework-osx-AVFoundation: e770b220cccbd017edd2c1fefb359320 -> 
  custom:video-encoder-webm-vp8: eb34c28f22e8b96e1ab97ce403110664 -> 
  custom:audio-decoder-ogg-vorbis: bf7c407c2cedff20999df2af8eb42d56 -> 
  custom:scripting/monoscript/fileName/Movement.cs: 1bc12bc9370e727baa54e145392501fb -> 
  custom:scripting/monoscript/fileName/Player.cs: 007e2e63cbf915a2b71612a7f593548a -> 
  custom:audio-encoder-webm-vorbis: bf7c407c2cedff20999df2af8eb42d56 -> 
  custom:scripting/precompiled-assembly-types:Assembly-CSharp: 6b5ab6d2ca0396fbf9e27305abf9e729 -> 
========================================================================
Received Prepare
Caller must complete domain reload
Begin MonoManager ReloadAssembly
Thread 0x307ee7000 may have been prematurely finalized
- Loaded All Assemblies, in  0.160 seconds
Native extension for Android target not found
Native extension for OSXStandalone target not found
Mono: successfully reloaded assembly
- Finished resetting the current domain, in  0.326 seconds
Domain Reload Profiling: 486ms
	BeginReloadAssembly (60ms)
		ExecutionOrderSort (0ms)
		DisableScriptedObjects (2ms)
		BackupInstance (0ms)
		ReleaseScriptingObjects (0ms)
		CreateAndSetChildDomain (20ms)
	RebuildCommonClasses (16ms)
	RebuildNativeTypeToScriptingClass (5ms)
	initialDomainReloadingComplete (10ms)
	LoadAllAssembliesAndSetupDomain (69ms)
		LoadAssemblies (82ms)
		RebuildTransferFunctionScriptingTraits (0ms)
		AnalyzeDomain (6ms)
			TypeCache.Refresh (3ms)
				TypeCache.ScanAssembly (0ms)
			ScanForSourceGeneratedMonoScriptInfo (0ms)
			ResolveRequiredComponents (3ms)
	FinalizeReload (326ms)
		ReleaseScriptCaches (0ms)
		RebuildScriptCaches (0ms)
		SetupLoadedEditorAssemblies (196ms)
			LogAssemblyErrors (0ms)
			InitializePlatformSupportModulesInManaged (6ms)
			SetLoadedEditorAssemblies (2ms)
			RefreshPlugins (0ms)
			BeforeProcessingInitializeOnLoad (25ms)
			ProcessInitializeOnLoadAttributes (153ms)
			ProcessInitializeOnLoadMethodAttributes (9ms)
			AfterProcessingInitializeOnLoad (0ms)
			EditorAssembliesLoaded (0ms)
		ExecutionOrderSort2 (0ms)
		AwakeInstancesAfterBackupRestoration (2ms)
Refreshing native plugins compatible for Editor in 0.49 ms, found 2 plugins.
Preloading 0 native plugins for Editor in 0.00 ms.
Unloading 3098 Unused Serialized files (Serialized files now loaded: 0)
Unloading 13 unused Assets / (27.8 KB). Loaded Objects now: 3897.
Memory consumption went from 0.66 GB to 0.66 GB.
Total: 1.648917 ms (FindLiveObjects: 0.088542 ms CreateObjectMapping: 0.026250 ms MarkObjects: 1.510625 ms  DeleteObjects: 0.022958 ms)

Prepare: number of updated asset objects reloaded= 0
AssetImportParameters requested are different than current active one (requested -> active):
  custom:container-demuxer-ogg: 62fdf1f143b41e24485cea50d1cbac27 -> 
  custom:video-decoder-ogg-theora: a1e56fd34408186e4bbccfd4996cb3dc -> 
  custom:CustomObjectIndexerAttribute: 9a22284fe3817be447336de3de66b15e -> 
  custom:container-demuxer-webm: 4f35f7cbe854078d1ac9338744f61a02 -> 
  custom:container-muxer-webm: aa71ff27fc2769a1b78a27578f13a17b -> 
  custom:scripting/monoscript/fileName/ClearCounter.cs: 733019e1f683a3c33c1b0f446554f075 -> 
  custom:video-decoder-webm-vp8: 9c59270c3fd7afecdb556c50c9e8de78 -> 
  custom:SearchIndexIgnoredProperties: e643bd26f0fe6173181afceb89e7c659 -> 
  custom:AudioImporter_EditorPlatform: 3918e3fc78b5a79bad01e8451be0beb8 -> 
  custom:scripting/monoscript/fileName/Movment.cs: da45837ad5f5a57f6fce82c5870b0f43 -> 
  custom:framework-osx-AVFoundation: e770b220cccbd017edd2c1fefb359320 -> 
  custom:video-encoder-webm-vp8: eb34c28f22e8b96e1ab97ce403110664 -> 
  custom:audio-decoder-ogg-vorbis: bf7c407c2cedff20999df2af8eb42d56 -> 
  custom:scripting/monoscript/fileName/Movement.cs: 1bc12bc9370e727baa54e145392501fb -> 
  custom:scripting/monoscript/fileName/Player.cs: 007e2e63cbf915a2b71612a7f593548a -> 
  custom:audio-encoder-webm-vorbis: bf7c407c2cedff20999df2af8eb42d56 -> 
  custom:scripting/precompiled-assembly-types:Assembly-CSharp: 6b5ab6d2ca0396fbf9e27305abf9e729 -> 
========================================================================
Received Prepare
Caller must complete domain reload
Begin MonoManager ReloadAssembly
Thread 0x307ee7000 may have been prematurely finalized
- Loaded All Assemblies, in  0.166 seconds
Native extension for Android target not found
Native extension for OSXStandalone target not found
Mono: successfully reloaded assembly
- Finished resetting the current domain, in  0.317 seconds
Domain Reload Profiling: 483ms
	BeginReloadAssembly (61ms)
		ExecutionOrderSort (0ms)
		DisableScriptedObjects (2ms)
		BackupInstance (0ms)
		ReleaseScriptingObjects (0ms)
		CreateAndSetChildDomain (21ms)
	RebuildCommonClasses (17ms)
	RebuildNativeTypeToScriptingClass (5ms)
	initialDomainReloadingComplete (10ms)
	LoadAllAssembliesAndSetupDomain (72ms)
		LoadAssemblies (82ms)
		RebuildTransferFunctionScriptingTraits (0ms)
		AnalyzeDomain (10ms)
			TypeCache.Refresh (4ms)
				TypeCache.ScanAssembly (0ms)
			ScanForSourceGeneratedMonoScriptInfo (3ms)
			ResolveRequiredComponents (2ms)
	FinalizeReload (317ms)
		ReleaseScriptCaches (0ms)
		RebuildScriptCaches (0ms)
		SetupLoadedEditorAssemblies (184ms)
			LogAssemblyErrors (0ms)
			InitializePlatformSupportModulesInManaged (6ms)
			SetLoadedEditorAssemblies (2ms)
			RefreshPlugins (0ms)
			BeforeProcessingInitializeOnLoad (24ms)
			ProcessInitializeOnLoadAttributes (144ms)
			ProcessInitializeOnLoadMethodAttributes (7ms)
			AfterProcessingInitializeOnLoad (0ms)
			EditorAssembliesLoaded (0ms)
		ExecutionOrderSort2 (0ms)
		AwakeInstancesAfterBackupRestoration (2ms)
Refreshing native plugins compatible for Editor in 0.46 ms, found 2 plugins.
Preloading 0 native plugins for Editor in 0.00 ms.
Unloading 3098 Unused Serialized files (Serialized files now loaded: 0)
Unloading 13 unused Assets / (27.8 KB). Loaded Objects now: 3900.
Memory consumption went from 0.66 GB to 0.66 GB.
Total: 1.716334 ms (FindLiveObjects: 0.104166 ms CreateObjectMapping: 0.029333 ms MarkObjects: 1.562417 ms  DeleteObjects: 0.019917 ms)

Prepare: number of updated asset objects reloaded= 0
AssetImportParameters requested are different than current active one (requested -> active):
  custom:container-demuxer-ogg: 62fdf1f143b41e24485cea50d1cbac27 -> 
  custom:video-decoder-ogg-theora: a1e56fd34408186e4bbccfd4996cb3dc -> 
  custom:CustomObjectIndexerAttribute: 9a22284fe3817be447336de3de66b15e -> 
  custom:container-demuxer-webm: 4f35f7cbe854078d1ac9338744f61a02 -> 
  custom:container-muxer-webm: aa71ff27fc2769a1b78a27578f13a17b -> 
  custom:scripting/monoscript/fileName/ClearCounter.cs: 733019e1f683a3c33c1b0f446554f075 -> 
  custom:video-decoder-webm-vp8: 9c59270c3fd7afecdb556c50c9e8de78 -> 
  custom:SearchIndexIgnoredProperties: e643bd26f0fe6173181afceb89e7c659 -> 
  custom:AudioImporter_EditorPlatform: 3918e3fc78b5a79bad01e8451be0beb8 -> 
  custom:scripting/monoscript/fileName/Movment.cs: da45837ad5f5a57f6fce82c5870b0f43 -> 
  custom:framework-osx-AVFoundation: e770b220cccbd017edd2c1fefb359320 -> 
  custom:video-encoder-webm-vp8: eb34c28f22e8b96e1ab97ce403110664 -> 
  custom:audio-decoder-ogg-vorbis: bf7c407c2cedff20999df2af8eb42d56 -> 
  custom:scripting/monoscript/fileName/Movement.cs: 1bc12bc9370e727baa54e145392501fb -> 
  custom:scripting/monoscript/fileName/Player.cs: 007e2e63cbf915a2b71612a7f593548a -> 
  custom:audio-encoder-webm-vorbis: bf7c407c2cedff20999df2af8eb42d56 -> 
  custom:scripting/precompiled-assembly-types:Assembly-CSharp: 6b5ab6d2ca0396fbf9e27305abf9e729 -> 
========================================================================
Received Prepare
Caller must complete domain reload
Begin MonoManager ReloadAssembly
Thread 0x307ee7000 may have been prematurely finalized
- Loaded All Assemblies, in  0.162 seconds
Native extension for Android target not found
Native extension for OSXStandalone target not found
Mono: successfully reloaded assembly
- Finished resetting the current domain, in  0.324 seconds
Domain Reload Profiling: 487ms
	BeginReloadAssembly (61ms)
		ExecutionOrderSort (0ms)
		DisableScriptedObjects (2ms)
		BackupInstance (0ms)
		ReleaseScriptingObjects (0ms)
		CreateAndSetChildDomain (20ms)
	RebuildCommonClasses (17ms)
	RebuildNativeTypeToScriptingClass (5ms)
	initialDomainReloadingComplete (10ms)
	LoadAllAssembliesAndSetupDomain (69ms)
		LoadAssemblies (82ms)
		RebuildTransferFunctionScriptingTraits (0ms)
		AnalyzeDomain (7ms)
			TypeCache.Refresh (4ms)
				TypeCache.ScanAssembly (0ms)
			ScanForSourceGeneratedMonoScriptInfo (0ms)
			ResolveRequiredComponents (3ms)
	FinalizeReload (325ms)
		ReleaseScriptCaches (0ms)
		RebuildScriptCaches (0ms)
		SetupLoadedEditorAssemblies (194ms)
			LogAssemblyErrors (0ms)
			InitializePlatformSupportModulesInManaged (6ms)
			SetLoadedEditorAssemblies (2ms)
			RefreshPlugins (0ms)
			BeforeProcessingInitializeOnLoad (24ms)
			ProcessInitializeOnLoadAttributes (152ms)
			ProcessInitializeOnLoadMethodAttributes (9ms)
			AfterProcessingInitializeOnLoad (0ms)
			EditorAssembliesLoaded (0ms)
		ExecutionOrderSort2 (0ms)
		AwakeInstancesAfterBackupRestoration (2ms)
Refreshing native plugins compatible for Editor in 0.49 ms, found 2 plugins.
Preloading 0 native plugins for Editor in 0.00 ms.
Unloading 3098 Unused Serialized files (Serialized files now loaded: 0)
Unloading 13 unused Assets / (27.8 KB). Loaded Objects now: 3903.
Memory consumption went from 0.67 GB to 0.67 GB.
Total: 1.571167 ms (FindLiveObjects: 0.086417 ms CreateObjectMapping: 0.025625 ms MarkObjects: 1.431708 ms  DeleteObjects: 0.027084 ms)

Prepare: number of updated asset objects reloaded= 0
AssetImportParameters requested are different than current active one (requested -> active):
  custom:container-demuxer-ogg: 62fdf1f143b41e24485cea50d1cbac27 -> 
  custom:video-decoder-ogg-theora: a1e56fd34408186e4bbccfd4996cb3dc -> 
  custom:CustomObjectIndexerAttribute: 9a22284fe3817be447336de3de66b15e -> 
  custom:container-demuxer-webm: 4f35f7cbe854078d1ac9338744f61a02 -> 
  custom:container-muxer-webm: aa71ff27fc2769a1b78a27578f13a17b -> 
  custom:scripting/monoscript/fileName/ClearCounter.cs: 733019e1f683a3c33c1b0f446554f075 -> 
  custom:video-decoder-webm-vp8: 9c59270c3fd7afecdb556c50c9e8de78 -> 
  custom:SearchIndexIgnoredProperties: e643bd26f0fe6173181afceb89e7c659 -> 
  custom:AudioImporter_EditorPlatform: 3918e3fc78b5a79bad01e8451be0beb8 -> 
  custom:scripting/monoscript/fileName/Movment.cs: da45837ad5f5a57f6fce82c5870b0f43 -> 
  custom:framework-osx-AVFoundation: e770b220cccbd017edd2c1fefb359320 -> 
  custom:video-encoder-webm-vp8: eb34c28f22e8b96e1ab97ce403110664 -> 
  custom:audio-decoder-ogg-vorbis: bf7c407c2cedff20999df2af8eb42d56 -> 
  custom:scripting/monoscript/fileName/Movement.cs: 1bc12bc9370e727baa54e145392501fb -> 
  custom:scripting/monoscript/fileName/Player.cs: 007e2e63cbf915a2b71612a7f593548a -> 
  custom:audio-encoder-webm-vorbis: bf7c407c2cedff20999df2af8eb42d56 -> 
  custom:scripting/precompiled-assembly-types:Assembly-CSharp: 6b5ab6d2ca0396fbf9e27305abf9e729 -> 
========================================================================
Received Prepare
Caller must complete domain reload
Begin MonoManager ReloadAssembly
Thread 0x307ee7000 may have been prematurely finalized
- Loaded All Assemblies, in  0.184 seconds
Native extension for Android target not found
Native extension for OSXStandalone target not found
Mono: successfully reloaded assembly
- Finished resetting the current domain, in  0.510 seconds
Domain Reload Profiling: 694ms
	BeginReloadAssembly (60ms)
		ExecutionOrderSort (0ms)
		DisableScriptedObjects (2ms)
		BackupInstance (0ms)
		ReleaseScriptingObjects (0ms)
		CreateAndSetChildDomain (19ms)
	RebuildCommonClasses (15ms)
	RebuildNativeTypeToScriptingClass (6ms)
	initialDomainReloadingComplete (10ms)
	LoadAllAssembliesAndSetupDomain (92ms)
		LoadAssemblies (102ms)
		RebuildTransferFunctionScriptingTraits (0ms)
		AnalyzeDomain (11ms)
			TypeCache.Refresh (4ms)
				TypeCache.ScanAssembly (0ms)
			ScanForSourceGeneratedMonoScriptInfo (3ms)
			ResolveRequiredComponents (2ms)
	FinalizeReload (511ms)
		ReleaseScriptCaches (0ms)
		RebuildScriptCaches (0ms)
		SetupLoadedEditorAssemblies (185ms)
			LogAssemblyErrors (0ms)
			InitializePlatformSupportModulesInManaged (6ms)
			SetLoadedEditorAssemblies (2ms)
			RefreshPlugins (0ms)
			BeforeProcessingInitializeOnLoad (24ms)
			ProcessInitializeOnLoadAttributes (145ms)
			ProcessInitializeOnLoadMethodAttributes (8ms)
			AfterProcessingInitializeOnLoad (0ms)
			EditorAssembliesLoaded (0ms)
		ExecutionOrderSort2 (0ms)
		AwakeInstancesAfterBackupRestoration (1ms)
Refreshing native plugins compatible for Editor in 0.49 ms, found 2 plugins.
Preloading 0 native plugins for Editor in 0.00 ms.
Unloading 3098 Unused Serialized files (Serialized files now loaded: 0)
Unloading 13 unused Assets / (27.7 KB). Loaded Objects now: 3906.
Memory consumption went from 0.67 GB to 0.67 GB.
Total: 1.871209 ms (FindLiveObjects: 0.104916 ms CreateObjectMapping: 0.035375 ms MarkObjects: 1.711250 ms  DeleteObjects: 0.019417 ms)

Prepare: number of updated asset objects reloaded= 0
AssetImportParameters requested are different than current active one (requested -> active):
  custom:container-demuxer-ogg: 62fdf1f143b41e24485cea50d1cbac27 -> 
  custom:video-decoder-ogg-theora: a1e56fd34408186e4bbccfd4996cb3dc -> 
  custom:CustomObjectIndexerAttribute: 9a22284fe3817be447336de3de66b15e -> 
  custom:container-demuxer-webm: 4f35f7cbe854078d1ac9338744f61a02 -> 
  custom:container-muxer-webm: aa71ff27fc2769a1b78a27578f13a17b -> 
  custom:scripting/monoscript/fileName/ClearCounter.cs: 733019e1f683a3c33c1b0f446554f075 -> 
  custom:video-decoder-webm-vp8: 9c59270c3fd7afecdb556c50c9e8de78 -> 
  custom:SearchIndexIgnoredProperties: e643bd26f0fe6173181afceb89e7c659 -> 
  custom:AudioImporter_EditorPlatform: 3918e3fc78b5a79bad01e8451be0beb8 -> 
  custom:scripting/monoscript/fileName/Movment.cs: da45837ad5f5a57f6fce82c5870b0f43 -> 
  custom:framework-osx-AVFoundation: e770b220cccbd017edd2c1fefb359320 -> 
  custom:video-encoder-webm-vp8: eb34c28f22e8b96e1ab97ce403110664 -> 
  custom:audio-decoder-ogg-vorbis: bf7c407c2cedff20999df2af8eb42d56 -> 
  custom:scripting/monoscript/fileName/Movement.cs: 1bc12bc9370e727baa54e145392501fb -> 
  custom:scripting/monoscript/fileName/Player.cs: 007e2e63cbf915a2b71612a7f593548a -> 
  custom:audio-encoder-webm-vorbis: bf7c407c2cedff20999df2af8eb42d56 -> 
  custom:scripting/precompiled-assembly-types:Assembly-CSharp: 6b5ab6d2ca0396fbf9e27305abf9e729 -> 
========================================================================
Received Prepare
Caller must complete domain reload
Begin MonoManager ReloadAssembly
Thread 0x307ee7000 may have been prematurely finalized
- Loaded All Assemblies, in  0.166 seconds
Native extension for Android target not found
Native extension for OSXStandalone target not found
Mono: successfully reloaded assembly
- Finished resetting the current domain, in  0.318 seconds
Domain Reload Profiling: 484ms
	BeginReloadAssembly (61ms)
		ExecutionOrderSort (0ms)
		DisableScriptedObjects (2ms)
		BackupInstance (0ms)
		ReleaseScriptingObjects (0ms)
		CreateAndSetChildDomain (20ms)
	RebuildCommonClasses (17ms)
	RebuildNativeTypeToScriptingClass (5ms)
	initialDomainReloadingComplete (10ms)
	LoadAllAssembliesAndSetupDomain (72ms)
		LoadAssemblies (82ms)
		RebuildTransferFunctionScriptingTraits (0ms)
		AnalyzeDomain (11ms)
			TypeCache.Refresh (4ms)
				TypeCache.ScanAssembly (0ms)
			ScanForSourceGeneratedMonoScriptInfo (3ms)
			ResolveRequiredComponents (2ms)
	FinalizeReload (318ms)
		ReleaseScriptCaches (0ms)
		RebuildScriptCaches (0ms)
		SetupLoadedEditorAssemblies (182ms)
			LogAssemblyErrors (0ms)
			InitializePlatformSupportModulesInManaged (6ms)
			SetLoadedEditorAssemblies (2ms)
			RefreshPlugins (0ms)
			BeforeProcessingInitializeOnLoad (23ms)
			ProcessInitializeOnLoadAttributes (143ms)
			ProcessInitializeOnLoadMethodAttributes (8ms)
			AfterProcessingInitializeOnLoad (0ms)
			EditorAssembliesLoaded (0ms)
		ExecutionOrderSort2 (0ms)
		AwakeInstancesAfterBackupRestoration (1ms)
Refreshing native plugins compatible for Editor in 0.51 ms, found 2 plugins.
Preloading 0 native plugins for Editor in 0.00 ms.
Unloading 3098 Unused Serialized files (Serialized files now loaded: 0)
Unloading 13 unused Assets / (27.8 KB). Loaded Objects now: 3909.
Memory consumption went from 0.68 GB to 0.68 GB.
Total: 1.758958 ms (FindLiveObjects: 0.092667 ms CreateObjectMapping: 0.028167 ms MarkObjects: 1.615500 ms  DeleteObjects: 0.022083 ms)

Prepare: number of updated asset objects reloaded= 0
AssetImportParameters requested are different than current active one (requested -> active):
  custom:container-demuxer-ogg: 62fdf1f143b41e24485cea50d1cbac27 -> 
  custom:video-decoder-ogg-theora: a1e56fd34408186e4bbccfd4996cb3dc -> 
  custom:CustomObjectIndexerAttribute: 9a22284fe3817be447336de3de66b15e -> 
  custom:container-demuxer-webm: 4f35f7cbe854078d1ac9338744f61a02 -> 
  custom:container-muxer-webm: aa71ff27fc2769a1b78a27578f13a17b -> 
  custom:scripting/monoscript/fileName/ClearCounter.cs: 733019e1f683a3c33c1b0f446554f075 -> 
  custom:video-decoder-webm-vp8: 9c59270c3fd7afecdb556c50c9e8de78 -> 
  custom:SearchIndexIgnoredProperties: e643bd26f0fe6173181afceb89e7c659 -> 
  custom:AudioImporter_EditorPlatform: 3918e3fc78b5a79bad01e8451be0beb8 -> 
  custom:scripting/monoscript/fileName/Movment.cs: da45837ad5f5a57f6fce82c5870b0f43 -> 
  custom:framework-osx-AVFoundation: e770b220cccbd017edd2c1fefb359320 -> 
  custom:video-encoder-webm-vp8: eb34c28f22e8b96e1ab97ce403110664 -> 
  custom:audio-decoder-ogg-vorbis: bf7c407c2cedff20999df2af8eb42d56 -> 
  custom:scripting/monoscript/fileName/Movement.cs: 1bc12bc9370e727baa54e145392501fb -> 
  custom:scripting/monoscript/fileName/Player.cs: 007e2e63cbf915a2b71612a7f593548a -> 
  custom:audio-encoder-webm-vorbis: bf7c407c2cedff20999df2af8eb42d56 -> 
  custom:scripting/precompiled-assembly-types:Assembly-CSharp: 6b5ab6d2ca0396fbf9e27305abf9e729 -> 
========================================================================
Received Prepare
Caller must complete domain reload
Begin MonoManager ReloadAssembly
Thread 0x307ee7000 may have been prematurely finalized
- Loaded All Assemblies, in  0.156 seconds
Native extension for Android target not found
Native extension for OSXStandalone target not found
Mono: successfully reloaded assembly
- Finished resetting the current domain, in  0.319 seconds
Domain Reload Profiling: 475ms
	BeginReloadAssembly (60ms)
		ExecutionOrderSort (0ms)
		DisableScriptedObjects (2ms)
		BackupInstance (0ms)
		ReleaseScriptingObjects (0ms)
		CreateAndSetChildDomain (20ms)
	RebuildCommonClasses (17ms)
	RebuildNativeTypeToScriptingClass (5ms)
	initialDomainReloadingComplete (9ms)
	LoadAllAssembliesAndSetupDomain (65ms)
		LoadAssemblies (77ms)
		RebuildTransferFunctionScriptingTraits (0ms)
		AnalyzeDomain (7ms)
			TypeCache.Refresh (3ms)
				TypeCache.ScanAssembly (0ms)
			ScanForSourceGeneratedMonoScriptInfo (0ms)
			ResolveRequiredComponents (3ms)
	FinalizeReload (319ms)
		ReleaseScriptCaches (0ms)
		RebuildScriptCaches (0ms)
		SetupLoadedEditorAssemblies (191ms)
			LogAssemblyErrors (0ms)
			InitializePlatformSupportModulesInManaged (6ms)
			SetLoadedEditorAssemblies (2ms)
			RefreshPlugins (0ms)
			BeforeProcessingInitializeOnLoad (24ms)
			ProcessInitializeOnLoadAttributes (149ms)
			ProcessInitializeOnLoadMethodAttributes (8ms)
			AfterProcessingInitializeOnLoad (0ms)
			EditorAssembliesLoaded (0ms)
		ExecutionOrderSort2 (0ms)
		AwakeInstancesAfterBackupRestoration (2ms)
Refreshing native plugins compatible for Editor in 0.45 ms, found 2 plugins.
Preloading 0 native plugins for Editor in 0.00 ms.
Unloading 3098 Unused Serialized files (Serialized files now loaded: 0)
Unloading 13 unused Assets / (27.7 KB). Loaded Objects now: 3912.
Memory consumption went from 0.69 GB to 0.69 GB.
Total: 1.689167 ms (FindLiveObjects: 0.079791 ms CreateObjectMapping: 0.025375 ms MarkObjects: 1.561000 ms  DeleteObjects: 0.022583 ms)

Prepare: number of updated asset objects reloaded= 0
AssetImportParameters requested are different than current active one (requested -> active):
  custom:container-demuxer-ogg: 62fdf1f143b41e24485cea50d1cbac27 -> 
  custom:video-decoder-ogg-theora: a1e56fd34408186e4bbccfd4996cb3dc -> 
  custom:CustomObjectIndexerAttribute: 9a22284fe3817be447336de3de66b15e -> 
  custom:container-demuxer-webm: 4f35f7cbe854078d1ac9338744f61a02 -> 
  custom:container-muxer-webm: aa71ff27fc2769a1b78a27578f13a17b -> 
  custom:scripting/monoscript/fileName/ClearCounter.cs: 733019e1f683a3c33c1b0f446554f075 -> 
  custom:video-decoder-webm-vp8: 9c59270c3fd7afecdb556c50c9e8de78 -> 
  custom:SearchIndexIgnoredProperties: e643bd26f0fe6173181afceb89e7c659 -> 
  custom:AudioImporter_EditorPlatform: 3918e3fc78b5a79bad01e8451be0beb8 -> 
  custom:scripting/monoscript/fileName/Movment.cs: da45837ad5f5a57f6fce82c5870b0f43 -> 
  custom:framework-osx-AVFoundation: e770b220cccbd017edd2c1fefb359320 -> 
  custom:video-encoder-webm-vp8: eb34c28f22e8b96e1ab97ce403110664 -> 
  custom:audio-decoder-ogg-vorbis: bf7c407c2cedff20999df2af8eb42d56 -> 
  custom:scripting/monoscript/fileName/Movement.cs: 1bc12bc9370e727baa54e145392501fb -> 
  custom:scripting/monoscript/fileName/Player.cs: 007e2e63cbf915a2b71612a7f593548a -> 
  custom:audio-encoder-webm-vorbis: bf7c407c2cedff20999df2af8eb42d56 -> 
  custom:scripting/precompiled-assembly-types:Assembly-CSharp: 6b5ab6d2ca0396fbf9e27305abf9e729 -> 
========================================================================
Received Prepare
Caller must complete domain reload
Begin MonoManager ReloadAssembly
Thread 0x307ee7000 may have been prematurely finalized
- Loaded All Assemblies, in  0.164 seconds
Native extension for Android target not found
Native extension for OSXStandalone target not found
Mono: successfully reloaded assembly
- Finished resetting the current domain, in  0.327 seconds
Domain Reload Profiling: 491ms
	BeginReloadAssembly (59ms)
		ExecutionOrderSort (0ms)
		DisableScriptedObjects (2ms)
		BackupInstance (0ms)
		ReleaseScriptingObjects (0ms)
		CreateAndSetChildDomain (19ms)
	RebuildCommonClasses (17ms)
	RebuildNativeTypeToScriptingClass (5ms)
	initialDomainReloadingComplete (10ms)
	LoadAllAssembliesAndSetupDomain (72ms)
		LoadAssemblies (82ms)
		RebuildTransferFunctionScriptingTraits (0ms)
		AnalyzeDomain (11ms)
			TypeCache.Refresh (4ms)
				TypeCache.ScanAssembly (0ms)
			ScanForSourceGeneratedMonoScriptInfo (3ms)
			ResolveRequiredComponents (2ms)
	FinalizeReload (327ms)
		ReleaseScriptCaches (0ms)
		RebuildScriptCaches (0ms)
		SetupLoadedEditorAssemblies (189ms)
			LogAssemblyErrors (0ms)
			InitializePlatformSupportModulesInManaged (6ms)
			SetLoadedEditorAssemblies (2ms)
			RefreshPlugins (0ms)
			BeforeProcessingInitializeOnLoad (25ms)
			ProcessInitializeOnLoadAttributes (149ms)
			ProcessInitializeOnLoadMethodAttributes (8ms)
			AfterProcessingInitializeOnLoad (0ms)
			EditorAssembliesLoaded (0ms)
		ExecutionOrderSort2 (0ms)
		AwakeInstancesAfterBackupRestoration (2ms)
Refreshing native plugins compatible for Editor in 0.49 ms, found 2 plugins.
Preloading 0 native plugins for Editor in 0.00 ms.
Unloading 3098 Unused Serialized files (Serialized files now loaded: 0)
Unloading 13 unused Assets / (27.7 KB). Loaded Objects now: 3915.
Memory consumption went from 0.69 GB to 0.69 GB.
Total: 1.560292 ms (FindLiveObjects: 0.082375 ms CreateObjectMapping: 0.026084 ms MarkObjects: 1.431792 ms  DeleteObjects: 0.019625 ms)

Prepare: number of updated asset objects reloaded= 0
AssetImportParameters requested are different than current active one (requested -> active):
  custom:container-demuxer-ogg: 62fdf1f143b41e24485cea50d1cbac27 -> 
  custom:video-decoder-ogg-theora: a1e56fd34408186e4bbccfd4996cb3dc -> 
  custom:CustomObjectIndexerAttribute: 9a22284fe3817be447336de3de66b15e -> 
  custom:container-demuxer-webm: 4f35f7cbe854078d1ac9338744f61a02 -> 
  custom:container-muxer-webm: aa71ff27fc2769a1b78a27578f13a17b -> 
  custom:scripting/monoscript/fileName/ClearCounter.cs: 733019e1f683a3c33c1b0f446554f075 -> 
  custom:video-decoder-webm-vp8: 9c59270c3fd7afecdb556c50c9e8de78 -> 
  custom:SearchIndexIgnoredProperties: e643bd26f0fe6173181afceb89e7c659 -> 
  custom:AudioImporter_EditorPlatform: 3918e3fc78b5a79bad01e8451be0beb8 -> 
  custom:scripting/monoscript/fileName/Movment.cs: da45837ad5f5a57f6fce82c5870b0f43 -> 
  custom:framework-osx-AVFoundation: e770b220cccbd017edd2c1fefb359320 -> 
  custom:video-encoder-webm-vp8: eb34c28f22e8b96e1ab97ce403110664 -> 
  custom:audio-decoder-ogg-vorbis: bf7c407c2cedff20999df2af8eb42d56 -> 
  custom:scripting/monoscript/fileName/Movement.cs: 1bc12bc9370e727baa54e145392501fb -> 
  custom:scripting/monoscript/fileName/Player.cs: 007e2e63cbf915a2b71612a7f593548a -> 
  custom:audio-encoder-webm-vorbis: bf7c407c2cedff20999df2af8eb42d56 -> 
  custom:scripting/precompiled-assembly-types:Assembly-CSharp: 6b5ab6d2ca0396fbf9e27305abf9e729 -> 
========================================================================
Received Prepare
Caller must complete domain reload
Begin MonoManager ReloadAssembly
Thread 0x307ee7000 may have been prematurely finalized
- Loaded All Assemblies, in  0.158 seconds
Native extension for Android target not found
Native extension for OSXStandalone target not found
Mono: successfully reloaded assembly
- Finished resetting the current domain, in  0.328 seconds
Domain Reload Profiling: 486ms
	BeginReloadAssembly (61ms)
		ExecutionOrderSort (0ms)
		DisableScriptedObjects (2ms)
		BackupInstance (0ms)
		ReleaseScriptingObjects (0ms)
		CreateAndSetChildDomain (20ms)
	RebuildCommonClasses (17ms)
	RebuildNativeTypeToScriptingClass (5ms)
	initialDomainReloadingComplete (10ms)
	LoadAllAssembliesAndSetupDomain (65ms)
		LoadAssemblies (78ms)
		RebuildTransferFunctionScriptingTraits (0ms)
		AnalyzeDomain (7ms)
			TypeCache.Refresh (3ms)
				TypeCache.ScanAssembly (0ms)
			ScanForSourceGeneratedMonoScriptInfo (0ms)
			ResolveRequiredComponents (3ms)
	FinalizeReload (328ms)
		ReleaseScriptCaches (0ms)
		RebuildScriptCaches (0ms)
		SetupLoadedEditorAssemblies (198ms)
			LogAssemblyErrors (0ms)
			InitializePlatformSupportModulesInManaged (6ms)
			SetLoadedEditorAssemblies (2ms)
			RefreshPlugins (0ms)
			BeforeProcessingInitializeOnLoad (25ms)
			ProcessInitializeOnLoadAttributes (156ms)
			ProcessInitializeOnLoadMethodAttributes (9ms)
			AfterProcessingInitializeOnLoad (0ms)
			EditorAssembliesLoaded (0ms)
		ExecutionOrderSort2 (0ms)
		AwakeInstancesAfterBackupRestoration (2ms)
Refreshing native plugins compatible for Editor in 0.38 ms, found 2 plugins.
Preloading 0 native plugins for Editor in 0.00 ms.
Unloading 3098 Unused Serialized files (Serialized files now loaded: 0)
Unloading 13 unused Assets / (27.7 KB). Loaded Objects now: 3918.
Memory consumption went from 0.70 GB to 0.70 GB.
Total: 1.611334 ms (FindLiveObjects: 0.083500 ms CreateObjectMapping: 0.025500 ms MarkObjects: 1.479166 ms  DeleteObjects: 0.022834 ms)

Prepare: number of updated asset objects reloaded= 0
AssetImportParameters requested are different than current active one (requested -> active):
  custom:container-demuxer-ogg: 62fdf1f143b41e24485cea50d1cbac27 -> 
  custom:video-decoder-ogg-theora: a1e56fd34408186e4bbccfd4996cb3dc -> 
  custom:CustomObjectIndexerAttribute: 9a22284fe3817be447336de3de66b15e -> 
  custom:container-demuxer-webm: 4f35f7cbe854078d1ac9338744f61a02 -> 
  custom:container-muxer-webm: aa71ff27fc2769a1b78a27578f13a17b -> 
  custom:scripting/monoscript/fileName/ClearCounter.cs: 733019e1f683a3c33c1b0f446554f075 -> 
  custom:video-decoder-webm-vp8: 9c59270c3fd7afecdb556c50c9e8de78 -> 
  custom:SearchIndexIgnoredProperties: e643bd26f0fe6173181afceb89e7c659 -> 
  custom:AudioImporter_EditorPlatform: 3918e3fc78b5a79bad01e8451be0beb8 -> 
  custom:scripting/monoscript/fileName/Movment.cs: da45837ad5f5a57f6fce82c5870b0f43 -> 
  custom:framework-osx-AVFoundation: e770b220cccbd017edd2c1fefb359320 -> 
  custom:video-encoder-webm-vp8: eb34c28f22e8b96e1ab97ce403110664 -> 
  custom:audio-decoder-ogg-vorbis: bf7c407c2cedff20999df2af8eb42d56 -> 
  custom:scripting/monoscript/fileName/Movement.cs: 1bc12bc9370e727baa54e145392501fb -> 
  custom:scripting/monoscript/fileName/Player.cs: 007e2e63cbf915a2b71612a7f593548a -> 
  custom:audio-encoder-webm-vorbis: bf7c407c2cedff20999df2af8eb42d56 -> 
  custom:scripting/precompiled-assembly-types:Assembly-CSharp: 6b5ab6d2ca0396fbf9e27305abf9e729 -> 
========================================================================
Received Prepare
Caller must complete domain reload
Begin MonoManager ReloadAssembly
Thread 0x307ee7000 may have been prematurely finalized
- Loaded All Assemblies, in  0.161 seconds
Native extension for Android target not found
Native extension for OSXStandalone target not found
Mono: successfully reloaded assembly
- Finished resetting the current domain, in  0.331 seconds
Domain Reload Profiling: 493ms
	BeginReloadAssembly (60ms)
		ExecutionOrderSort (0ms)
		DisableScriptedObjects (2ms)
		BackupInstance (0ms)
		ReleaseScriptingObjects (0ms)
		CreateAndSetChildDomain (20ms)
	RebuildCommonClasses (16ms)
	RebuildNativeTypeToScriptingClass (6ms)
	initialDomainReloadingComplete (9ms)
	LoadAllAssembliesAndSetupDomain (69ms)
		LoadAssemblies (79ms)
		RebuildTransferFunctionScriptingTraits (0ms)
		AnalyzeDomain (10ms)
			TypeCache.Refresh (4ms)
				TypeCache.ScanAssembly (0ms)
			ScanForSourceGeneratedMonoScriptInfo (3ms)
			ResolveRequiredComponents (2ms)
	FinalizeReload (332ms)
		ReleaseScriptCaches (0ms)
		RebuildScriptCaches (0ms)
		SetupLoadedEditorAssemblies (191ms)
			LogAssemblyErrors (0ms)
			InitializePlatformSupportModulesInManaged (6ms)
			SetLoadedEditorAssemblies (2ms)
			RefreshPlugins (0ms)
			BeforeProcessingInitializeOnLoad (25ms)
			ProcessInitializeOnLoadAttributes (150ms)
			ProcessInitializeOnLoadMethodAttributes (7ms)
			AfterProcessingInitializeOnLoad (0ms)
			EditorAssembliesLoaded (0ms)
		ExecutionOrderSort2 (0ms)
		AwakeInstancesAfterBackupRestoration (1ms)
Refreshing native plugins compatible for Editor in 0.44 ms, found 2 plugins.
Preloading 0 native plugins for Editor in 0.00 ms.
Unloading 3098 Unused Serialized files (Serialized files now loaded: 0)
Unloading 13 unused Assets / (27.8 KB). Loaded Objects now: 3921.
Memory consumption went from 0.70 GB to 0.70 GB.
Total: 1.546416 ms (FindLiveObjects: 0.109917 ms CreateObjectMapping: 0.030333 ms MarkObjects: 1.385542 ms  DeleteObjects: 0.020166 ms)

Prepare: number of updated asset objects reloaded= 0
AssetImportParameters requested are different than current active one (requested -> active):
  custom:container-demuxer-ogg: 62fdf1f143b41e24485cea50d1cbac27 -> 
  custom:video-decoder-ogg-theora: a1e56fd34408186e4bbccfd4996cb3dc -> 
  custom:CustomObjectIndexerAttribute: 9a22284fe3817be447336de3de66b15e -> 
  custom:container-demuxer-webm: 4f35f7cbe854078d1ac9338744f61a02 -> 
  custom:container-muxer-webm: aa71ff27fc2769a1b78a27578f13a17b -> 
  custom:scripting/monoscript/fileName/ClearCounter.cs: 733019e1f683a3c33c1b0f446554f075 -> 
  custom:video-decoder-webm-vp8: 9c59270c3fd7afecdb556c50c9e8de78 -> 
  custom:SearchIndexIgnoredProperties: e643bd26f0fe6173181afceb89e7c659 -> 
  custom:AudioImporter_EditorPlatform: 3918e3fc78b5a79bad01e8451be0beb8 -> 
  custom:scripting/monoscript/fileName/Movment.cs: da45837ad5f5a57f6fce82c5870b0f43 -> 
  custom:framework-osx-AVFoundation: e770b220cccbd017edd2c1fefb359320 -> 
  custom:video-encoder-webm-vp8: eb34c28f22e8b96e1ab97ce403110664 -> 
  custom:audio-decoder-ogg-vorbis: bf7c407c2cedff20999df2af8eb42d56 -> 
  custom:scripting/monoscript/fileName/Movement.cs: 1bc12bc9370e727baa54e145392501fb -> 
  custom:scripting/monoscript/fileName/Player.cs: 007e2e63cbf915a2b71612a7f593548a -> 
  custom:audio-encoder-webm-vorbis: bf7c407c2cedff20999df2af8eb42d56 -> 
  custom:scripting/precompiled-assembly-types:Assembly-CSharp: 6b5ab6d2ca0396fbf9e27305abf9e729 -> 
========================================================================
Received Prepare
Caller must complete domain reload
Begin MonoManager ReloadAssembly
Thread 0x307ee7000 may have been prematurely finalized
- Loaded All Assemblies, in  0.162 seconds
Native extension for Android target not found
Native extension for OSXStandalone target not found
Mono: successfully reloaded assembly
- Finished resetting the current domain, in  0.333 seconds
Domain Reload Profiling: 495ms
	BeginReloadAssembly (62ms)
		ExecutionOrderSort (0ms)
		DisableScriptedObjects (2ms)
		BackupInstance (0ms)
		ReleaseScriptingObjects (0ms)
		CreateAndSetChildDomain (21ms)
	RebuildCommonClasses (17ms)
	RebuildNativeTypeToScriptingClass (5ms)
	initialDomainReloadingComplete (10ms)
	LoadAllAssembliesAndSetupDomain (68ms)
		LoadAssemblies (81ms)
		RebuildTransferFunctionScriptingTraits (0ms)
		AnalyzeDomain (7ms)
			TypeCache.Refresh (4ms)
				TypeCache.ScanAssembly (0ms)
			ScanForSourceGeneratedMonoScriptInfo (0ms)
			ResolveRequiredComponents (2ms)
	FinalizeReload (333ms)
		ReleaseScriptCaches (0ms)
		RebuildScriptCaches (0ms)
		SetupLoadedEditorAssemblies (197ms)
			LogAssemblyErrors (0ms)
			InitializePlatformSupportModulesInManaged (6ms)
			SetLoadedEditorAssemblies (2ms)
			RefreshPlugins (0ms)
			BeforeProcessingInitializeOnLoad (25ms)
			ProcessInitializeOnLoadAttributes (154ms)
			ProcessInitializeOnLoadMethodAttributes (10ms)
			AfterProcessingInitializeOnLoad (0ms)
			EditorAssembliesLoaded (0ms)
		ExecutionOrderSort2 (0ms)
		AwakeInstancesAfterBackupRestoration (2ms)
Refreshing native plugins compatible for Editor in 0.52 ms, found 2 plugins.
Preloading 0 native plugins for Editor in 0.00 ms.
Unloading 3098 Unused Serialized files (Serialized files now loaded: 0)
Unloading 13 unused Assets / (27.8 KB). Loaded Objects now: 3924.
Memory consumption went from 0.71 GB to 0.71 GB.
Total: 1.720833 ms (FindLiveObjects: 0.127375 ms CreateObjectMapping: 0.026000 ms MarkObjects: 1.544667 ms  DeleteObjects: 0.022458 ms)

Prepare: number of updated asset objects reloaded= 0
AssetImportParameters requested are different than current active one (requested -> active):
  custom:container-demuxer-ogg: 62fdf1f143b41e24485cea50d1cbac27 -> 
  custom:video-decoder-ogg-theora: a1e56fd34408186e4bbccfd4996cb3dc -> 
  custom:CustomObjectIndexerAttribute: 9a22284fe3817be447336de3de66b15e -> 
  custom:container-demuxer-webm: 4f35f7cbe854078d1ac9338744f61a02 -> 
  custom:container-muxer-webm: aa71ff27fc2769a1b78a27578f13a17b -> 
  custom:scripting/monoscript/fileName/ClearCounter.cs: 733019e1f683a3c33c1b0f446554f075 -> 
  custom:video-decoder-webm-vp8: 9c59270c3fd7afecdb556c50c9e8de78 -> 
  custom:SearchIndexIgnoredProperties: e643bd26f0fe6173181afceb89e7c659 -> 
  custom:AudioImporter_EditorPlatform: 3918e3fc78b5a79bad01e8451be0beb8 -> 
  custom:scripting/monoscript/fileName/Movment.cs: da45837ad5f5a57f6fce82c5870b0f43 -> 
  custom:framework-osx-AVFoundation: e770b220cccbd017edd2c1fefb359320 -> 
  custom:video-encoder-webm-vp8: eb34c28f22e8b96e1ab97ce403110664 -> 
  custom:audio-decoder-ogg-vorbis: bf7c407c2cedff20999df2af8eb42d56 -> 
  custom:scripting/monoscript/fileName/Movement.cs: 1bc12bc9370e727baa54e145392501fb -> 
  custom:scripting/monoscript/fileName/Player.cs: 007e2e63cbf915a2b71612a7f593548a -> 
  custom:audio-encoder-webm-vorbis: bf7c407c2cedff20999df2af8eb42d56 -> 
  custom:scripting/precompiled-assembly-types:Assembly-CSharp: 6b5ab6d2ca0396fbf9e27305abf9e729 -> 
========================================================================
Received Prepare
Caller must complete domain reload
Begin MonoManager ReloadAssembly
Thread 0x307ee7000 may have been prematurely finalized
- Loaded All Assemblies, in  0.167 seconds
Native extension for Android target not found
Native extension for OSXStandalone target not found
Mono: successfully reloaded assembly
- Finished resetting the current domain, in  0.334 seconds
Domain Reload Profiling: 501ms
	BeginReloadAssembly (63ms)
		ExecutionOrderSort (0ms)
		DisableScriptedObjects (2ms)
		BackupInstance (0ms)
		ReleaseScriptingObjects (0ms)
		CreateAndSetChildDomain (21ms)
	RebuildCommonClasses (17ms)
	RebuildNativeTypeToScriptingClass (6ms)
	initialDomainReloadingComplete (10ms)
	LoadAllAssembliesAndSetupDomain (72ms)
		LoadAssemblies (81ms)
		RebuildTransferFunctionScriptingTraits (0ms)
		AnalyzeDomain (11ms)
			TypeCache.Refresh (5ms)
				TypeCache.ScanAssembly (0ms)
			ScanForSourceGeneratedMonoScriptInfo (3ms)
			ResolveRequiredComponents (2ms)
	FinalizeReload (334ms)
		ReleaseScriptCaches (0ms)
		RebuildScriptCaches (0ms)
		SetupLoadedEditorAssemblies (197ms)
			LogAssemblyErrors (0ms)
			InitializePlatformSupportModulesInManaged (6ms)
			SetLoadedEditorAssemblies (3ms)
			RefreshPlugins (0ms)
			BeforeProcessingInitializeOnLoad (24ms)
			ProcessInitializeOnLoadAttributes (156ms)
			ProcessInitializeOnLoadMethodAttributes (8ms)
			AfterProcessingInitializeOnLoad (0ms)
			EditorAssembliesLoaded (0ms)
		ExecutionOrderSort2 (0ms)
		AwakeInstancesAfterBackupRestoration (2ms)
Refreshing native plugins compatible for Editor in 0.49 ms, found 2 plugins.
Preloading 0 native plugins for Editor in 0.00 ms.
Unloading 3098 Unused Serialized files (Serialized files now loaded: 0)
Unloading 13 unused Assets / (27.8 KB). Loaded Objects now: 3927.
Memory consumption went from 0.71 GB to 0.71 GB.
Total: 1.739334 ms (FindLiveObjects: 0.099458 ms CreateObjectMapping: 0.029250 ms MarkObjects: 1.589167 ms  DeleteObjects: 0.021083 ms)

Prepare: number of updated asset objects reloaded= 0
AssetImportParameters requested are different than current active one (requested -> active):
  custom:container-demuxer-ogg: 62fdf1f143b41e24485cea50d1cbac27 -> 
  custom:video-decoder-ogg-theora: a1e56fd34408186e4bbccfd4996cb3dc -> 
  custom:CustomObjectIndexerAttribute: 9a22284fe3817be447336de3de66b15e -> 
  custom:container-demuxer-webm: 4f35f7cbe854078d1ac9338744f61a02 -> 
  custom:container-muxer-webm: aa71ff27fc2769a1b78a27578f13a17b -> 
  custom:scripting/monoscript/fileName/ClearCounter.cs: 733019e1f683a3c33c1b0f446554f075 -> 
  custom:video-decoder-webm-vp8: 9c59270c3fd7afecdb556c50c9e8de78 -> 
  custom:SearchIndexIgnoredProperties: e643bd26f0fe6173181afceb89e7c659 -> 
  custom:AudioImporter_EditorPlatform: 3918e3fc78b5a79bad01e8451be0beb8 -> 
  custom:scripting/monoscript/fileName/Movment.cs: da45837ad5f5a57f6fce82c5870b0f43 -> 
  custom:framework-osx-AVFoundation: e770b220cccbd017edd2c1fefb359320 -> 
  custom:video-encoder-webm-vp8: eb34c28f22e8b96e1ab97ce403110664 -> 
  custom:audio-decoder-ogg-vorbis: bf7c407c2cedff20999df2af8eb42d56 -> 
  custom:scripting/monoscript/fileName/Movement.cs: 1bc12bc9370e727baa54e145392501fb -> 
  custom:scripting/monoscript/fileName/Player.cs: 007e2e63cbf915a2b71612a7f593548a -> 
  custom:audio-encoder-webm-vorbis: bf7c407c2cedff20999df2af8eb42d56 -> 
  custom:scripting/precompiled-assembly-types:Assembly-CSharp: 6b5ab6d2ca0396fbf9e27305abf9e729 -> 
========================================================================
Received Prepare
Caller must complete domain reload
Begin MonoManager ReloadAssembly
Thread 0x307ee7000 may have been prematurely finalized
- Loaded All Assemblies, in  0.168 seconds
Native extension for Android target not found
Native extension for OSXStandalone target not found
Mono: successfully reloaded assembly
- Finished resetting the current domain, in  0.321 seconds
Domain Reload Profiling: 489ms
	BeginReloadAssembly (63ms)
		ExecutionOrderSort (0ms)
		DisableScriptedObjects (2ms)
		BackupInstance (0ms)
		ReleaseScriptingObjects (0ms)
		CreateAndSetChildDomain (22ms)
	RebuildCommonClasses (17ms)
	RebuildNativeTypeToScriptingClass (6ms)
	initialDomainReloadingComplete (10ms)
	LoadAllAssembliesAndSetupDomain (72ms)
		LoadAssemblies (85ms)
		RebuildTransferFunctionScriptingTraits (0ms)
		AnalyzeDomain (7ms)
			TypeCache.Refresh (4ms)
				TypeCache.ScanAssembly (0ms)
			ScanForSourceGeneratedMonoScriptInfo (0ms)
			ResolveRequiredComponents (3ms)
	FinalizeReload (321ms)
		ReleaseScriptCaches (0ms)
		RebuildScriptCaches (0ms)
		SetupLoadedEditorAssemblies (195ms)
			LogAssemblyErrors (0ms)
			InitializePlatformSupportModulesInManaged (6ms)
			SetLoadedEditorAssemblies (2ms)
			RefreshPlugins (0ms)
			BeforeProcessingInitializeOnLoad (25ms)
			ProcessInitializeOnLoadAttributes (153ms)
			ProcessInitializeOnLoadMethodAttributes (9ms)
			AfterProcessingInitializeOnLoad (0ms)
			EditorAssembliesLoaded (0ms)
		ExecutionOrderSort2 (0ms)
		AwakeInstancesAfterBackupRestoration (2ms)
Refreshing native plugins compatible for Editor in 0.52 ms, found 2 plugins.
Preloading 0 native plugins for Editor in 0.00 ms.
Unloading 3098 Unused Serialized files (Serialized files now loaded: 0)
Unloading 13 unused Assets / (27.8 KB). Loaded Objects now: 3930.
Memory consumption went from 0.72 GB to 0.72 GB.
Total: 1.659584 ms (FindLiveObjects: 0.090125 ms CreateObjectMapping: 0.028958 ms MarkObjects: 1.521167 ms  DeleteObjects: 0.018833 ms)

Prepare: number of updated asset objects reloaded= 0
AssetImportParameters requested are different than current active one (requested -> active):
  custom:container-demuxer-ogg: 62fdf1f143b41e24485cea50d1cbac27 -> 
  custom:video-decoder-ogg-theora: a1e56fd34408186e4bbccfd4996cb3dc -> 
  custom:CustomObjectIndexerAttribute: 9a22284fe3817be447336de3de66b15e -> 
  custom:container-demuxer-webm: 4f35f7cbe854078d1ac9338744f61a02 -> 
  custom:container-muxer-webm: aa71ff27fc2769a1b78a27578f13a17b -> 
  custom:scripting/monoscript/fileName/ClearCounter.cs: 733019e1f683a3c33c1b0f446554f075 -> 
  custom:video-decoder-webm-vp8: 9c59270c3fd7afecdb556c50c9e8de78 -> 
  custom:SearchIndexIgnoredProperties: e643bd26f0fe6173181afceb89e7c659 -> 
  custom:AudioImporter_EditorPlatform: 3918e3fc78b5a79bad01e8451be0beb8 -> 
  custom:scripting/monoscript/fileName/Movment.cs: da45837ad5f5a57f6fce82c5870b0f43 -> 
  custom:framework-osx-AVFoundation: e770b220cccbd017edd2c1fefb359320 -> 
  custom:video-encoder-webm-vp8: eb34c28f22e8b96e1ab97ce403110664 -> 
  custom:audio-decoder-ogg-vorbis: bf7c407c2cedff20999df2af8eb42d56 -> 
  custom:scripting/monoscript/fileName/Movement.cs: 1bc12bc9370e727baa54e145392501fb -> 
  custom:scripting/monoscript/fileName/Player.cs: 007e2e63cbf915a2b71612a7f593548a -> 
  custom:audio-encoder-webm-vorbis: bf7c407c2cedff20999df2af8eb42d56 -> 
  custom:scripting/precompiled-assembly-types:Assembly-CSharp: 6b5ab6d2ca0396fbf9e27305abf9e729 -> 
========================================================================
Received Prepare
Caller must complete domain reload
Begin MonoManager ReloadAssembly
Thread 0x307ee7000 may have been prematurely finalized
- Loaded All Assemblies, in  0.165 seconds
Native extension for Android target not found
Native extension for OSXStandalone target not found
Mono: successfully reloaded assembly
- Finished resetting the current domain, in  0.328 seconds
Domain Reload Profiling: 493ms
	BeginReloadAssembly (61ms)
		ExecutionOrderSort (0ms)
		DisableScriptedObjects (3ms)
		BackupInstance (0ms)
		ReleaseScriptingObjects (0ms)
		CreateAndSetChildDomain (20ms)
	RebuildCommonClasses (17ms)
	RebuildNativeTypeToScriptingClass (6ms)
	initialDomainReloadingComplete (10ms)
	LoadAllAssembliesAndSetupDomain (72ms)
		LoadAssemblies (81ms)
		RebuildTransferFunctionScriptingTraits (0ms)
		AnalyzeDomain (11ms)
			TypeCache.Refresh (4ms)
				TypeCache.ScanAssembly (0ms)
			ScanForSourceGeneratedMonoScriptInfo (3ms)
			ResolveRequiredComponents (2ms)
	FinalizeReload (328ms)
		ReleaseScriptCaches (0ms)
		RebuildScriptCaches (0ms)
		SetupLoadedEditorAssemblies (189ms)
			LogAssemblyErrors (0ms)
			InitializePlatformSupportModulesInManaged (5ms)
			SetLoadedEditorAssemblies (2ms)
			RefreshPlugins (0ms)
			BeforeProcessingInitializeOnLoad (24ms)
			ProcessInitializeOnLoadAttributes (149ms)
			ProcessInitializeOnLoadMethodAttributes (8ms)
			AfterProcessingInitializeOnLoad (0ms)
			EditorAssembliesLoaded (0ms)
		ExecutionOrderSort2 (0ms)
		AwakeInstancesAfterBackupRestoration (2ms)
Refreshing native plugins compatible for Editor in 0.49 ms, found 2 plugins.
Preloading 0 native plugins for Editor in 0.00 ms.
Unloading 3098 Unused Serialized files (Serialized files now loaded: 0)
Unloading 13 unused Assets / (27.8 KB). Loaded Objects now: 3933.
Memory consumption went from 0.73 GB to 0.73 GB.
Total: 1.680416 ms (FindLiveObjects: 0.088042 ms CreateObjectMapping: 0.024458 ms MarkObjects: 1.544708 ms  DeleteObjects: 0.022875 ms)

Prepare: number of updated asset objects reloaded= 0
AssetImportParameters requested are different than current active one (requested -> active):
  custom:container-demuxer-ogg: 62fdf1f143b41e24485cea50d1cbac27 -> 
  custom:video-decoder-ogg-theora: a1e56fd34408186e4bbccfd4996cb3dc -> 
  custom:CustomObjectIndexerAttribute: 9a22284fe3817be447336de3de66b15e -> 
  custom:container-demuxer-webm: 4f35f7cbe854078d1ac9338744f61a02 -> 
  custom:container-muxer-webm: aa71ff27fc2769a1b78a27578f13a17b -> 
  custom:scripting/monoscript/fileName/ClearCounter.cs: 733019e1f683a3c33c1b0f446554f075 -> 
  custom:video-decoder-webm-vp8: 9c59270c3fd7afecdb556c50c9e8de78 -> 
  custom:SearchIndexIgnoredProperties: e643bd26f0fe6173181afceb89e7c659 -> 
  custom:AudioImporter_EditorPlatform: 3918e3fc78b5a79bad01e8451be0beb8 -> 
  custom:scripting/monoscript/fileName/Movment.cs: da45837ad5f5a57f6fce82c5870b0f43 -> 
  custom:framework-osx-AVFoundation: e770b220cccbd017edd2c1fefb359320 -> 
  custom:video-encoder-webm-vp8: eb34c28f22e8b96e1ab97ce403110664 -> 
  custom:audio-decoder-ogg-vorbis: bf7c407c2cedff20999df2af8eb42d56 -> 
  custom:scripting/monoscript/fileName/Movement.cs: 1bc12bc9370e727baa54e145392501fb -> 
  custom:scripting/monoscript/fileName/Player.cs: 007e2e63cbf915a2b71612a7f593548a -> 
  custom:audio-encoder-webm-vorbis: bf7c407c2cedff20999df2af8eb42d56 -> 
  custom:scripting/precompiled-assembly-types:Assembly-CSharp: 6b5ab6d2ca0396fbf9e27305abf9e729 -> 
========================================================================
Received Prepare
Caller must complete domain reload
Begin MonoManager ReloadAssembly
Thread 0x307ee7000 may have been prematurely finalized
- Loaded All Assemblies, in  0.162 seconds
Native extension for Android target not found
Native extension for OSXStandalone target not found
Mono: successfully reloaded assembly
- Finished resetting the current domain, in  0.329 seconds
Domain Reload Profiling: 492ms
	BeginReloadAssembly (60ms)
		ExecutionOrderSort (0ms)
		DisableScriptedObjects (2ms)
		BackupInstance (0ms)
		ReleaseScriptingObjects (0ms)
		CreateAndSetChildDomain (20ms)
	RebuildCommonClasses (16ms)
	RebuildNativeTypeToScriptingClass (5ms)
	initialDomainReloadingComplete (10ms)
	LoadAllAssembliesAndSetupDomain (71ms)
		LoadAssemblies (83ms)
		RebuildTransferFunctionScriptingTraits (0ms)
		AnalyzeDomain (7ms)
			TypeCache.Refresh (3ms)
				TypeCache.ScanAssembly (0ms)
			ScanForSourceGeneratedMonoScriptInfo (0ms)
			ResolveRequiredComponents (3ms)
	FinalizeReload (330ms)
		ReleaseScriptCaches (0ms)
		RebuildScriptCaches (0ms)
		SetupLoadedEditorAssemblies (197ms)
			LogAssemblyErrors (0ms)
			InitializePlatformSupportModulesInManaged (6ms)
			SetLoadedEditorAssemblies (2ms)
			RefreshPlugins (0ms)
			BeforeProcessingInitializeOnLoad (24ms)
			ProcessInitializeOnLoadAttributes (154ms)
			ProcessInitializeOnLoadMethodAttributes (10ms)
			AfterProcessingInitializeOnLoad (0ms)
			EditorAssembliesLoaded (0ms)
		ExecutionOrderSort2 (0ms)
		AwakeInstancesAfterBackupRestoration (2ms)
Refreshing native plugins compatible for Editor in 0.43 ms, found 2 plugins.
Preloading 0 native plugins for Editor in 0.00 ms.
Unloading 3098 Unused Serialized files (Serialized files now loaded: 0)
Unloading 13 unused Assets / (27.8 KB). Loaded Objects now: 3936.
Memory consumption went from 0.73 GB to 0.73 GB.
Total: 1.548125 ms (FindLiveObjects: 0.080792 ms CreateObjectMapping: 0.025458 ms MarkObjects: 1.419459 ms  DeleteObjects: 0.022000 ms)

Prepare: number of updated asset objects reloaded= 0
AssetImportParameters requested are different than current active one (requested -> active):
  custom:container-demuxer-ogg: 62fdf1f143b41e24485cea50d1cbac27 -> 
  custom:video-decoder-ogg-theora: a1e56fd34408186e4bbccfd4996cb3dc -> 
  custom:CustomObjectIndexerAttribute: 9a22284fe3817be447336de3de66b15e -> 
  custom:container-demuxer-webm: 4f35f7cbe854078d1ac9338744f61a02 -> 
  custom:container-muxer-webm: aa71ff27fc2769a1b78a27578f13a17b -> 
  custom:scripting/monoscript/fileName/ClearCounter.cs: 733019e1f683a3c33c1b0f446554f075 -> 
  custom:video-decoder-webm-vp8: 9c59270c3fd7afecdb556c50c9e8de78 -> 
  custom:SearchIndexIgnoredProperties: e643bd26f0fe6173181afceb89e7c659 -> 
  custom:AudioImporter_EditorPlatform: 3918e3fc78b5a79bad01e8451be0beb8 -> 
  custom:scripting/monoscript/fileName/Movment.cs: da45837ad5f5a57f6fce82c5870b0f43 -> 
  custom:framework-osx-AVFoundation: e770b220cccbd017edd2c1fefb359320 -> 
  custom:video-encoder-webm-vp8: eb34c28f22e8b96e1ab97ce403110664 -> 
  custom:audio-decoder-ogg-vorbis: bf7c407c2cedff20999df2af8eb42d56 -> 
  custom:scripting/monoscript/fileName/Movement.cs: 1bc12bc9370e727baa54e145392501fb -> 
  custom:scripting/monoscript/fileName/Player.cs: 007e2e63cbf915a2b71612a7f593548a -> 
  custom:audio-encoder-webm-vorbis: bf7c407c2cedff20999df2af8eb42d56 -> 
  custom:scripting/precompiled-assembly-types:Assembly-CSharp: 6b5ab6d2ca0396fbf9e27305abf9e729 -> 
========================================================================
Received Prepare
Caller must complete domain reload
Begin MonoManager ReloadAssembly
Thread 0x307ee7000 may have been prematurely finalized
- Loaded All Assemblies, in  0.166 seconds
Native extension for Android target not found
Native extension for OSXStandalone target not found
Mono: successfully reloaded assembly
- Finished resetting the current domain, in  0.323 seconds
Domain Reload Profiling: 489ms
	BeginReloadAssembly (61ms)
		ExecutionOrderSort (0ms)
		DisableScriptedObjects (2ms)
		BackupInstance (0ms)
		ReleaseScriptingObjects (0ms)
		CreateAndSetChildDomain (20ms)
	RebuildCommonClasses (17ms)
	RebuildNativeTypeToScriptingClass (6ms)
	initialDomainReloadingComplete (10ms)
	LoadAllAssembliesAndSetupDomain (72ms)
		LoadAssemblies (81ms)
		RebuildTransferFunctionScriptingTraits (0ms)
		AnalyzeDomain (11ms)
			TypeCache.Refresh (4ms)
				TypeCache.ScanAssembly (0ms)
			ScanForSourceGeneratedMonoScriptInfo (3ms)
			ResolveRequiredComponents (2ms)
	FinalizeReload (323ms)
		ReleaseScriptCaches (0ms)
		RebuildScriptCaches (0ms)
		SetupLoadedEditorAssemblies (184ms)
			LogAssemblyErrors (0ms)
			InitializePlatformSupportModulesInManaged (6ms)
			SetLoadedEditorAssemblies (2ms)
			RefreshPlugins (0ms)
			BeforeProcessingInitializeOnLoad (24ms)
			ProcessInitializeOnLoadAttributes (144ms)
			ProcessInitializeOnLoadMethodAttributes (8ms)
			AfterProcessingInitializeOnLoad (0ms)
			EditorAssembliesLoaded (0ms)
		ExecutionOrderSort2 (0ms)
		AwakeInstancesAfterBackupRestoration (2ms)
Refreshing native plugins compatible for Editor in 0.47 ms, found 2 plugins.
Preloading 0 native plugins for Editor in 0.00 ms.
Unloading 3098 Unused Serialized files (Serialized files now loaded: 0)
Unloading 13 unused Assets / (27.8 KB). Loaded Objects now: 3939.
Memory consumption went from 0.74 GB to 0.74 GB.
Total: 1.854167 ms (FindLiveObjects: 0.119542 ms CreateObjectMapping: 0.026125 ms MarkObjects: 1.687250 ms  DeleteObjects: 0.020875 ms)

Prepare: number of updated asset objects reloaded= 0
AssetImportParameters requested are different than current active one (requested -> active):
  custom:container-demuxer-ogg: 62fdf1f143b41e24485cea50d1cbac27 -> 
  custom:video-decoder-ogg-theora: a1e56fd34408186e4bbccfd4996cb3dc -> 
  custom:CustomObjectIndexerAttribute: 9a22284fe3817be447336de3de66b15e -> 
  custom:container-demuxer-webm: 4f35f7cbe854078d1ac9338744f61a02 -> 
  custom:container-muxer-webm: aa71ff27fc2769a1b78a27578f13a17b -> 
  custom:scripting/monoscript/fileName/ClearCounter.cs: 733019e1f683a3c33c1b0f446554f075 -> 
  custom:video-decoder-webm-vp8: 9c59270c3fd7afecdb556c50c9e8de78 -> 
  custom:SearchIndexIgnoredProperties: e643bd26f0fe6173181afceb89e7c659 -> 
  custom:AudioImporter_EditorPlatform: 3918e3fc78b5a79bad01e8451be0beb8 -> 
  custom:scripting/monoscript/fileName/Movment.cs: da45837ad5f5a57f6fce82c5870b0f43 -> 
  custom:framework-osx-AVFoundation: e770b220cccbd017edd2c1fefb359320 -> 
  custom:video-encoder-webm-vp8: eb34c28f22e8b96e1ab97ce403110664 -> 
  custom:audio-decoder-ogg-vorbis: bf7c407c2cedff20999df2af8eb42d56 -> 
  custom:scripting/monoscript/fileName/Movement.cs: 1bc12bc9370e727baa54e145392501fb -> 
  custom:scripting/monoscript/fileName/Player.cs: 007e2e63cbf915a2b71612a7f593548a -> 
  custom:audio-encoder-webm-vorbis: bf7c407c2cedff20999df2af8eb42d56 -> 
  custom:scripting/precompiled-assembly-types:Assembly-CSharp: 6b5ab6d2ca0396fbf9e27305abf9e729 -> 
========================================================================
Received Prepare
Caller must complete domain reload
Begin MonoManager ReloadAssembly
Thread 0x307ee7000 may have been prematurely finalized
- Loaded All Assemblies, in  0.161 seconds
Native extension for Android target not found
Native extension for OSXStandalone target not found
Mono: successfully reloaded assembly
- Finished resetting the current domain, in  0.323 seconds
Domain Reload Profiling: 485ms
	BeginReloadAssembly (61ms)
		ExecutionOrderSort (0ms)
		DisableScriptedObjects (2ms)
		BackupInstance (0ms)
		ReleaseScriptingObjects (0ms)
		CreateAndSetChildDomain (21ms)
	RebuildCommonClasses (17ms)
	RebuildNativeTypeToScriptingClass (5ms)
	initialDomainReloadingComplete (10ms)
	LoadAllAssembliesAndSetupDomain (68ms)
		LoadAssemblies (81ms)
		RebuildTransferFunctionScriptingTraits (0ms)
		AnalyzeDomain (7ms)
			TypeCache.Refresh (3ms)
				TypeCache.ScanAssembly (0ms)
			ScanForSourceGeneratedMonoScriptInfo (0ms)
			ResolveRequiredComponents (2ms)
	FinalizeReload (323ms)
		ReleaseScriptCaches (0ms)
		RebuildScriptCaches (0ms)
		SetupLoadedEditorAssemblies (194ms)
			LogAssemblyErrors (0ms)
			InitializePlatformSupportModulesInManaged (6ms)
			SetLoadedEditorAssemblies (2ms)
			RefreshPlugins (0ms)
			BeforeProcessingInitializeOnLoad (25ms)
			ProcessInitializeOnLoadAttributes (152ms)
			ProcessInitializeOnLoadMethodAttributes (8ms)
			AfterProcessingInitializeOnLoad (0ms)
			EditorAssembliesLoaded (0ms)
		ExecutionOrderSort2 (0ms)
		AwakeInstancesAfterBackupRestoration (1ms)
Refreshing native plugins compatible for Editor in 0.49 ms, found 2 plugins.
Preloading 0 native plugins for Editor in 0.00 ms.
Unloading 3098 Unused Serialized files (Serialized files now loaded: 0)
Unloading 13 unused Assets / (27.8 KB). Loaded Objects now: 3942.
Memory consumption went from 0.74 GB to 0.74 GB.
Total: 1.625625 ms (FindLiveObjects: 0.089458 ms CreateObjectMapping: 0.025917 ms MarkObjects: 1.486083 ms  DeleteObjects: 0.023709 ms)

Prepare: number of updated asset objects reloaded= 0
AssetImportParameters requested are different than current active one (requested -> active):
  custom:container-demuxer-ogg: 62fdf1f143b41e24485cea50d1cbac27 -> 
  custom:video-decoder-ogg-theora: a1e56fd34408186e4bbccfd4996cb3dc -> 
  custom:CustomObjectIndexerAttribute: 9a22284fe3817be447336de3de66b15e -> 
  custom:container-demuxer-webm: 4f35f7cbe854078d1ac9338744f61a02 -> 
  custom:container-muxer-webm: aa71ff27fc2769a1b78a27578f13a17b -> 
  custom:scripting/monoscript/fileName/ClearCounter.cs: 733019e1f683a3c33c1b0f446554f075 -> 
  custom:video-decoder-webm-vp8: 9c59270c3fd7afecdb556c50c9e8de78 -> 
  custom:SearchIndexIgnoredProperties: e643bd26f0fe6173181afceb89e7c659 -> 
  custom:AudioImporter_EditorPlatform: 3918e3fc78b5a79bad01e8451be0beb8 -> 
  custom:scripting/monoscript/fileName/Movment.cs: da45837ad5f5a57f6fce82c5870b0f43 -> 
  custom:framework-osx-AVFoundation: e770b220cccbd017edd2c1fefb359320 -> 
  custom:video-encoder-webm-vp8: eb34c28f22e8b96e1ab97ce403110664 -> 
  custom:audio-decoder-ogg-vorbis: bf7c407c2cedff20999df2af8eb42d56 -> 
  custom:scripting/monoscript/fileName/Movement.cs: 1bc12bc9370e727baa54e145392501fb -> 
  custom:scripting/monoscript/fileName/Player.cs: 007e2e63cbf915a2b71612a7f593548a -> 
  custom:audio-encoder-webm-vorbis: bf7c407c2cedff20999df2af8eb42d56 -> 
  custom:scripting/precompiled-assembly-types:Assembly-CSharp: 6b5ab6d2ca0396fbf9e27305abf9e729 -> 
========================================================================
Received Prepare
Caller must complete domain reload
Begin MonoManager ReloadAssembly
Thread 0x307ee7000 may have been prematurely finalized
- Loaded All Assemblies, in  0.161 seconds
Native extension for Android target not found
Native extension for OSXStandalone target not found
Mono: successfully reloaded assembly
- Finished resetting the current domain, in  0.337 seconds
Domain Reload Profiling: 498ms
	BeginReloadAssembly (62ms)
		ExecutionOrderSort (0ms)
		DisableScriptedObjects (2ms)
		BackupInstance (0ms)
		ReleaseScriptingObjects (0ms)
		CreateAndSetChildDomain (21ms)
	RebuildCommonClasses (16ms)
	RebuildNativeTypeToScriptingClass (6ms)
	initialDomainReloadingComplete (10ms)
	LoadAllAssembliesAndSetupDomain (67ms)
		LoadAssemblies (80ms)
		RebuildTransferFunctionScriptingTraits (0ms)
		AnalyzeDomain (7ms)
			TypeCache.Refresh (3ms)
				TypeCache.ScanAssembly (0ms)
			ScanForSourceGeneratedMonoScriptInfo (0ms)
			ResolveRequiredComponents (2ms)
	FinalizeReload (338ms)
		ReleaseScriptCaches (0ms)
		RebuildScriptCaches (0ms)
		SetupLoadedEditorAssemblies (196ms)
			LogAssemblyErrors (0ms)
			InitializePlatformSupportModulesInManaged (6ms)
			SetLoadedEditorAssemblies (2ms)
			RefreshPlugins (0ms)
			BeforeProcessingInitializeOnLoad (25ms)
			ProcessInitializeOnLoadAttributes (153ms)
			ProcessInitializeOnLoadMethodAttributes (9ms)
			AfterProcessingInitializeOnLoad (0ms)
			EditorAssembliesLoaded (0ms)
		ExecutionOrderSort2 (0ms)
		AwakeInstancesAfterBackupRestoration (2ms)
Refreshing native plugins compatible for Editor in 0.50 ms, found 2 plugins.
Preloading 0 native plugins for Editor in 0.00 ms.
Unloading 3098 Unused Serialized files (Serialized files now loaded: 0)
Unloading 13 unused Assets / (27.8 KB). Loaded Objects now: 3945.
Memory consumption went from 0.75 GB to 0.75 GB.
Total: 1.665500 ms (FindLiveObjects: 0.087417 ms CreateObjectMapping: 0.028083 ms MarkObjects: 1.529167 ms  DeleteObjects: 0.020458 ms)

Prepare: number of updated asset objects reloaded= 0
AssetImportParameters requested are different than current active one (requested -> active):
  custom:container-demuxer-ogg: 62fdf1f143b41e24485cea50d1cbac27 -> 
  custom:video-decoder-ogg-theora: a1e56fd34408186e4bbccfd4996cb3dc -> 
  custom:CustomObjectIndexerAttribute: 9a22284fe3817be447336de3de66b15e -> 
  custom:container-demuxer-webm: 4f35f7cbe854078d1ac9338744f61a02 -> 
  custom:container-muxer-webm: aa71ff27fc2769a1b78a27578f13a17b -> 
  custom:scripting/monoscript/fileName/ClearCounter.cs: 733019e1f683a3c33c1b0f446554f075 -> 
  custom:video-decoder-webm-vp8: 9c59270c3fd7afecdb556c50c9e8de78 -> 
  custom:SearchIndexIgnoredProperties: e643bd26f0fe6173181afceb89e7c659 -> 
  custom:AudioImporter_EditorPlatform: 3918e3fc78b5a79bad01e8451be0beb8 -> 
  custom:scripting/monoscript/fileName/Movment.cs: da45837ad5f5a57f6fce82c5870b0f43 -> 
  custom:framework-osx-AVFoundation: e770b220cccbd017edd2c1fefb359320 -> 
  custom:video-encoder-webm-vp8: eb34c28f22e8b96e1ab97ce403110664 -> 
  custom:audio-decoder-ogg-vorbis: bf7c407c2cedff20999df2af8eb42d56 -> 
  custom:scripting/monoscript/fileName/Movement.cs: 1bc12bc9370e727baa54e145392501fb -> 
  custom:scripting/monoscript/fileName/Player.cs: 007e2e63cbf915a2b71612a7f593548a -> 
  custom:audio-encoder-webm-vorbis: bf7c407c2cedff20999df2af8eb42d56 -> 
  custom:scripting/precompiled-assembly-types:Assembly-CSharp: 6b5ab6d2ca0396fbf9e27305abf9e729 -> 
========================================================================
Received Prepare
Caller must complete domain reload
Begin MonoManager ReloadAssembly
Thread 0x307ee7000 may have been prematurely finalized
- Loaded All Assemblies, in  0.170 seconds
Native extension for Android target not found
Native extension for OSXStandalone target not found
Mono: successfully reloaded assembly
- Finished resetting the current domain, in  0.318 seconds
Domain Reload Profiling: 489ms
	BeginReloadAssembly (63ms)
		ExecutionOrderSort (0ms)
		DisableScriptedObjects (3ms)
		BackupInstance (0ms)
		ReleaseScriptingObjects (0ms)
		CreateAndSetChildDomain (21ms)
	RebuildCommonClasses (17ms)
	RebuildNativeTypeToScriptingClass (6ms)
	initialDomainReloadingComplete (10ms)
	LoadAllAssembliesAndSetupDomain (74ms)
		LoadAssemblies (84ms)
		RebuildTransferFunctionScriptingTraits (0ms)
		AnalyzeDomain (11ms)
			TypeCache.Refresh (4ms)
				TypeCache.ScanAssembly (0ms)
			ScanForSourceGeneratedMonoScriptInfo (3ms)
			ResolveRequiredComponents (2ms)
	FinalizeReload (319ms)
		ReleaseScriptCaches (0ms)
		RebuildScriptCaches (0ms)
		SetupLoadedEditorAssemblies (190ms)
			LogAssemblyErrors (0ms)
			InitializePlatformSupportModulesInManaged (6ms)
			SetLoadedEditorAssemblies (2ms)
			RefreshPlugins (0ms)
			BeforeProcessingInitializeOnLoad (25ms)
			ProcessInitializeOnLoadAttributes (148ms)
			ProcessInitializeOnLoadMethodAttributes (8ms)
			AfterProcessingInitializeOnLoad (0ms)
			EditorAssembliesLoaded (0ms)
		ExecutionOrderSort2 (0ms)
		AwakeInstancesAfterBackupRestoration (2ms)
Refreshing native plugins compatible for Editor in 0.49 ms, found 2 plugins.
Preloading 0 native plugins for Editor in 0.00 ms.
Unloading 3098 Unused Serialized files (Serialized files now loaded: 0)
Unloading 13 unused Assets / (27.7 KB). Loaded Objects now: 3948.
Memory consumption went from 0.75 GB to 0.75 GB.
Total: 1.770791 ms (FindLiveObjects: 0.085583 ms CreateObjectMapping: 0.028625 ms MarkObjects: 1.633625 ms  DeleteObjects: 0.022500 ms)

Prepare: number of updated asset objects reloaded= 0
AssetImportParameters requested are different than current active one (requested -> active):
  custom:container-demuxer-ogg: 62fdf1f143b41e24485cea50d1cbac27 -> 
  custom:video-decoder-ogg-theora: a1e56fd34408186e4bbccfd4996cb3dc -> 
  custom:CustomObjectIndexerAttribute: 9a22284fe3817be447336de3de66b15e -> 
  custom:container-demuxer-webm: 4f35f7cbe854078d1ac9338744f61a02 -> 
  custom:container-muxer-webm: aa71ff27fc2769a1b78a27578f13a17b -> 
  custom:scripting/monoscript/fileName/ClearCounter.cs: 733019e1f683a3c33c1b0f446554f075 -> 
  custom:video-decoder-webm-vp8: 9c59270c3fd7afecdb556c50c9e8de78 -> 
  custom:SearchIndexIgnoredProperties: e643bd26f0fe6173181afceb89e7c659 -> 
  custom:AudioImporter_EditorPlatform: 3918e3fc78b5a79bad01e8451be0beb8 -> 
  custom:scripting/monoscript/fileName/Movment.cs: da45837ad5f5a57f6fce82c5870b0f43 -> 
  custom:framework-osx-AVFoundation: e770b220cccbd017edd2c1fefb359320 -> 
  custom:video-encoder-webm-vp8: eb34c28f22e8b96e1ab97ce403110664 -> 
  custom:audio-decoder-ogg-vorbis: bf7c407c2cedff20999df2af8eb42d56 -> 
  custom:scripting/monoscript/fileName/Movement.cs: 1bc12bc9370e727baa54e145392501fb -> 
  custom:scripting/monoscript/fileName/Player.cs: 007e2e63cbf915a2b71612a7f593548a -> 
  custom:audio-encoder-webm-vorbis: bf7c407c2cedff20999df2af8eb42d56 -> 
  custom:scripting/precompiled-assembly-types:Assembly-CSharp: 6b5ab6d2ca0396fbf9e27305abf9e729 -> 
========================================================================
Received Prepare
Caller must complete domain reload
Begin MonoManager ReloadAssembly
Thread 0x307ee7000 may have been prematurely finalized
- Loaded All Assemblies, in  0.161 seconds
Native extension for Android target not found
Native extension for OSXStandalone target not found
Mono: successfully reloaded assembly
- Finished resetting the current domain, in  0.323 seconds
Domain Reload Profiling: 484ms
	BeginReloadAssembly (61ms)
		ExecutionOrderSort (0ms)
		DisableScriptedObjects (2ms)
		BackupInstance (0ms)
		ReleaseScriptingObjects (0ms)
		CreateAndSetChildDomain (21ms)
	RebuildCommonClasses (17ms)
	RebuildNativeTypeToScriptingClass (5ms)
	initialDomainReloadingComplete (10ms)
	LoadAllAssembliesAndSetupDomain (67ms)
		LoadAssemblies (82ms)
		RebuildTransferFunctionScriptingTraits (0ms)
		AnalyzeDomain (6ms)
			TypeCache.Refresh (3ms)
				TypeCache.ScanAssembly (0ms)
			ScanForSourceGeneratedMonoScriptInfo (0ms)
			ResolveRequiredComponents (2ms)
	FinalizeReload (323ms)
		ReleaseScriptCaches (0ms)
		RebuildScriptCaches (0ms)
		SetupLoadedEditorAssemblies (194ms)
			LogAssemblyErrors (0ms)
			InitializePlatformSupportModulesInManaged (6ms)
			SetLoadedEditorAssemblies (2ms)
			RefreshPlugins (0ms)
			BeforeProcessingInitializeOnLoad (25ms)
			ProcessInitializeOnLoadAttributes (152ms)
			ProcessInitializeOnLoadMethodAttributes (9ms)
			AfterProcessingInitializeOnLoad (0ms)
			EditorAssembliesLoaded (0ms)
		ExecutionOrderSort2 (0ms)
		AwakeInstancesAfterBackupRestoration (2ms)
Refreshing native plugins compatible for Editor in 0.49 ms, found 2 plugins.
Preloading 0 native plugins for Editor in 0.00 ms.
Unloading 3098 Unused Serialized files (Serialized files now loaded: 0)
Unloading 13 unused Assets / (27.8 KB). Loaded Objects now: 3951.
Memory consumption went from 0.76 GB to 0.76 GB.
Total: 1.865500 ms (FindLiveObjects: 0.115958 ms CreateObjectMapping: 0.035417 ms MarkObjects: 1.691875 ms  DeleteObjects: 0.021875 ms)

Prepare: number of updated asset objects reloaded= 0
AssetImportParameters requested are different than current active one (requested -> active):
  custom:container-demuxer-ogg: 62fdf1f143b41e24485cea50d1cbac27 -> 
  custom:video-decoder-ogg-theora: a1e56fd34408186e4bbccfd4996cb3dc -> 
  custom:CustomObjectIndexerAttribute: 9a22284fe3817be447336de3de66b15e -> 
  custom:container-demuxer-webm: 4f35f7cbe854078d1ac9338744f61a02 -> 
  custom:container-muxer-webm: aa71ff27fc2769a1b78a27578f13a17b -> 
  custom:scripting/monoscript/fileName/ClearCounter.cs: 733019e1f683a3c33c1b0f446554f075 -> 
  custom:video-decoder-webm-vp8: 9c59270c3fd7afecdb556c50c9e8de78 -> 
  custom:SearchIndexIgnoredProperties: e643bd26f0fe6173181afceb89e7c659 -> 
  custom:AudioImporter_EditorPlatform: 3918e3fc78b5a79bad01e8451be0beb8 -> 
  custom:scripting/monoscript/fileName/Movment.cs: da45837ad5f5a57f6fce82c5870b0f43 -> 
  custom:framework-osx-AVFoundation: e770b220cccbd017edd2c1fefb359320 -> 
  custom:video-encoder-webm-vp8: eb34c28f22e8b96e1ab97ce403110664 -> 
  custom:audio-decoder-ogg-vorbis: bf7c407c2cedff20999df2af8eb42d56 -> 
  custom:scripting/monoscript/fileName/Movement.cs: 1bc12bc9370e727baa54e145392501fb -> 
  custom:scripting/monoscript/fileName/Player.cs: 007e2e63cbf915a2b71612a7f593548a -> 
  custom:audio-encoder-webm-vorbis: bf7c407c2cedff20999df2af8eb42d56 -> 
  custom:scripting/precompiled-assembly-types:Assembly-CSharp: 6b5ab6d2ca0396fbf9e27305abf9e729 -> 
========================================================================
Received Prepare
Caller must complete domain reload
Begin MonoManager ReloadAssembly
Thread 0x307ee7000 may have been prematurely finalized
- Loaded All Assemblies, in  0.164 seconds
Native extension for Android target not found
Native extension for OSXStandalone target not found
Mono: successfully reloaded assembly
- Finished resetting the current domain, in  0.326 seconds
Domain Reload Profiling: 490ms
	BeginReloadAssembly (61ms)
		ExecutionOrderSort (0ms)
		DisableScriptedObjects (2ms)
		BackupInstance (0ms)
		ReleaseScriptingObjects (0ms)
		CreateAndSetChildDomain (21ms)
	RebuildCommonClasses (17ms)
	RebuildNativeTypeToScriptingClass (5ms)
	initialDomainReloadingComplete (10ms)
	LoadAllAssembliesAndSetupDomain (71ms)
		LoadAssemblies (80ms)
		RebuildTransferFunctionScriptingTraits (0ms)
		AnalyzeDomain (10ms)
			TypeCache.Refresh (4ms)
				TypeCache.ScanAssembly (0ms)
			ScanForSourceGeneratedMonoScriptInfo (3ms)
			ResolveRequiredComponents (2ms)
	FinalizeReload (326ms)
		ReleaseScriptCaches (0ms)
		RebuildScriptCaches (0ms)
		SetupLoadedEditorAssemblies (185ms)
			LogAssemblyErrors (0ms)
			InitializePlatformSupportModulesInManaged (5ms)
			SetLoadedEditorAssemblies (2ms)
			RefreshPlugins (0ms)
			BeforeProcessingInitializeOnLoad (25ms)
			ProcessInitializeOnLoadAttributes (145ms)
			ProcessInitializeOnLoadMethodAttributes (8ms)
			AfterProcessingInitializeOnLoad (0ms)
			EditorAssembliesLoaded (0ms)
		ExecutionOrderSort2 (0ms)
		AwakeInstancesAfterBackupRestoration (2ms)
Refreshing native plugins compatible for Editor in 0.47 ms, found 2 plugins.
Preloading 0 native plugins for Editor in 0.00 ms.
Unloading 3098 Unused Serialized files (Serialized files now loaded: 0)
Unloading 13 unused Assets / (27.8 KB). Loaded Objects now: 3954.
Memory consumption went from 0.76 GB to 0.76 GB.
Total: 1.663375 ms (FindLiveObjects: 0.086125 ms CreateObjectMapping: 0.027250 ms MarkObjects: 1.529500 ms  DeleteObjects: 0.020292 ms)

Prepare: number of updated asset objects reloaded= 0
AssetImportParameters requested are different than current active one (requested -> active):
  custom:container-demuxer-ogg: 62fdf1f143b41e24485cea50d1cbac27 -> 
  custom:video-decoder-ogg-theora: a1e56fd34408186e4bbccfd4996cb3dc -> 
  custom:CustomObjectIndexerAttribute: 9a22284fe3817be447336de3de66b15e -> 
  custom:container-demuxer-webm: 4f35f7cbe854078d1ac9338744f61a02 -> 
  custom:container-muxer-webm: aa71ff27fc2769a1b78a27578f13a17b -> 
  custom:scripting/monoscript/fileName/ClearCounter.cs: 733019e1f683a3c33c1b0f446554f075 -> 
  custom:video-decoder-webm-vp8: 9c59270c3fd7afecdb556c50c9e8de78 -> 
  custom:SearchIndexIgnoredProperties: e643bd26f0fe6173181afceb89e7c659 -> 
  custom:AudioImporter_EditorPlatform: 3918e3fc78b5a79bad01e8451be0beb8 -> 
  custom:scripting/monoscript/fileName/Movment.cs: da45837ad5f5a57f6fce82c5870b0f43 -> 
  custom:framework-osx-AVFoundation: e770b220cccbd017edd2c1fefb359320 -> 
  custom:video-encoder-webm-vp8: eb34c28f22e8b96e1ab97ce403110664 -> 
  custom:audio-decoder-ogg-vorbis: bf7c407c2cedff20999df2af8eb42d56 -> 
  custom:scripting/monoscript/fileName/Movement.cs: 1bc12bc9370e727baa54e145392501fb -> 
  custom:scripting/monoscript/fileName/Player.cs: 007e2e63cbf915a2b71612a7f593548a -> 
  custom:audio-encoder-webm-vorbis: bf7c407c2cedff20999df2af8eb42d56 -> 
  custom:scripting/precompiled-assembly-types:Assembly-CSharp: 6b5ab6d2ca0396fbf9e27305abf9e729 -> 
