Unity Editor version:    2022.3.57f1 (9d8bd91adc0a)
Branch:                  2022.3/staging
Build type:              Release
Batch mode:              YES
macOS version:           Version 15.5 (Build 24F74)
Darwin version:          24.5.0
Architecture:            arm64
Running under Rosetta:   NO
Available memory:        24576 MB
Using pre-set license
Pro License: YES

COMMAND LINE ARGUMENTS:
/Applications/Unity/Hub/Editor/2022.3.57f1/Unity.app/Contents/MacOS/Unity
-adb2
-batchMode
-noUpm
-name
AssetImportWorker5
-projectPath
/Users/physallia/Desktop/YesChef/YesChef
-logFile
Logs/AssetImportWorker5.log
-srvPort
51573
Successfully changed project path to: /Users/physallia/Desktop/YesChef/YesChef
/Users/physallia/Desktop/YesChef/YesChef
[UnityMemory] Configuration Parameters - Can be set up in boot.config
    "memorysetup-bucket-allocator-granularity=16"
    "memorysetup-bucket-allocator-bucket-count=8"
    "memorysetup-bucket-allocator-block-size=33554432"
    "memorysetup-bucket-allocator-block-count=8"
    "memorysetup-main-allocator-block-size=16777216"
    "memorysetup-thread-allocator-block-size=16777216"
    "memorysetup-gfx-main-allocator-block-size=16777216"
    "memorysetup-gfx-thread-allocator-block-size=16777216"
    "memorysetup-cache-allocator-block-size=4194304"
    "memorysetup-typetree-allocator-block-size=2097152"
    "memorysetup-profiler-bucket-allocator-granularity=16"
    "memorysetup-profiler-bucket-allocator-bucket-count=8"
    "memorysetup-profiler-bucket-allocator-block-size=33554432"
    "memorysetup-profiler-bucket-allocator-block-count=8"
    "memorysetup-profiler-allocator-block-size=16777216"
    "memorysetup-profiler-editor-allocator-block-size=1048576"
    "memorysetup-temp-allocator-size-main=16777216"
    "memorysetup-job-temp-allocator-block-size=2097152"
    "memorysetup-job-temp-allocator-block-size-background=1048576"
    "memorysetup-job-temp-allocator-reduction-small-platforms=262144"
    "memorysetup-allocator-temp-initial-block-size-main=262144"
    "memorysetup-allocator-temp-initial-block-size-worker=262144"
    "memorysetup-temp-allocator-size-background-worker=32768"
    "memorysetup-temp-allocator-size-job-worker=262144"
    "memorysetup-temp-allocator-size-preload-manager=33554432"
    "memorysetup-temp-allocator-size-nav-mesh-worker=65536"
    "memorysetup-temp-allocator-size-audio-worker=65536"
    "memorysetup-temp-allocator-size-cloud-worker=32768"
    "memorysetup-temp-allocator-size-gi-baking-worker=262144"
    "memorysetup-temp-allocator-size-gfx=262144"
Player connection [8432148224]  Target information:

Player connection [8432148224]  * "[IP] 192.168.1.78 [Port] 0 [Flags] 2 [Guid] 873340188 [EditorId] 873340188 [Version] 1048832 [Id] OSXEditor(0,physallias-MacBook-Pro.local) [Debug] 1 [PackageName] OSXEditor [ProjectName] Editor" 

Player connection [8432148224]  * "[IP] 240.0.0.2 [Port] 0 [Flags] 2 [Guid] 873340188 [EditorId] 873340188 [Version] 1048832 [Id] OSXEditor(0,physallias-MacBook-Pro.local) [Debug] 1 [PackageName] OSXEditor [ProjectName] Editor" 

Player connection [8432148224] Host joined multi-casting on [225.0.0.222:54997]...
Player connection [8432148224] Host joined alternative multi-casting on [225.0.0.222:34997]...
Input System module state changed to: Initialized.
[PhysX] Initialized MultithreadedTaskDispatcher with 12 workers.
Refreshing native plugins compatible for Editor in 8.09 ms, found 2 plugins.
Preloading 0 native plugins for Editor in 0.00 ms.
Initialize engine version: 2022.3.57f1 (9d8bd91adc0a)
[Subsystems] Discovering subsystems at path /Applications/Unity/Hub/Editor/2022.3.57f1/Unity.app/Contents/Resources/UnitySubsystems
[Subsystems] Discovering subsystems at path /Users/physallia/Desktop/YesChef/YesChef/Assets
GfxDevice: creating device client; threaded=0; jobified=0
 preferred device: Apple M4 Pro (high power)
Metal devices available: 1
0: Apple M4 Pro (high power)
Using device Apple M4 Pro (high power)
Initializing Metal device caps: Apple M4 Pro
Initialize mono
Mono path[0] = '/Applications/Unity/Hub/Editor/2022.3.57f1/Unity.app/Contents/Managed'
Mono path[1] = '/Applications/Unity/Hub/Editor/2022.3.57f1/Unity.app/Contents/MonoBleedingEdge/lib/mono/unityjit-macos'
Mono config path = '/Applications/Unity/Hub/Editor/2022.3.57f1/Unity.app/Contents/MonoBleedingEdge/etc'
Using monoOptions --debugger-agent=transport=dt_socket,embedding=1,server=y,suspend=n,address=127.0.0.1:56913
Begin MonoManager ReloadAssembly
Registering precompiled unity dll's ...
Register platform support module: /Applications/Unity/Hub/Editor/2022.3.57f1/Unity.app/Contents/PlaybackEngines/MacStandaloneSupport/UnityEditor.OSXStandalone.Extensions.dll
Register platform support module: /Applications/Unity/Hub/Editor/2022.3.57f1/PlaybackEngines/AndroidPlayer/UnityEditor.Android.Extensions.dll
Registered in 0.002185 seconds.
- Loaded All Assemblies, in  0.165 seconds
Native extension for Android target not found
Android Extension - Scanning For ADB Devices 63 ms
Native extension for OSXStandalone target not found
Mono: successfully reloaded assembly
- Finished resetting the current domain, in  0.195 seconds
Domain Reload Profiling: 360ms
	BeginReloadAssembly (51ms)
		ExecutionOrderSort (0ms)
		DisableScriptedObjects (0ms)
		BackupInstance (0ms)
		ReleaseScriptingObjects (0ms)
		CreateAndSetChildDomain (0ms)
	RebuildCommonClasses (16ms)
	RebuildNativeTypeToScriptingClass (5ms)
	initialDomainReloadingComplete (22ms)
	LoadAllAssembliesAndSetupDomain (71ms)
		LoadAssemblies (52ms)
		RebuildTransferFunctionScriptingTraits (0ms)
		AnalyzeDomain (69ms)
			TypeCache.Refresh (69ms)
				TypeCache.ScanAssembly (63ms)
			ScanForSourceGeneratedMonoScriptInfo (0ms)
			ResolveRequiredComponents (0ms)
	FinalizeReload (195ms)
		ReleaseScriptCaches (0ms)
		RebuildScriptCaches (0ms)
		SetupLoadedEditorAssemblies (173ms)
			LogAssemblyErrors (0ms)
			InitializePlatformSupportModulesInManaged (103ms)
			SetLoadedEditorAssemblies (3ms)
			RefreshPlugins (0ms)
			BeforeProcessingInitializeOnLoad (1ms)
			ProcessInitializeOnLoadAttributes (48ms)
			ProcessInitializeOnLoadMethodAttributes (19ms)
			AfterProcessingInitializeOnLoad (0ms)
			EditorAssembliesLoaded (0ms)
		ExecutionOrderSort2 (0ms)
		AwakeInstancesAfterBackupRestoration (0ms)
========================================================================
Worker process is ready to serve import requests
Caller must complete domain reload
Begin MonoManager ReloadAssembly
- Loaded All Assemblies, in  0.284 seconds
Native extension for Android target not found
Native extension for OSXStandalone target not found
Mono: successfully reloaded assembly
- Finished resetting the current domain, in  0.249 seconds
Domain Reload Profiling: 534ms
	BeginReloadAssembly (51ms)
		ExecutionOrderSort (0ms)
		DisableScriptedObjects (2ms)
		BackupInstance (0ms)
		ReleaseScriptingObjects (0ms)
		CreateAndSetChildDomain (12ms)
	RebuildCommonClasses (16ms)
	RebuildNativeTypeToScriptingClass (5ms)
	initialDomainReloadingComplete (17ms)
	LoadAllAssembliesAndSetupDomain (196ms)
		LoadAssemblies (124ms)
		RebuildTransferFunctionScriptingTraits (0ms)
		AnalyzeDomain (95ms)
			TypeCache.Refresh (86ms)
				TypeCache.ScanAssembly (75ms)
			ScanForSourceGeneratedMonoScriptInfo (6ms)
			ResolveRequiredComponents (2ms)
	FinalizeReload (249ms)
		ReleaseScriptCaches (0ms)
		RebuildScriptCaches (0ms)
		SetupLoadedEditorAssemblies (186ms)
			LogAssemblyErrors (0ms)
			InitializePlatformSupportModulesInManaged (5ms)
			SetLoadedEditorAssemblies (1ms)
			RefreshPlugins (0ms)
			BeforeProcessingInitializeOnLoad (19ms)
			ProcessInitializeOnLoadAttributes (154ms)
			ProcessInitializeOnLoadMethodAttributes (7ms)
			AfterProcessingInitializeOnLoad (0ms)
			EditorAssembliesLoaded (0ms)
		ExecutionOrderSort2 (0ms)
		AwakeInstancesAfterBackupRestoration (1ms)
Launching external process: /Applications/Unity/Hub/Editor/2022.3.57f1/Unity.app/Contents/Tools/UnityShaderCompiler
Launched and connected shader compiler UnityShaderCompiler after 0.02 seconds
Refreshing native plugins compatible for Editor in 0.46 ms, found 2 plugins.
Preloading 0 native plugins for Editor in 0.00 ms.
Unloading 3534 Unused Serialized files (Serialized files now loaded: 0)
Unloading 21 unused Assets / (50.1 KB). Loaded Objects now: 4024.
Memory consumption went from 154.7 MB to 154.7 MB.
Total: 1.969041 ms (FindLiveObjects: 0.076084 ms CreateObjectMapping: 0.030375 ms MarkObjects: 1.794291 ms  DeleteObjects: 0.067833 ms)

AssetImportParameters requested are different than current active one (requested -> active):
  custom:container-demuxer-ogg: 62fdf1f143b41e24485cea50d1cbac27 -> 
  custom:video-decoder-ogg-theora: a1e56fd34408186e4bbccfd4996cb3dc -> 
  custom:CustomObjectIndexerAttribute: 9a22284fe3817be447336de3de66b15e -> 
  custom:container-demuxer-webm: 4f35f7cbe854078d1ac9338744f61a02 -> 
  custom:container-muxer-webm: aa71ff27fc2769a1b78a27578f13a17b -> 
  custom:video-decoder-webm-vp8: 9c59270c3fd7afecdb556c50c9e8de78 -> 
  custom:SearchIndexIgnoredProperties: e643bd26f0fe6173181afceb89e7c659 -> 
  custom:AudioImporter_EditorPlatform: 3918e3fc78b5a79bad01e8451be0beb8 -> 
  custom:framework-osx-AVFoundation: e770b220cccbd017edd2c1fefb359320 -> 
  custom:video-encoder-webm-vp8: eb34c28f22e8b96e1ab97ce403110664 -> 
  custom:audio-decoder-ogg-vorbis: bf7c407c2cedff20999df2af8eb42d56 -> 
  custom:audio-encoder-webm-vorbis: bf7c407c2cedff20999df2af8eb42d56 -> 
========================================================================
Received Import Request.
  Time since last request: 196314.656524 seconds.
  path: Assets/Art/Extra Clean UI/RedWave.png
  artifactKey: Guid(82f6c44ca5139484982452c0c5fde491) Importer(815301076,1909f56bfc062723c751e8b465ee728b)
Start importing Assets/Art/Extra Clean UI/RedWave.png using Guid(82f6c44ca5139484982452c0c5fde491) Importer(815301076,1909f56bfc062723c751e8b465ee728b) [PhysX] Initialized MultithreadedTaskDispatcher with 12 workers.
[PhysX] Initialized MultithreadedTaskDispatcher with 12 workers.
 -> (artifact id: 'da294c0b25ce42e481bbfff21c67aed4') in 0.098029 seconds
Number of updated asset objects reloaded before import = 0
Number of asset objects unloaded after import = 3
========================================================================
Received Prepare
Caller must complete domain reload
Begin MonoManager ReloadAssembly
Thread 0x338887000 may have been prematurely finalized
- Loaded All Assemblies, in  0.182 seconds
Native extension for Android target not found
Native extension for OSXStandalone target not found
Mono: successfully reloaded assembly
- Finished resetting the current domain, in  0.484 seconds
Domain Reload Profiling: 665ms
	BeginReloadAssembly (63ms)
		ExecutionOrderSort (0ms)
		DisableScriptedObjects (2ms)
		BackupInstance (0ms)
		ReleaseScriptingObjects (0ms)
		CreateAndSetChildDomain (23ms)
	RebuildCommonClasses (16ms)
	RebuildNativeTypeToScriptingClass (5ms)
	initialDomainReloadingComplete (10ms)
	LoadAllAssembliesAndSetupDomain (87ms)
		LoadAssemblies (93ms)
		RebuildTransferFunctionScriptingTraits (0ms)
		AnalyzeDomain (14ms)
			TypeCache.Refresh (4ms)
				TypeCache.ScanAssembly (0ms)
			ScanForSourceGeneratedMonoScriptInfo (7ms)
			ResolveRequiredComponents (3ms)
	FinalizeReload (484ms)
		ReleaseScriptCaches (0ms)
		RebuildScriptCaches (0ms)
		SetupLoadedEditorAssemblies (194ms)
			LogAssemblyErrors (0ms)
			InitializePlatformSupportModulesInManaged (6ms)
			SetLoadedEditorAssemblies (1ms)
			RefreshPlugins (0ms)
			BeforeProcessingInitializeOnLoad (21ms)
			ProcessInitializeOnLoadAttributes (159ms)
			ProcessInitializeOnLoadMethodAttributes (7ms)
			AfterProcessingInitializeOnLoad (0ms)
			EditorAssembliesLoaded (0ms)
		ExecutionOrderSort2 (0ms)
		AwakeInstancesAfterBackupRestoration (2ms)
Refreshing native plugins compatible for Editor in 0.55 ms, found 2 plugins.
Preloading 0 native plugins for Editor in 0.00 ms.
Unloading 3514 Unused Serialized files (Serialized files now loaded: 0)
Unloading 14 unused Assets / (28.5 KB). Loaded Objects now: 4034.
Memory consumption went from 158.5 MB to 158.5 MB.
Total: 1.842708 ms (FindLiveObjects: 0.103459 ms CreateObjectMapping: 0.029583 ms MarkObjects: 1.684417 ms  DeleteObjects: 0.024833 ms)

Prepare: number of updated asset objects reloaded= 0
AssetImportParameters requested are different than current active one (requested -> active):
  custom:container-demuxer-ogg: 62fdf1f143b41e24485cea50d1cbac27 -> 
  custom:video-decoder-ogg-theora: a1e56fd34408186e4bbccfd4996cb3dc -> 
  custom:CustomObjectIndexerAttribute: 9a22284fe3817be447336de3de66b15e -> 
  custom:container-demuxer-webm: 4f35f7cbe854078d1ac9338744f61a02 -> 
  custom:container-muxer-webm: aa71ff27fc2769a1b78a27578f13a17b -> 
  custom:video-decoder-webm-vp8: 9c59270c3fd7afecdb556c50c9e8de78 -> 
  custom:SearchIndexIgnoredProperties: e643bd26f0fe6173181afceb89e7c659 -> 
  custom:AudioImporter_EditorPlatform: 3918e3fc78b5a79bad01e8451be0beb8 -> 
  custom:framework-osx-AVFoundation: e770b220cccbd017edd2c1fefb359320 -> 
  custom:video-encoder-webm-vp8: eb34c28f22e8b96e1ab97ce403110664 -> 
  custom:audio-decoder-ogg-vorbis: bf7c407c2cedff20999df2af8eb42d56 -> 
  custom:audio-encoder-webm-vorbis: bf7c407c2cedff20999df2af8eb42d56 -> 
  custom:scripting/precompiled-assembly-types:Assembly-CSharp: f23c448bca5f3fcce443bead16036a5f -> cd2bb9437acc37684b6413b74e80fa56
  custom:scripting/monoscript/fileName/ChopProgressBar.cs: 231b153a21cab90e5ff5b29fd1719d23 -> 
========================================================================
Received Import Request.
  Time since last request: 142.839392 seconds.
  path: Assets/Scripts/ChopProgressBar.cs
  artifactKey: Guid(b790a9f60f15a409ba103844d1e6772b) Importer(815301076,1909f56bfc062723c751e8b465ee728b)
Start importing Assets/Scripts/ChopProgressBar.cs using Guid(b790a9f60f15a409ba103844d1e6772b) Importer(815301076,1909f56bfc062723c751e8b465ee728b) [PhysX] Initialized MultithreadedTaskDispatcher with 12 workers.
 -> (artifact id: '0bcfd71c6fd8b09341bd41141651027c') in 0.000763 seconds
Number of updated asset objects reloaded before import = 0
Number of asset objects unloaded after import = 0
========================================================================
Received Prepare
Caller must complete domain reload
Begin MonoManager ReloadAssembly
Thread 0x16ddff000 may have been prematurely finalized
- Loaded All Assemblies, in  0.166 seconds
Native extension for Android target not found
Native extension for OSXStandalone target not found
Mono: successfully reloaded assembly
- Finished resetting the current domain, in  0.326 seconds
Domain Reload Profiling: 491ms
	BeginReloadAssembly (59ms)
		ExecutionOrderSort (0ms)
		DisableScriptedObjects (2ms)
		BackupInstance (0ms)
		ReleaseScriptingObjects (0ms)
		CreateAndSetChildDomain (19ms)
	RebuildCommonClasses (16ms)
	RebuildNativeTypeToScriptingClass (5ms)
	initialDomainReloadingComplete (9ms)
	LoadAllAssembliesAndSetupDomain (76ms)
		LoadAssemblies (82ms)
		RebuildTransferFunctionScriptingTraits (0ms)
		AnalyzeDomain (13ms)
			TypeCache.Refresh (4ms)
				TypeCache.ScanAssembly (0ms)
			ScanForSourceGeneratedMonoScriptInfo (7ms)
			ResolveRequiredComponents (3ms)
	FinalizeReload (326ms)
		ReleaseScriptCaches (0ms)
		RebuildScriptCaches (0ms)
		SetupLoadedEditorAssemblies (202ms)
			LogAssemblyErrors (0ms)
			InitializePlatformSupportModulesInManaged (6ms)
			SetLoadedEditorAssemblies (2ms)
			RefreshPlugins (0ms)
			BeforeProcessingInitializeOnLoad (22ms)
			ProcessInitializeOnLoadAttributes (166ms)
			ProcessInitializeOnLoadMethodAttributes (7ms)
			AfterProcessingInitializeOnLoad (0ms)
			EditorAssembliesLoaded (0ms)
		ExecutionOrderSort2 (0ms)
		AwakeInstancesAfterBackupRestoration (1ms)
Refreshing native plugins compatible for Editor in 0.56 ms, found 2 plugins.
Preloading 0 native plugins for Editor in 0.00 ms.
Unloading 3514 Unused Serialized files (Serialized files now loaded: 0)
Unloading 14 unused Assets / (28.6 KB). Loaded Objects now: 4037.
Memory consumption went from 164.6 MB to 164.6 MB.
Total: 1.688791 ms (FindLiveObjects: 0.091417 ms CreateObjectMapping: 0.028458 ms MarkObjects: 1.544250 ms  DeleteObjects: 0.024333 ms)

Prepare: number of updated asset objects reloaded= 0
AssetImportParameters requested are different than current active one (requested -> active):
  custom:container-demuxer-ogg: 62fdf1f143b41e24485cea50d1cbac27 -> 
  custom:video-decoder-ogg-theora: a1e56fd34408186e4bbccfd4996cb3dc -> 
  custom:CustomObjectIndexerAttribute: 9a22284fe3817be447336de3de66b15e -> 
  custom:container-demuxer-webm: 4f35f7cbe854078d1ac9338744f61a02 -> 
  custom:container-muxer-webm: aa71ff27fc2769a1b78a27578f13a17b -> 
  custom:video-decoder-webm-vp8: 9c59270c3fd7afecdb556c50c9e8de78 -> 
  custom:SearchIndexIgnoredProperties: e643bd26f0fe6173181afceb89e7c659 -> 
  custom:AudioImporter_EditorPlatform: 3918e3fc78b5a79bad01e8451be0beb8 -> 
  custom:framework-osx-AVFoundation: e770b220cccbd017edd2c1fefb359320 -> 
  custom:video-encoder-webm-vp8: eb34c28f22e8b96e1ab97ce403110664 -> 
  custom:audio-decoder-ogg-vorbis: bf7c407c2cedff20999df2af8eb42d56 -> 
  custom:audio-encoder-webm-vorbis: bf7c407c2cedff20999df2af8eb42d56 -> 
  custom:scripting/precompiled-assembly-types:Assembly-CSharp: f23c448bca5f3fcce443bead16036a5f -> cd2bb9437acc37684b6413b74e80fa56
  custom:scripting/monoscript/fileName/ChopProgressBar.cs: 231b153a21cab90e5ff5b29fd1719d23 -> 
========================================================================
Received Import Request.
  Time since last request: 26.589267 seconds.
  path: Assets/Scripts/ChopProgressBar.cs
  artifactKey: Guid(b790a9f60f15a409ba103844d1e6772b) Importer(815301076,1909f56bfc062723c751e8b465ee728b)
Start importing Assets/Scripts/ChopProgressBar.cs using Guid(b790a9f60f15a409ba103844d1e6772b) Importer(815301076,1909f56bfc062723c751e8b465ee728b) [PhysX] Initialized MultithreadedTaskDispatcher with 12 workers.
 -> (artifact id: 'adf3f86b111fe3912abe814194b968eb') in 0.000796 seconds
Number of updated asset objects reloaded before import = 0
Number of asset objects unloaded after import = 0
========================================================================
Received Prepare
Caller must complete domain reload
Begin MonoManager ReloadAssembly
Thread 0x16ddff000 may have been prematurely finalized
- Loaded All Assemblies, in  0.166 seconds
Native extension for Android target not found
Native extension for OSXStandalone target not found
Mono: successfully reloaded assembly
- Finished resetting the current domain, in  0.325 seconds
Domain Reload Profiling: 491ms
	BeginReloadAssembly (58ms)
		ExecutionOrderSort (0ms)
		DisableScriptedObjects (2ms)
		BackupInstance (0ms)
		ReleaseScriptingObjects (0ms)
		CreateAndSetChildDomain (19ms)
	RebuildCommonClasses (16ms)
	RebuildNativeTypeToScriptingClass (5ms)
	initialDomainReloadingComplete (9ms)
	LoadAllAssembliesAndSetupDomain (77ms)
		LoadAssemblies (80ms)
		RebuildTransferFunctionScriptingTraits (0ms)
		AnalyzeDomain (15ms)
			TypeCache.Refresh (5ms)
				TypeCache.ScanAssembly (0ms)
			ScanForSourceGeneratedMonoScriptInfo (6ms)
			ResolveRequiredComponents (3ms)
	FinalizeReload (325ms)
		ReleaseScriptCaches (0ms)
		RebuildScriptCaches (0ms)
		SetupLoadedEditorAssemblies (197ms)
			LogAssemblyErrors (0ms)
			InitializePlatformSupportModulesInManaged (6ms)
			SetLoadedEditorAssemblies (2ms)
			RefreshPlugins (0ms)
			BeforeProcessingInitializeOnLoad (22ms)
			ProcessInitializeOnLoadAttributes (160ms)
			ProcessInitializeOnLoadMethodAttributes (7ms)
			AfterProcessingInitializeOnLoad (0ms)
			EditorAssembliesLoaded (0ms)
		ExecutionOrderSort2 (0ms)
		AwakeInstancesAfterBackupRestoration (1ms)
Refreshing native plugins compatible for Editor in 0.55 ms, found 2 plugins.
Preloading 0 native plugins for Editor in 0.00 ms.
Unloading 3514 Unused Serialized files (Serialized files now loaded: 0)
Unloading 14 unused Assets / (28.6 KB). Loaded Objects now: 4040.
Memory consumption went from 170.7 MB to 170.7 MB.
Total: 1.705541 ms (FindLiveObjects: 0.109583 ms CreateObjectMapping: 0.031125 ms MarkObjects: 1.540125 ms  DeleteObjects: 0.024333 ms)

Prepare: number of updated asset objects reloaded= 0
AssetImportParameters requested are different than current active one (requested -> active):
  custom:container-demuxer-ogg: 62fdf1f143b41e24485cea50d1cbac27 -> 
  custom:video-decoder-ogg-theora: a1e56fd34408186e4bbccfd4996cb3dc -> 
  custom:CustomObjectIndexerAttribute: 9a22284fe3817be447336de3de66b15e -> 
  custom:container-demuxer-webm: 4f35f7cbe854078d1ac9338744f61a02 -> 
  custom:container-muxer-webm: aa71ff27fc2769a1b78a27578f13a17b -> 
  custom:video-decoder-webm-vp8: 9c59270c3fd7afecdb556c50c9e8de78 -> 
  custom:SearchIndexIgnoredProperties: e643bd26f0fe6173181afceb89e7c659 -> 
  custom:AudioImporter_EditorPlatform: 3918e3fc78b5a79bad01e8451be0beb8 -> 
  custom:framework-osx-AVFoundation: e770b220cccbd017edd2c1fefb359320 -> 
  custom:video-encoder-webm-vp8: eb34c28f22e8b96e1ab97ce403110664 -> 
  custom:audio-decoder-ogg-vorbis: bf7c407c2cedff20999df2af8eb42d56 -> 
  custom:audio-encoder-webm-vorbis: bf7c407c2cedff20999df2af8eb42d56 -> 
  custom:scripting/precompiled-assembly-types:Assembly-CSharp: 57aad009be4095dd351ead9157b16197 -> cd2bb9437acc37684b6413b74e80fa56
  custom:scripting/monoscript/fileName/ChopProgressBar.cs: 231b153a21cab90e5ff5b29fd1719d23 -> 
========================================================================
Received Prepare
Caller must complete domain reload
Begin MonoManager ReloadAssembly
Thread 0x16ddff000 may have been prematurely finalized
- Loaded All Assemblies, in  0.158 seconds
Native extension for Android target not found
Native extension for OSXStandalone target not found
Mono: successfully reloaded assembly
- Finished resetting the current domain, in  0.333 seconds
Domain Reload Profiling: 491ms
	BeginReloadAssembly (60ms)
		ExecutionOrderSort (0ms)
		DisableScriptedObjects (2ms)
		BackupInstance (0ms)
		ReleaseScriptingObjects (0ms)
		CreateAndSetChildDomain (19ms)
	RebuildCommonClasses (16ms)
	RebuildNativeTypeToScriptingClass (5ms)
	initialDomainReloadingComplete (9ms)
	LoadAllAssembliesAndSetupDomain (68ms)
		LoadAssemblies (80ms)
		RebuildTransferFunctionScriptingTraits (0ms)
		AnalyzeDomain (7ms)
			TypeCache.Refresh (3ms)
				TypeCache.ScanAssembly (0ms)
			ScanForSourceGeneratedMonoScriptInfo (0ms)
			ResolveRequiredComponents (3ms)
	FinalizeReload (333ms)
		ReleaseScriptCaches (0ms)
		RebuildScriptCaches (0ms)
		SetupLoadedEditorAssemblies (206ms)
			LogAssemblyErrors (0ms)
			InitializePlatformSupportModulesInManaged (6ms)
			SetLoadedEditorAssemblies (1ms)
			RefreshPlugins (0ms)
			BeforeProcessingInitializeOnLoad (22ms)
			ProcessInitializeOnLoadAttributes (170ms)
			ProcessInitializeOnLoadMethodAttributes (7ms)
			AfterProcessingInitializeOnLoad (0ms)
			EditorAssembliesLoaded (0ms)
		ExecutionOrderSort2 (0ms)
		AwakeInstancesAfterBackupRestoration (1ms)
Refreshing native plugins compatible for Editor in 0.53 ms, found 2 plugins.
Preloading 0 native plugins for Editor in 0.00 ms.
Unloading 3515 Unused Serialized files (Serialized files now loaded: 0)
Unloading 14 unused Assets / (28.6 KB). Loaded Objects now: 4043.
Memory consumption went from 177.0 MB to 177.0 MB.
Total: 1.685041 ms (FindLiveObjects: 0.087709 ms CreateObjectMapping: 0.026875 ms MarkObjects: 1.544916 ms  DeleteObjects: 0.025208 ms)

Prepare: number of updated asset objects reloaded= 0
AssetImportParameters requested are different than current active one (requested -> active):
  custom:container-demuxer-ogg: 62fdf1f143b41e24485cea50d1cbac27 -> 
  custom:video-decoder-ogg-theora: a1e56fd34408186e4bbccfd4996cb3dc -> 
  custom:CustomObjectIndexerAttribute: 9a22284fe3817be447336de3de66b15e -> 
  custom:container-demuxer-webm: 4f35f7cbe854078d1ac9338744f61a02 -> 
  custom:container-muxer-webm: aa71ff27fc2769a1b78a27578f13a17b -> 
  custom:video-decoder-webm-vp8: 9c59270c3fd7afecdb556c50c9e8de78 -> 
  custom:SearchIndexIgnoredProperties: e643bd26f0fe6173181afceb89e7c659 -> 
  custom:AudioImporter_EditorPlatform: 3918e3fc78b5a79bad01e8451be0beb8 -> 
  custom:framework-osx-AVFoundation: e770b220cccbd017edd2c1fefb359320 -> 
  custom:video-encoder-webm-vp8: eb34c28f22e8b96e1ab97ce403110664 -> 
  custom:audio-decoder-ogg-vorbis: bf7c407c2cedff20999df2af8eb42d56 -> 
  custom:audio-encoder-webm-vorbis: bf7c407c2cedff20999df2af8eb42d56 -> 
  custom:scripting/precompiled-assembly-types:Assembly-CSharp: 57aad009be4095dd351ead9157b16197 -> cd2bb9437acc37684b6413b74e80fa56
  custom:scripting/monoscript/fileName/ChopProgressBar.cs: 231b153a21cab90e5ff5b29fd1719d23 -> 
========================================================================
Received Prepare
Caller must complete domain reload
Begin MonoManager ReloadAssembly
Thread 0x16ddff000 may have been prematurely finalized
- Loaded All Assemblies, in  0.157 seconds
Native extension for Android target not found
Native extension for OSXStandalone target not found
Mono: successfully reloaded assembly
- Finished resetting the current domain, in  0.324 seconds
Domain Reload Profiling: 481ms
	BeginReloadAssembly (59ms)
		ExecutionOrderSort (0ms)
		DisableScriptedObjects (2ms)
		BackupInstance (0ms)
		ReleaseScriptingObjects (0ms)
		CreateAndSetChildDomain (19ms)
	RebuildCommonClasses (16ms)
	RebuildNativeTypeToScriptingClass (5ms)
	initialDomainReloadingComplete (9ms)
	LoadAllAssembliesAndSetupDomain (68ms)
		LoadAssemblies (80ms)
		RebuildTransferFunctionScriptingTraits (0ms)
		AnalyzeDomain (7ms)
			TypeCache.Refresh (3ms)
				TypeCache.ScanAssembly (0ms)
			ScanForSourceGeneratedMonoScriptInfo (0ms)
			ResolveRequiredComponents (3ms)
	FinalizeReload (324ms)
		ReleaseScriptCaches (0ms)
		RebuildScriptCaches (0ms)
		SetupLoadedEditorAssemblies (207ms)
			LogAssemblyErrors (0ms)
			InitializePlatformSupportModulesInManaged (6ms)
			SetLoadedEditorAssemblies (1ms)
			RefreshPlugins (0ms)
			BeforeProcessingInitializeOnLoad (23ms)
			ProcessInitializeOnLoadAttributes (170ms)
			ProcessInitializeOnLoadMethodAttributes (7ms)
			AfterProcessingInitializeOnLoad (0ms)
			EditorAssembliesLoaded (0ms)
		ExecutionOrderSort2 (0ms)
		AwakeInstancesAfterBackupRestoration (1ms)
Refreshing native plugins compatible for Editor in 0.53 ms, found 2 plugins.
Preloading 0 native plugins for Editor in 0.00 ms.
Unloading 3515 Unused Serialized files (Serialized files now loaded: 0)
Unloading 14 unused Assets / (28.6 KB). Loaded Objects now: 4046.
Memory consumption went from 183.0 MB to 182.9 MB.
Total: 1.625208 ms (FindLiveObjects: 0.090833 ms CreateObjectMapping: 0.026042 ms MarkObjects: 1.482500 ms  DeleteObjects: 0.025500 ms)

Prepare: number of updated asset objects reloaded= 0
AssetImportParameters requested are different than current active one (requested -> active):
  custom:container-demuxer-ogg: 62fdf1f143b41e24485cea50d1cbac27 -> 
  custom:video-decoder-ogg-theora: a1e56fd34408186e4bbccfd4996cb3dc -> 
  custom:CustomObjectIndexerAttribute: 9a22284fe3817be447336de3de66b15e -> 
  custom:container-demuxer-webm: 4f35f7cbe854078d1ac9338744f61a02 -> 
  custom:container-muxer-webm: aa71ff27fc2769a1b78a27578f13a17b -> 
  custom:video-decoder-webm-vp8: 9c59270c3fd7afecdb556c50c9e8de78 -> 
  custom:SearchIndexIgnoredProperties: e643bd26f0fe6173181afceb89e7c659 -> 
  custom:AudioImporter_EditorPlatform: 3918e3fc78b5a79bad01e8451be0beb8 -> 
  custom:framework-osx-AVFoundation: e770b220cccbd017edd2c1fefb359320 -> 
  custom:video-encoder-webm-vp8: eb34c28f22e8b96e1ab97ce403110664 -> 
  custom:audio-decoder-ogg-vorbis: bf7c407c2cedff20999df2af8eb42d56 -> 
  custom:audio-encoder-webm-vorbis: bf7c407c2cedff20999df2af8eb42d56 -> 
  custom:scripting/precompiled-assembly-types:Assembly-CSharp: 57aad009be4095dd351ead9157b16197 -> cd2bb9437acc37684b6413b74e80fa56
  custom:scripting/monoscript/fileName/ChopProgressBar.cs: 231b153a21cab90e5ff5b29fd1719d23 -> 
========================================================================
Received Prepare
Caller must complete domain reload
Begin MonoManager ReloadAssembly
Thread 0x16ddff000 may have been prematurely finalized
- Loaded All Assemblies, in  0.166 seconds
Native extension for Android target not found
Native extension for OSXStandalone target not found
Mono: successfully reloaded assembly
- Finished resetting the current domain, in  0.315 seconds
Domain Reload Profiling: 481ms
	BeginReloadAssembly (58ms)
		ExecutionOrderSort (0ms)
		DisableScriptedObjects (2ms)
		BackupInstance (0ms)
		ReleaseScriptingObjects (0ms)
		CreateAndSetChildDomain (18ms)
	RebuildCommonClasses (16ms)
	RebuildNativeTypeToScriptingClass (5ms)
	initialDomainReloadingComplete (9ms)
	LoadAllAssembliesAndSetupDomain (77ms)
		LoadAssemblies (82ms)
		RebuildTransferFunctionScriptingTraits (0ms)
		AnalyzeDomain (14ms)
			TypeCache.Refresh (5ms)
				TypeCache.ScanAssembly (0ms)
			ScanForSourceGeneratedMonoScriptInfo (6ms)
			ResolveRequiredComponents (3ms)
	FinalizeReload (315ms)
		ReleaseScriptCaches (0ms)
		RebuildScriptCaches (0ms)
		SetupLoadedEditorAssemblies (191ms)
			LogAssemblyErrors (0ms)
			InitializePlatformSupportModulesInManaged (6ms)
			SetLoadedEditorAssemblies (2ms)
			RefreshPlugins (0ms)
			BeforeProcessingInitializeOnLoad (21ms)
			ProcessInitializeOnLoadAttributes (156ms)
			ProcessInitializeOnLoadMethodAttributes (7ms)
			AfterProcessingInitializeOnLoad (0ms)
			EditorAssembliesLoaded (0ms)
		ExecutionOrderSort2 (0ms)
		AwakeInstancesAfterBackupRestoration (2ms)
Refreshing native plugins compatible for Editor in 0.47 ms, found 2 plugins.
Preloading 0 native plugins for Editor in 0.00 ms.
Unloading 3515 Unused Serialized files (Serialized files now loaded: 0)
Unloading 14 unused Assets / (28.6 KB). Loaded Objects now: 4049.
Memory consumption went from 189.0 MB to 188.9 MB.
Total: 1.719375 ms (FindLiveObjects: 0.106250 ms CreateObjectMapping: 0.026792 ms MarkObjects: 1.562417 ms  DeleteObjects: 0.023375 ms)

Prepare: number of updated asset objects reloaded= 0
AssetImportParameters requested are different than current active one (requested -> active):
  custom:container-demuxer-ogg: 62fdf1f143b41e24485cea50d1cbac27 -> 
  custom:video-decoder-ogg-theora: a1e56fd34408186e4bbccfd4996cb3dc -> 
  custom:CustomObjectIndexerAttribute: 9a22284fe3817be447336de3de66b15e -> 
  custom:container-demuxer-webm: 4f35f7cbe854078d1ac9338744f61a02 -> 
  custom:container-muxer-webm: aa71ff27fc2769a1b78a27578f13a17b -> 
  custom:video-decoder-webm-vp8: 9c59270c3fd7afecdb556c50c9e8de78 -> 
  custom:SearchIndexIgnoredProperties: e643bd26f0fe6173181afceb89e7c659 -> 
  custom:AudioImporter_EditorPlatform: 3918e3fc78b5a79bad01e8451be0beb8 -> 
  custom:framework-osx-AVFoundation: e770b220cccbd017edd2c1fefb359320 -> 
  custom:video-encoder-webm-vp8: eb34c28f22e8b96e1ab97ce403110664 -> 
  custom:audio-decoder-ogg-vorbis: bf7c407c2cedff20999df2af8eb42d56 -> 
  custom:audio-encoder-webm-vorbis: bf7c407c2cedff20999df2af8eb42d56 -> 
  custom:scripting/precompiled-assembly-types:Assembly-CSharp: 57aad009be4095dd351ead9157b16197 -> cd2bb9437acc37684b6413b74e80fa56
  custom:scripting/monoscript/fileName/ChopProgressBar.cs: 231b153a21cab90e5ff5b29fd1719d23 -> 
========================================================================
Received Prepare
Caller must complete domain reload
Begin MonoManager ReloadAssembly
Thread 0x16ddff000 may have been prematurely finalized
- Loaded All Assemblies, in  0.162 seconds
Native extension for Android target not found
Native extension for OSXStandalone target not found
Mono: successfully reloaded assembly
- Finished resetting the current domain, in  0.322 seconds
Domain Reload Profiling: 484ms
	BeginReloadAssembly (62ms)
		ExecutionOrderSort (0ms)
		DisableScriptedObjects (2ms)
		BackupInstance (0ms)
		ReleaseScriptingObjects (0ms)
		CreateAndSetChildDomain (20ms)
	RebuildCommonClasses (16ms)
	RebuildNativeTypeToScriptingClass (5ms)
	initialDomainReloadingComplete (9ms)
	LoadAllAssembliesAndSetupDomain (70ms)
		LoadAssemblies (84ms)
		RebuildTransferFunctionScriptingTraits (0ms)
		AnalyzeDomain (7ms)
			TypeCache.Refresh (4ms)
				TypeCache.ScanAssembly (0ms)
			ScanForSourceGeneratedMonoScriptInfo (0ms)
			ResolveRequiredComponents (3ms)
	FinalizeReload (322ms)
		ReleaseScriptCaches (0ms)
		RebuildScriptCaches (0ms)
		SetupLoadedEditorAssemblies (208ms)
			LogAssemblyErrors (0ms)
			InitializePlatformSupportModulesInManaged (6ms)
			SetLoadedEditorAssemblies (1ms)
			RefreshPlugins (0ms)
			BeforeProcessingInitializeOnLoad (22ms)
			ProcessInitializeOnLoadAttributes (171ms)
			ProcessInitializeOnLoadMethodAttributes (7ms)
			AfterProcessingInitializeOnLoad (0ms)
			EditorAssembliesLoaded (0ms)
		ExecutionOrderSort2 (0ms)
		AwakeInstancesAfterBackupRestoration (1ms)
Refreshing native plugins compatible for Editor in 0.51 ms, found 2 plugins.
Preloading 0 native plugins for Editor in 0.00 ms.
Unloading 3515 Unused Serialized files (Serialized files now loaded: 0)
Unloading 14 unused Assets / (28.7 KB). Loaded Objects now: 4052.
Memory consumption went from 194.9 MB to 194.9 MB.
Total: 1.613333 ms (FindLiveObjects: 0.085667 ms CreateObjectMapping: 0.027083 ms MarkObjects: 1.473084 ms  DeleteObjects: 0.027125 ms)

Prepare: number of updated asset objects reloaded= 0
AssetImportParameters requested are different than current active one (requested -> active):
  custom:container-demuxer-ogg: 62fdf1f143b41e24485cea50d1cbac27 -> 
  custom:video-decoder-ogg-theora: a1e56fd34408186e4bbccfd4996cb3dc -> 
  custom:CustomObjectIndexerAttribute: 9a22284fe3817be447336de3de66b15e -> 
  custom:container-demuxer-webm: 4f35f7cbe854078d1ac9338744f61a02 -> 
  custom:container-muxer-webm: aa71ff27fc2769a1b78a27578f13a17b -> 
  custom:video-decoder-webm-vp8: 9c59270c3fd7afecdb556c50c9e8de78 -> 
  custom:SearchIndexIgnoredProperties: e643bd26f0fe6173181afceb89e7c659 -> 
  custom:AudioImporter_EditorPlatform: 3918e3fc78b5a79bad01e8451be0beb8 -> 
  custom:framework-osx-AVFoundation: e770b220cccbd017edd2c1fefb359320 -> 
  custom:video-encoder-webm-vp8: eb34c28f22e8b96e1ab97ce403110664 -> 
  custom:audio-decoder-ogg-vorbis: bf7c407c2cedff20999df2af8eb42d56 -> 
  custom:audio-encoder-webm-vorbis: bf7c407c2cedff20999df2af8eb42d56 -> 
  custom:scripting/precompiled-assembly-types:Assembly-CSharp: 57aad009be4095dd351ead9157b16197 -> cd2bb9437acc37684b6413b74e80fa56
  custom:scripting/monoscript/fileName/ChopProgressBar.cs: 231b153a21cab90e5ff5b29fd1719d23 -> 
========================================================================
Received Prepare
Caller must complete domain reload
Begin MonoManager ReloadAssembly
Thread 0x16ddff000 may have been prematurely finalized
- Loaded All Assemblies, in  0.169 seconds
Native extension for Android target not found
Native extension for OSXStandalone target not found
Mono: successfully reloaded assembly
- Finished resetting the current domain, in  0.322 seconds
Domain Reload Profiling: 490ms
	BeginReloadAssembly (61ms)
		ExecutionOrderSort (0ms)
		DisableScriptedObjects (2ms)
		BackupInstance (0ms)
		ReleaseScriptingObjects (0ms)
		CreateAndSetChildDomain (19ms)
	RebuildCommonClasses (16ms)
	RebuildNativeTypeToScriptingClass (5ms)
	initialDomainReloadingComplete (9ms)
	LoadAllAssembliesAndSetupDomain (77ms)
		LoadAssemblies (83ms)
		RebuildTransferFunctionScriptingTraits (0ms)
		AnalyzeDomain (14ms)
			TypeCache.Refresh (5ms)
				TypeCache.ScanAssembly (0ms)
			ScanForSourceGeneratedMonoScriptInfo (7ms)
			ResolveRequiredComponents (3ms)
	FinalizeReload (322ms)
		ReleaseScriptCaches (0ms)
		RebuildScriptCaches (0ms)
		SetupLoadedEditorAssemblies (195ms)
			LogAssemblyErrors (0ms)
			InitializePlatformSupportModulesInManaged (6ms)
			SetLoadedEditorAssemblies (1ms)
			RefreshPlugins (0ms)
			BeforeProcessingInitializeOnLoad (22ms)
			ProcessInitializeOnLoadAttributes (159ms)
			ProcessInitializeOnLoadMethodAttributes (7ms)
			AfterProcessingInitializeOnLoad (0ms)
			EditorAssembliesLoaded (0ms)
		ExecutionOrderSort2 (0ms)
		AwakeInstancesAfterBackupRestoration (1ms)
Refreshing native plugins compatible for Editor in 0.49 ms, found 2 plugins.
Preloading 0 native plugins for Editor in 0.00 ms.
Unloading 3515 Unused Serialized files (Serialized files now loaded: 0)
Unloading 14 unused Assets / (28.6 KB). Loaded Objects now: 4055.
Memory consumption went from 200.9 MB to 200.9 MB.
Total: 1.778583 ms (FindLiveObjects: 0.097916 ms CreateObjectMapping: 0.029750 ms MarkObjects: 1.628125 ms  DeleteObjects: 0.022208 ms)

Prepare: number of updated asset objects reloaded= 0
AssetImportParameters requested are different than current active one (requested -> active):
  custom:container-demuxer-ogg: 62fdf1f143b41e24485cea50d1cbac27 -> 
  custom:video-decoder-ogg-theora: a1e56fd34408186e4bbccfd4996cb3dc -> 
  custom:CustomObjectIndexerAttribute: 9a22284fe3817be447336de3de66b15e -> 
  custom:container-demuxer-webm: 4f35f7cbe854078d1ac9338744f61a02 -> 
  custom:container-muxer-webm: aa71ff27fc2769a1b78a27578f13a17b -> 
  custom:video-decoder-webm-vp8: 9c59270c3fd7afecdb556c50c9e8de78 -> 
  custom:SearchIndexIgnoredProperties: e643bd26f0fe6173181afceb89e7c659 -> 
  custom:AudioImporter_EditorPlatform: 3918e3fc78b5a79bad01e8451be0beb8 -> 
  custom:framework-osx-AVFoundation: e770b220cccbd017edd2c1fefb359320 -> 
  custom:video-encoder-webm-vp8: eb34c28f22e8b96e1ab97ce403110664 -> 
  custom:audio-decoder-ogg-vorbis: bf7c407c2cedff20999df2af8eb42d56 -> 
  custom:audio-encoder-webm-vorbis: bf7c407c2cedff20999df2af8eb42d56 -> 
  custom:scripting/precompiled-assembly-types:Assembly-CSharp: 57aad009be4095dd351ead9157b16197 -> cd2bb9437acc37684b6413b74e80fa56
  custom:scripting/monoscript/fileName/ChopProgressBar.cs: 231b153a21cab90e5ff5b29fd1719d23 -> 
========================================================================
Received Prepare
Caller must complete domain reload
Begin MonoManager ReloadAssembly
Thread 0x16ddff000 may have been prematurely finalized
- Loaded All Assemblies, in  0.168 seconds
Native extension for Android target not found
Native extension for OSXStandalone target not found
Mono: successfully reloaded assembly
- Finished resetting the current domain, in  0.318 seconds
Domain Reload Profiling: 486ms
	BeginReloadAssembly (60ms)
		ExecutionOrderSort (0ms)
		DisableScriptedObjects (2ms)
		BackupInstance (0ms)
		ReleaseScriptingObjects (0ms)
		CreateAndSetChildDomain (19ms)
	RebuildCommonClasses (17ms)
	RebuildNativeTypeToScriptingClass (5ms)
	initialDomainReloadingComplete (9ms)
	LoadAllAssembliesAndSetupDomain (76ms)
		LoadAssemblies (82ms)
		RebuildTransferFunctionScriptingTraits (0ms)
		AnalyzeDomain (14ms)
			TypeCache.Refresh (5ms)
				TypeCache.ScanAssembly (0ms)
			ScanForSourceGeneratedMonoScriptInfo (6ms)
			ResolveRequiredComponents (3ms)
	FinalizeReload (318ms)
		ReleaseScriptCaches (0ms)
		RebuildScriptCaches (0ms)
		SetupLoadedEditorAssemblies (188ms)
			LogAssemblyErrors (0ms)
			InitializePlatformSupportModulesInManaged (5ms)
			SetLoadedEditorAssemblies (1ms)
			RefreshPlugins (0ms)
			BeforeProcessingInitializeOnLoad (20ms)
			ProcessInitializeOnLoadAttributes (154ms)
			ProcessInitializeOnLoadMethodAttributes (7ms)
			AfterProcessingInitializeOnLoad (0ms)
			EditorAssembliesLoaded (0ms)
		ExecutionOrderSort2 (0ms)
		AwakeInstancesAfterBackupRestoration (1ms)
Refreshing native plugins compatible for Editor in 0.47 ms, found 2 plugins.
Preloading 0 native plugins for Editor in 0.00 ms.
Unloading 3515 Unused Serialized files (Serialized files now loaded: 0)
Unloading 14 unused Assets / (28.6 KB). Loaded Objects now: 4058.
Memory consumption went from 206.9 MB to 206.9 MB.
Total: 1.822792 ms (FindLiveObjects: 0.098708 ms CreateObjectMapping: 0.030917 ms MarkObjects: 1.665625 ms  DeleteObjects: 0.026875 ms)

Prepare: number of updated asset objects reloaded= 0
AssetImportParameters requested are different than current active one (requested -> active):
  custom:container-demuxer-ogg: 62fdf1f143b41e24485cea50d1cbac27 -> 
  custom:video-decoder-ogg-theora: a1e56fd34408186e4bbccfd4996cb3dc -> 
  custom:CustomObjectIndexerAttribute: 9a22284fe3817be447336de3de66b15e -> 
  custom:container-demuxer-webm: 4f35f7cbe854078d1ac9338744f61a02 -> 
  custom:container-muxer-webm: aa71ff27fc2769a1b78a27578f13a17b -> 
  custom:video-decoder-webm-vp8: 9c59270c3fd7afecdb556c50c9e8de78 -> 
  custom:SearchIndexIgnoredProperties: e643bd26f0fe6173181afceb89e7c659 -> 
  custom:AudioImporter_EditorPlatform: 3918e3fc78b5a79bad01e8451be0beb8 -> 
  custom:framework-osx-AVFoundation: e770b220cccbd017edd2c1fefb359320 -> 
  custom:video-encoder-webm-vp8: eb34c28f22e8b96e1ab97ce403110664 -> 
  custom:audio-decoder-ogg-vorbis: bf7c407c2cedff20999df2af8eb42d56 -> 
  custom:audio-encoder-webm-vorbis: bf7c407c2cedff20999df2af8eb42d56 -> 
  custom:scripting/precompiled-assembly-types:Assembly-CSharp: 57aad009be4095dd351ead9157b16197 -> cd2bb9437acc37684b6413b74e80fa56
  custom:scripting/monoscript/fileName/ChopProgressBar.cs: 231b153a21cab90e5ff5b29fd1719d23 -> 
========================================================================
Received Prepare
Caller must complete domain reload
Begin MonoManager ReloadAssembly
Thread 0x16ddff000 may have been prematurely finalized
- Loaded All Assemblies, in  0.165 seconds
Native extension for Android target not found
Native extension for OSXStandalone target not found
Mono: successfully reloaded assembly
- Finished resetting the current domain, in  0.315 seconds
Domain Reload Profiling: 480ms
	BeginReloadAssembly (60ms)
		ExecutionOrderSort (0ms)
		DisableScriptedObjects (2ms)
		BackupInstance (0ms)
		ReleaseScriptingObjects (0ms)
		CreateAndSetChildDomain (19ms)
	RebuildCommonClasses (16ms)
	RebuildNativeTypeToScriptingClass (5ms)
	initialDomainReloadingComplete (9ms)
	LoadAllAssembliesAndSetupDomain (75ms)
		LoadAssemblies (80ms)
		RebuildTransferFunctionScriptingTraits (0ms)
		AnalyzeDomain (14ms)
			TypeCache.Refresh (5ms)
				TypeCache.ScanAssembly (0ms)
			ScanForSourceGeneratedMonoScriptInfo (6ms)
			ResolveRequiredComponents (3ms)
	FinalizeReload (315ms)
		ReleaseScriptCaches (0ms)
		RebuildScriptCaches (0ms)
		SetupLoadedEditorAssemblies (190ms)
			LogAssemblyErrors (0ms)
			InitializePlatformSupportModulesInManaged (6ms)
			SetLoadedEditorAssemblies (1ms)
			RefreshPlugins (0ms)
			BeforeProcessingInitializeOnLoad (21ms)
			ProcessInitializeOnLoadAttributes (155ms)
			ProcessInitializeOnLoadMethodAttributes (7ms)
			AfterProcessingInitializeOnLoad (0ms)
			EditorAssembliesLoaded (0ms)
		ExecutionOrderSort2 (0ms)
		AwakeInstancesAfterBackupRestoration (1ms)
Refreshing native plugins compatible for Editor in 0.46 ms, found 2 plugins.
Preloading 0 native plugins for Editor in 0.00 ms.
Unloading 3515 Unused Serialized files (Serialized files now loaded: 0)
Unloading 14 unused Assets / (28.6 KB). Loaded Objects now: 4061.
Memory consumption went from 212.9 MB to 212.9 MB.
Total: 1.746042 ms (FindLiveObjects: 0.095500 ms CreateObjectMapping: 0.029375 ms MarkObjects: 1.595041 ms  DeleteObjects: 0.025500 ms)

Prepare: number of updated asset objects reloaded= 0
AssetImportParameters requested are different than current active one (requested -> active):
  custom:container-demuxer-ogg: 62fdf1f143b41e24485cea50d1cbac27 -> 
  custom:video-decoder-ogg-theora: a1e56fd34408186e4bbccfd4996cb3dc -> 
  custom:CustomObjectIndexerAttribute: 9a22284fe3817be447336de3de66b15e -> 
  custom:container-demuxer-webm: 4f35f7cbe854078d1ac9338744f61a02 -> 
  custom:container-muxer-webm: aa71ff27fc2769a1b78a27578f13a17b -> 
  custom:scripting/monoscript/fileName/ClearCounter.cs: 5d0fbef6c2002d969e99320db672c5b6 -> 733019e1f683a3c33c1b0f446554f075
  custom:video-decoder-webm-vp8: 9c59270c3fd7afecdb556c50c9e8de78 -> 
  custom:SearchIndexIgnoredProperties: e643bd26f0fe6173181afceb89e7c659 -> 
  custom:AudioImporter_EditorPlatform: 3918e3fc78b5a79bad01e8451be0beb8 -> 
  custom:framework-osx-AVFoundation: e770b220cccbd017edd2c1fefb359320 -> 
  custom:video-encoder-webm-vp8: eb34c28f22e8b96e1ab97ce403110664 -> 
  custom:audio-decoder-ogg-vorbis: bf7c407c2cedff20999df2af8eb42d56 -> 
  custom:audio-encoder-webm-vorbis: bf7c407c2cedff20999df2af8eb42d56 -> 
  custom:scripting/precompiled-assembly-types:Assembly-CSharp: fc645c7b3281f4f12c92491c327ba6cb -> cd2bb9437acc37684b6413b74e80fa56
  custom:scripting/monoscript/fileName/ChopProgressBar.cs: 231b153a21cab90e5ff5b29fd1719d23 -> 
========================================================================
Received Prepare
Caller must complete domain reload
Begin MonoManager ReloadAssembly
Thread 0x16ddff000 may have been prematurely finalized
- Loaded All Assemblies, in  0.167 seconds
Native extension for Android target not found
Native extension for OSXStandalone target not found
Mono: successfully reloaded assembly
- Finished resetting the current domain, in  0.314 seconds
Domain Reload Profiling: 481ms
	BeginReloadAssembly (59ms)
		ExecutionOrderSort (0ms)
		DisableScriptedObjects (2ms)
		BackupInstance (0ms)
		ReleaseScriptingObjects (0ms)
		CreateAndSetChildDomain (18ms)
	RebuildCommonClasses (16ms)
	RebuildNativeTypeToScriptingClass (5ms)
	initialDomainReloadingComplete (9ms)
	LoadAllAssembliesAndSetupDomain (78ms)
		LoadAssemblies (83ms)
		RebuildTransferFunctionScriptingTraits (0ms)
		AnalyzeDomain (14ms)
			TypeCache.Refresh (5ms)
				TypeCache.ScanAssembly (0ms)
			ScanForSourceGeneratedMonoScriptInfo (6ms)
			ResolveRequiredComponents (3ms)
	FinalizeReload (314ms)
		ReleaseScriptCaches (0ms)
		RebuildScriptCaches (0ms)
		SetupLoadedEditorAssemblies (191ms)
			LogAssemblyErrors (0ms)
			InitializePlatformSupportModulesInManaged (5ms)
			SetLoadedEditorAssemblies (1ms)
			RefreshPlugins (0ms)
			BeforeProcessingInitializeOnLoad (21ms)
			ProcessInitializeOnLoadAttributes (156ms)
			ProcessInitializeOnLoadMethodAttributes (7ms)
			AfterProcessingInitializeOnLoad (0ms)
			EditorAssembliesLoaded (0ms)
		ExecutionOrderSort2 (0ms)
		AwakeInstancesAfterBackupRestoration (1ms)
Refreshing native plugins compatible for Editor in 0.51 ms, found 2 plugins.
Preloading 0 native plugins for Editor in 0.00 ms.
Unloading 3515 Unused Serialized files (Serialized files now loaded: 0)
Unloading 14 unused Assets / (28.6 KB). Loaded Objects now: 4064.
Memory consumption went from 218.9 MB to 218.9 MB.
Total: 1.737000 ms (FindLiveObjects: 0.101667 ms CreateObjectMapping: 0.036833 ms MarkObjects: 1.574667 ms  DeleteObjects: 0.023250 ms)

Prepare: number of updated asset objects reloaded= 0
AssetImportParameters requested are different than current active one (requested -> active):
  custom:container-demuxer-ogg: 62fdf1f143b41e24485cea50d1cbac27 -> 
  custom:video-decoder-ogg-theora: a1e56fd34408186e4bbccfd4996cb3dc -> 
  custom:CustomObjectIndexerAttribute: 9a22284fe3817be447336de3de66b15e -> 
  custom:container-demuxer-webm: 4f35f7cbe854078d1ac9338744f61a02 -> 
  custom:container-muxer-webm: aa71ff27fc2769a1b78a27578f13a17b -> 
  custom:scripting/monoscript/fileName/ClearCounter.cs: 5d0fbef6c2002d969e99320db672c5b6 -> 733019e1f683a3c33c1b0f446554f075
  custom:video-decoder-webm-vp8: 9c59270c3fd7afecdb556c50c9e8de78 -> 
  custom:SearchIndexIgnoredProperties: e643bd26f0fe6173181afceb89e7c659 -> 
  custom:AudioImporter_EditorPlatform: 3918e3fc78b5a79bad01e8451be0beb8 -> 
  custom:scripting/monoscript/fileName/CuttingCounter.cs: ad436e863b5d1be449c3a8adf4798ba8 -> 67b15e47c662030364c26877176af684
  custom:framework-osx-AVFoundation: e770b220cccbd017edd2c1fefb359320 -> 
  custom:video-encoder-webm-vp8: eb34c28f22e8b96e1ab97ce403110664 -> 
  custom:audio-decoder-ogg-vorbis: bf7c407c2cedff20999df2af8eb42d56 -> 
  custom:audio-encoder-webm-vorbis: bf7c407c2cedff20999df2af8eb42d56 -> 
  custom:scripting/precompiled-assembly-types:Assembly-CSharp: b77698dfef9521aa8a348e51d057ad7c -> cd2bb9437acc37684b6413b74e80fa56
  custom:scripting/monoscript/fileName/ChopProgressBar.cs: 231b153a21cab90e5ff5b29fd1719d23 -> 
========================================================================
Received Prepare
Caller must complete domain reload
Begin MonoManager ReloadAssembly
Thread 0x16ddff000 may have been prematurely finalized
- Loaded All Assemblies, in  0.167 seconds
Native extension for Android target not found
Native extension for OSXStandalone target not found
Mono: successfully reloaded assembly
- Finished resetting the current domain, in  0.310 seconds
Domain Reload Profiling: 477ms
	BeginReloadAssembly (60ms)
		ExecutionOrderSort (0ms)
		DisableScriptedObjects (2ms)
		BackupInstance (0ms)
		ReleaseScriptingObjects (0ms)
		CreateAndSetChildDomain (19ms)
	RebuildCommonClasses (16ms)
	RebuildNativeTypeToScriptingClass (5ms)
	initialDomainReloadingComplete (9ms)
	LoadAllAssembliesAndSetupDomain (77ms)
		LoadAssemblies (82ms)
		RebuildTransferFunctionScriptingTraits (0ms)
		AnalyzeDomain (14ms)
			TypeCache.Refresh (5ms)
				TypeCache.ScanAssembly (0ms)
			ScanForSourceGeneratedMonoScriptInfo (7ms)
			ResolveRequiredComponents (3ms)
	FinalizeReload (310ms)
		ReleaseScriptCaches (0ms)
		RebuildScriptCaches (0ms)
		SetupLoadedEditorAssemblies (190ms)
			LogAssemblyErrors (0ms)
			InitializePlatformSupportModulesInManaged (6ms)
			SetLoadedEditorAssemblies (1ms)
			RefreshPlugins (0ms)
			BeforeProcessingInitializeOnLoad (21ms)
			ProcessInitializeOnLoadAttributes (155ms)
			ProcessInitializeOnLoadMethodAttributes (7ms)
			AfterProcessingInitializeOnLoad (0ms)
			EditorAssembliesLoaded (0ms)
		ExecutionOrderSort2 (0ms)
		AwakeInstancesAfterBackupRestoration (2ms)
Refreshing native plugins compatible for Editor in 0.50 ms, found 2 plugins.
Preloading 0 native plugins for Editor in 0.00 ms.
Unloading 3515 Unused Serialized files (Serialized files now loaded: 0)
Unloading 14 unused Assets / (28.6 KB). Loaded Objects now: 4067.
Memory consumption went from 224.9 MB to 224.8 MB.
Total: 1.696250 ms (FindLiveObjects: 0.095042 ms CreateObjectMapping: 0.031125 ms MarkObjects: 1.547083 ms  DeleteObjects: 0.022417 ms)

Prepare: number of updated asset objects reloaded= 0
AssetImportParameters requested are different than current active one (requested -> active):
  custom:container-demuxer-ogg: 62fdf1f143b41e24485cea50d1cbac27 -> 
  custom:video-decoder-ogg-theora: a1e56fd34408186e4bbccfd4996cb3dc -> 
  custom:CustomObjectIndexerAttribute: 9a22284fe3817be447336de3de66b15e -> 
  custom:container-demuxer-webm: 4f35f7cbe854078d1ac9338744f61a02 -> 
  custom:container-muxer-webm: aa71ff27fc2769a1b78a27578f13a17b -> 
  custom:scripting/monoscript/fileName/ClearCounter.cs: 5d0fbef6c2002d969e99320db672c5b6 -> 733019e1f683a3c33c1b0f446554f075
  custom:video-decoder-webm-vp8: 9c59270c3fd7afecdb556c50c9e8de78 -> 
  custom:SearchIndexIgnoredProperties: e643bd26f0fe6173181afceb89e7c659 -> 
  custom:AudioImporter_EditorPlatform: 3918e3fc78b5a79bad01e8451be0beb8 -> 
  custom:scripting/monoscript/fileName/CuttingCounter.cs: ad436e863b5d1be449c3a8adf4798ba8 -> 67b15e47c662030364c26877176af684
  custom:framework-osx-AVFoundation: e770b220cccbd017edd2c1fefb359320 -> 
  custom:scripting/monoscript/fileName/Fridge.cs: b903be7b317b737ad27e8a16c7f30f06 -> dd8c4daa899428dcafacf02625ba4447
  custom:video-encoder-webm-vp8: eb34c28f22e8b96e1ab97ce403110664 -> 
  custom:audio-decoder-ogg-vorbis: bf7c407c2cedff20999df2af8eb42d56 -> 
  custom:audio-encoder-webm-vorbis: bf7c407c2cedff20999df2af8eb42d56 -> 
  custom:scripting/precompiled-assembly-types:Assembly-CSharp: 10e57a6aa3a4911ed692eef2d94b6a49 -> cd2bb9437acc37684b6413b74e80fa56
  custom:scripting/monoscript/fileName/ChopProgressBar.cs: 231b153a21cab90e5ff5b29fd1719d23 -> 
========================================================================
Received Prepare
Caller must complete domain reload
Begin MonoManager ReloadAssembly
Thread 0x16ddff000 may have been prematurely finalized
- Loaded All Assemblies, in  0.170 seconds
Native extension for Android target not found
Native extension for OSXStandalone target not found
Mono: successfully reloaded assembly
- Finished resetting the current domain, in  0.306 seconds
Domain Reload Profiling: 476ms
	BeginReloadAssembly (61ms)
		ExecutionOrderSort (0ms)
		DisableScriptedObjects (2ms)
		BackupInstance (0ms)
		ReleaseScriptingObjects (0ms)
		CreateAndSetChildDomain (20ms)
	RebuildCommonClasses (16ms)
	RebuildNativeTypeToScriptingClass (5ms)
	initialDomainReloadingComplete (9ms)
	LoadAllAssembliesAndSetupDomain (78ms)
		LoadAssemblies (83ms)
		RebuildTransferFunctionScriptingTraits (0ms)
		AnalyzeDomain (15ms)
			TypeCache.Refresh (5ms)
				TypeCache.ScanAssembly (0ms)
			ScanForSourceGeneratedMonoScriptInfo (7ms)
			ResolveRequiredComponents (3ms)
	FinalizeReload (307ms)
		ReleaseScriptCaches (0ms)
		RebuildScriptCaches (0ms)
		SetupLoadedEditorAssemblies (191ms)
			LogAssemblyErrors (0ms)
			InitializePlatformSupportModulesInManaged (6ms)
			SetLoadedEditorAssemblies (1ms)
			RefreshPlugins (0ms)
			BeforeProcessingInitializeOnLoad (21ms)
			ProcessInitializeOnLoadAttributes (156ms)
			ProcessInitializeOnLoadMethodAttributes (7ms)
			AfterProcessingInitializeOnLoad (0ms)
			EditorAssembliesLoaded (0ms)
		ExecutionOrderSort2 (0ms)
		AwakeInstancesAfterBackupRestoration (1ms)
Refreshing native plugins compatible for Editor in 0.50 ms, found 2 plugins.
Preloading 0 native plugins for Editor in 0.00 ms.
Unloading 3515 Unused Serialized files (Serialized files now loaded: 0)
Unloading 14 unused Assets / (28.6 KB). Loaded Objects now: 4070.
Memory consumption went from 230.9 MB to 230.8 MB.
Total: 1.791291 ms (FindLiveObjects: 0.105584 ms CreateObjectMapping: 0.030625 ms MarkObjects: 1.629458 ms  DeleteObjects: 0.025208 ms)

Prepare: number of updated asset objects reloaded= 0
AssetImportParameters requested are different than current active one (requested -> active):
  custom:container-demuxer-ogg: 62fdf1f143b41e24485cea50d1cbac27 -> 
  custom:video-decoder-ogg-theora: a1e56fd34408186e4bbccfd4996cb3dc -> 
  custom:CustomObjectIndexerAttribute: 9a22284fe3817be447336de3de66b15e -> 
  custom:container-demuxer-webm: 4f35f7cbe854078d1ac9338744f61a02 -> 
  custom:container-muxer-webm: aa71ff27fc2769a1b78a27578f13a17b -> 
  custom:scripting/monoscript/fileName/ClearCounter.cs: 5d0fbef6c2002d969e99320db672c5b6 -> 733019e1f683a3c33c1b0f446554f075
  custom:video-decoder-webm-vp8: 9c59270c3fd7afecdb556c50c9e8de78 -> 
  custom:SearchIndexIgnoredProperties: e643bd26f0fe6173181afceb89e7c659 -> 
  custom:AudioImporter_EditorPlatform: 3918e3fc78b5a79bad01e8451be0beb8 -> 
  custom:scripting/monoscript/fileName/CuttingCounter.cs: ad436e863b5d1be449c3a8adf4798ba8 -> 67b15e47c662030364c26877176af684
  custom:framework-osx-AVFoundation: e770b220cccbd017edd2c1fefb359320 -> 
  custom:scripting/monoscript/fileName/Fridge.cs: b903be7b317b737ad27e8a16c7f30f06 -> dd8c4daa899428dcafacf02625ba4447
  custom:video-encoder-webm-vp8: eb34c28f22e8b96e1ab97ce403110664 -> 
  custom:audio-decoder-ogg-vorbis: bf7c407c2cedff20999df2af8eb42d56 -> 
  custom:scripting/monoscript/fileName/BaseCounter.cs: cd6051b4b8cec3afd16185ce25b1a1f0 -> 8a8847f959b2c1c10c3f4716ae577bf0
  custom:audio-encoder-webm-vorbis: bf7c407c2cedff20999df2af8eb42d56 -> 
  custom:scripting/precompiled-assembly-types:Assembly-CSharp: 6557f40885de366ffd76a7f899cb1c48 -> cd2bb9437acc37684b6413b74e80fa56
  custom:scripting/monoscript/fileName/ChopProgressBar.cs: 231b153a21cab90e5ff5b29fd1719d23 -> 
========================================================================
Received Prepare
Caller must complete domain reload
Begin MonoManager ReloadAssembly
Thread 0x16ddff000 may have been prematurely finalized
- Loaded All Assemblies, in  0.169 seconds
Native extension for Android target not found
Native extension for OSXStandalone target not found
Mono: successfully reloaded assembly
- Finished resetting the current domain, in  0.316 seconds
Domain Reload Profiling: 485ms
	BeginReloadAssembly (61ms)
		ExecutionOrderSort (0ms)
		DisableScriptedObjects (2ms)
		BackupInstance (0ms)
		ReleaseScriptingObjects (0ms)
		CreateAndSetChildDomain (21ms)
	RebuildCommonClasses (17ms)
	RebuildNativeTypeToScriptingClass (5ms)
	initialDomainReloadingComplete (9ms)
	LoadAllAssembliesAndSetupDomain (77ms)
		LoadAssemblies (82ms)
		RebuildTransferFunctionScriptingTraits (0ms)
		AnalyzeDomain (14ms)
			TypeCache.Refresh (5ms)
				TypeCache.ScanAssembly (0ms)
			ScanForSourceGeneratedMonoScriptInfo (7ms)
			ResolveRequiredComponents (3ms)
	FinalizeReload (316ms)
		ReleaseScriptCaches (0ms)
		RebuildScriptCaches (0ms)
		SetupLoadedEditorAssemblies (194ms)
			LogAssemblyErrors (0ms)
			InitializePlatformSupportModulesInManaged (5ms)
			SetLoadedEditorAssemblies (1ms)
			RefreshPlugins (0ms)
			BeforeProcessingInitializeOnLoad (22ms)
			ProcessInitializeOnLoadAttributes (158ms)
			ProcessInitializeOnLoadMethodAttributes (7ms)
			AfterProcessingInitializeOnLoad (0ms)
			EditorAssembliesLoaded (0ms)
		ExecutionOrderSort2 (0ms)
		AwakeInstancesAfterBackupRestoration (1ms)
Refreshing native plugins compatible for Editor in 0.48 ms, found 2 plugins.
Preloading 0 native plugins for Editor in 0.00 ms.
Unloading 3515 Unused Serialized files (Serialized files now loaded: 0)
Unloading 14 unused Assets / (28.6 KB). Loaded Objects now: 4073.
Memory consumption went from 236.9 MB to 236.8 MB.
Total: 1.756500 ms (FindLiveObjects: 0.111875 ms CreateObjectMapping: 0.030375 ms MarkObjects: 1.589417 ms  DeleteObjects: 0.024333 ms)

Prepare: number of updated asset objects reloaded= 0
AssetImportParameters requested are different than current active one (requested -> active):
  custom:container-demuxer-ogg: 62fdf1f143b41e24485cea50d1cbac27 -> 
  custom:video-decoder-ogg-theora: a1e56fd34408186e4bbccfd4996cb3dc -> 
  custom:CustomObjectIndexerAttribute: 9a22284fe3817be447336de3de66b15e -> 
  custom:container-demuxer-webm: 4f35f7cbe854078d1ac9338744f61a02 -> 
  custom:container-muxer-webm: aa71ff27fc2769a1b78a27578f13a17b -> 
  custom:scripting/monoscript/fileName/ClearCounter.cs: 5d0fbef6c2002d969e99320db672c5b6 -> 733019e1f683a3c33c1b0f446554f075
  custom:video-decoder-webm-vp8: 9c59270c3fd7afecdb556c50c9e8de78 -> 
  custom:SearchIndexIgnoredProperties: e643bd26f0fe6173181afceb89e7c659 -> 
  custom:AudioImporter_EditorPlatform: 3918e3fc78b5a79bad01e8451be0beb8 -> 
  custom:scripting/monoscript/fileName/CuttingCounter.cs: ad436e863b5d1be449c3a8adf4798ba8 -> 67b15e47c662030364c26877176af684
  custom:framework-osx-AVFoundation: e770b220cccbd017edd2c1fefb359320 -> 
  custom:scripting/monoscript/fileName/Fridge.cs: b903be7b317b737ad27e8a16c7f30f06 -> dd8c4daa899428dcafacf02625ba4447
  custom:video-encoder-webm-vp8: eb34c28f22e8b96e1ab97ce403110664 -> 
  custom:audio-decoder-ogg-vorbis: bf7c407c2cedff20999df2af8eb42d56 -> 
  custom:scripting/monoscript/fileName/BaseCounter.cs: cd6051b4b8cec3afd16185ce25b1a1f0 -> 8a8847f959b2c1c10c3f4716ae577bf0
  custom:scripting/monoscript/fileName/Player.cs: 5bb3fdd25abedb90511c7231fb5a2164 -> 007e2e63cbf915a2b71612a7f593548a
  custom:audio-encoder-webm-vorbis: bf7c407c2cedff20999df2af8eb42d56 -> 
  custom:scripting/precompiled-assembly-types:Assembly-CSharp: e887d97f2b9324fd01d257f2587c57f8 -> cd2bb9437acc37684b6413b74e80fa56
  custom:scripting/monoscript/fileName/ChopProgressBar.cs: 231b153a21cab90e5ff5b29fd1719d23 -> 
========================================================================
Received Prepare
Caller must complete domain reload
Begin MonoManager ReloadAssembly
Thread 0x16ddff000 may have been prematurely finalized
- Loaded All Assemblies, in  0.167 seconds
Native extension for Android target not found
Native extension for OSXStandalone target not found
Mono: successfully reloaded assembly
- Finished resetting the current domain, in  0.317 seconds
Domain Reload Profiling: 485ms
	BeginReloadAssembly (61ms)
		ExecutionOrderSort (0ms)
		DisableScriptedObjects (2ms)
		BackupInstance (0ms)
		ReleaseScriptingObjects (0ms)
		CreateAndSetChildDomain (19ms)
	RebuildCommonClasses (17ms)
	RebuildNativeTypeToScriptingClass (5ms)
	initialDomainReloadingComplete (9ms)
	LoadAllAssembliesAndSetupDomain (75ms)
		LoadAssemblies (82ms)
		RebuildTransferFunctionScriptingTraits (0ms)
		AnalyzeDomain (14ms)
			TypeCache.Refresh (4ms)
				TypeCache.ScanAssembly (0ms)
			ScanForSourceGeneratedMonoScriptInfo (6ms)
			ResolveRequiredComponents (3ms)
	FinalizeReload (318ms)
		ReleaseScriptCaches (0ms)
		RebuildScriptCaches (0ms)
		SetupLoadedEditorAssemblies (195ms)
			LogAssemblyErrors (0ms)
			InitializePlatformSupportModulesInManaged (6ms)
			SetLoadedEditorAssemblies (1ms)
			RefreshPlugins (0ms)
			BeforeProcessingInitializeOnLoad (21ms)
			ProcessInitializeOnLoadAttributes (159ms)
			ProcessInitializeOnLoadMethodAttributes (7ms)
			AfterProcessingInitializeOnLoad (0ms)
			EditorAssembliesLoaded (0ms)
		ExecutionOrderSort2 (0ms)
		AwakeInstancesAfterBackupRestoration (1ms)
Refreshing native plugins compatible for Editor in 0.49 ms, found 2 plugins.
Preloading 0 native plugins for Editor in 0.00 ms.
Unloading 3515 Unused Serialized files (Serialized files now loaded: 0)
Unloading 14 unused Assets / (28.6 KB). Loaded Objects now: 4076.
Memory consumption went from 242.8 MB to 242.8 MB.
Total: 1.714209 ms (FindLiveObjects: 0.100583 ms CreateObjectMapping: 0.027208 ms MarkObjects: 1.560792 ms  DeleteObjects: 0.025167 ms)

Prepare: number of updated asset objects reloaded= 0
AssetImportParameters requested are different than current active one (requested -> active):
  custom:container-demuxer-ogg: 62fdf1f143b41e24485cea50d1cbac27 -> 
  custom:video-decoder-ogg-theora: a1e56fd34408186e4bbccfd4996cb3dc -> 
  custom:CustomObjectIndexerAttribute: 9a22284fe3817be447336de3de66b15e -> 
  custom:container-demuxer-webm: 4f35f7cbe854078d1ac9338744f61a02 -> 
  custom:container-muxer-webm: aa71ff27fc2769a1b78a27578f13a17b -> 
  custom:scripting/monoscript/fileName/ClearCounter.cs: 5d0fbef6c2002d969e99320db672c5b6 -> 733019e1f683a3c33c1b0f446554f075
  custom:video-decoder-webm-vp8: 9c59270c3fd7afecdb556c50c9e8de78 -> 
  custom:SearchIndexIgnoredProperties: e643bd26f0fe6173181afceb89e7c659 -> 
  custom:AudioImporter_EditorPlatform: 3918e3fc78b5a79bad01e8451be0beb8 -> 
  custom:scripting/monoscript/fileName/PlayerInput.cs: 2cf7c0ee91f9e507fe6d9fc925a50b9a -> dc52ec71c24d6d3edde0b9151f58bd83
  custom:scripting/monoscript/fileName/CuttingCounter.cs: ad436e863b5d1be449c3a8adf4798ba8 -> 67b15e47c662030364c26877176af684
  custom:framework-osx-AVFoundation: e770b220cccbd017edd2c1fefb359320 -> 
  custom:scripting/monoscript/fileName/Fridge.cs: b903be7b317b737ad27e8a16c7f30f06 -> dd8c4daa899428dcafacf02625ba4447
  custom:video-encoder-webm-vp8: eb34c28f22e8b96e1ab97ce403110664 -> 
  custom:audio-decoder-ogg-vorbis: bf7c407c2cedff20999df2af8eb42d56 -> 
  custom:scripting/monoscript/fileName/BaseCounter.cs: cd6051b4b8cec3afd16185ce25b1a1f0 -> 8a8847f959b2c1c10c3f4716ae577bf0
  custom:scripting/monoscript/fileName/Player.cs: 5bb3fdd25abedb90511c7231fb5a2164 -> 007e2e63cbf915a2b71612a7f593548a
  custom:audio-encoder-webm-vorbis: bf7c407c2cedff20999df2af8eb42d56 -> 
  custom:scripting/precompiled-assembly-types:Assembly-CSharp: c5a35d56db8b5437d7b5830c9ccd6024 -> cd2bb9437acc37684b6413b74e80fa56
  custom:scripting/monoscript/fileName/ChopProgressBar.cs: 231b153a21cab90e5ff5b29fd1719d23 -> 
========================================================================
Received Prepare
Caller must complete domain reload
Begin MonoManager ReloadAssembly
Thread 0x16ddff000 may have been prematurely finalized
- Loaded All Assemblies, in  0.169 seconds
Native extension for Android target not found
Native extension for OSXStandalone target not found
Mono: successfully reloaded assembly
- Finished resetting the current domain, in  0.321 seconds
Domain Reload Profiling: 489ms
	BeginReloadAssembly (60ms)
		ExecutionOrderSort (0ms)
		DisableScriptedObjects (2ms)
		BackupInstance (0ms)
		ReleaseScriptingObjects (0ms)
		CreateAndSetChildDomain (20ms)
	RebuildCommonClasses (16ms)
	RebuildNativeTypeToScriptingClass (5ms)
	initialDomainReloadingComplete (9ms)
	LoadAllAssembliesAndSetupDomain (78ms)
		LoadAssemblies (83ms)
		RebuildTransferFunctionScriptingTraits (0ms)
		AnalyzeDomain (14ms)
			TypeCache.Refresh (5ms)
				TypeCache.ScanAssembly (0ms)
			ScanForSourceGeneratedMonoScriptInfo (6ms)
			ResolveRequiredComponents (3ms)
	FinalizeReload (321ms)
		ReleaseScriptCaches (0ms)
		RebuildScriptCaches (0ms)
		SetupLoadedEditorAssemblies (196ms)
			LogAssemblyErrors (0ms)
			InitializePlatformSupportModulesInManaged (5ms)
			SetLoadedEditorAssemblies (1ms)
			RefreshPlugins (0ms)
			BeforeProcessingInitializeOnLoad (21ms)
			ProcessInitializeOnLoadAttributes (160ms)
			ProcessInitializeOnLoadMethodAttributes (7ms)
			AfterProcessingInitializeOnLoad (0ms)
			EditorAssembliesLoaded (0ms)
		ExecutionOrderSort2 (0ms)
		AwakeInstancesAfterBackupRestoration (1ms)
Refreshing native plugins compatible for Editor in 0.50 ms, found 2 plugins.
Preloading 0 native plugins for Editor in 0.00 ms.
Unloading 3515 Unused Serialized files (Serialized files now loaded: 0)
Unloading 14 unused Assets / (28.6 KB). Loaded Objects now: 4079.
Memory consumption went from 248.8 MB to 248.8 MB.
Total: 1.640625 ms (FindLiveObjects: 0.084458 ms CreateObjectMapping: 0.025750 ms MarkObjects: 1.505792 ms  DeleteObjects: 0.024125 ms)

Prepare: number of updated asset objects reloaded= 0
AssetImportParameters requested are different than current active one (requested -> active):
  custom:container-demuxer-ogg: 62fdf1f143b41e24485cea50d1cbac27 -> 
  custom:video-decoder-ogg-theora: a1e56fd34408186e4bbccfd4996cb3dc -> 
  custom:CustomObjectIndexerAttribute: 9a22284fe3817be447336de3de66b15e -> 
  custom:container-demuxer-webm: 4f35f7cbe854078d1ac9338744f61a02 -> 
  custom:scripting/monoscript/fileName/KitchenObjSoList.cs: f2125f59e1ed53735c6cda03e60eb5f5 -> a21d60e107038a457bb0764563fd4112
  custom:container-muxer-webm: aa71ff27fc2769a1b78a27578f13a17b -> 
  custom:scripting/monoscript/fileName/ClearCounter.cs: 5d0fbef6c2002d969e99320db672c5b6 -> 733019e1f683a3c33c1b0f446554f075
  custom:video-decoder-webm-vp8: 9c59270c3fd7afecdb556c50c9e8de78 -> 
  custom:SearchIndexIgnoredProperties: e643bd26f0fe6173181afceb89e7c659 -> 
  custom:AudioImporter_EditorPlatform: 3918e3fc78b5a79bad01e8451be0beb8 -> 
  custom:scripting/monoscript/fileName/PlayerInput.cs: 2cf7c0ee91f9e507fe6d9fc925a50b9a -> dc52ec71c24d6d3edde0b9151f58bd83
  custom:scripting/monoscript/fileName/CuttingCounter.cs: ad436e863b5d1be449c3a8adf4798ba8 -> 67b15e47c662030364c26877176af684
  custom:framework-osx-AVFoundation: e770b220cccbd017edd2c1fefb359320 -> 
  custom:scripting/monoscript/fileName/Fridge.cs: b903be7b317b737ad27e8a16c7f30f06 -> dd8c4daa899428dcafacf02625ba4447
  custom:video-encoder-webm-vp8: eb34c28f22e8b96e1ab97ce403110664 -> 
  custom:audio-decoder-ogg-vorbis: bf7c407c2cedff20999df2af8eb42d56 -> 
  custom:scripting/monoscript/fileName/BaseCounter.cs: cd6051b4b8cec3afd16185ce25b1a1f0 -> 8a8847f959b2c1c10c3f4716ae577bf0
  custom:scripting/monoscript/fileName/Player.cs: 5bb3fdd25abedb90511c7231fb5a2164 -> 007e2e63cbf915a2b71612a7f593548a
  custom:audio-encoder-webm-vorbis: bf7c407c2cedff20999df2af8eb42d56 -> 
  custom:scripting/precompiled-assembly-types:Assembly-CSharp: 4e165ff14a0097e7ef2d4a5afd75aa5f -> cd2bb9437acc37684b6413b74e80fa56
  custom:scripting/monoscript/fileName/ChopProgressBar.cs: 231b153a21cab90e5ff5b29fd1719d23 -> 
========================================================================
Received Import Request.
  Time since last request: 765.437650 seconds.
  path: Assets/Scripts/SOScripts/KitchenObjSoList.cs
  artifactKey: Guid(87c3d15de529e4d1e9a0081697d51bbc) Importer(815301076,1909f56bfc062723c751e8b465ee728b)
Start importing Assets/Scripts/SOScripts/KitchenObjSoList.cs using Guid(87c3d15de529e4d1e9a0081697d51bbc) Importer(815301076,1909f56bfc062723c751e8b465ee728b) [PhysX] Initialized MultithreadedTaskDispatcher with 12 workers.
 -> (artifact id: '4d2f41d11e2a25c0fcb86487dc5da95c') in 0.000732 seconds
Number of updated asset objects reloaded before import = 0
Number of asset objects unloaded after import = 0
========================================================================
Received Prepare
Caller must complete domain reload
Begin MonoManager ReloadAssembly
Thread 0x16ddff000 may have been prematurely finalized
- Loaded All Assemblies, in  0.174 seconds
Native extension for Android target not found
Native extension for OSXStandalone target not found
Mono: successfully reloaded assembly
- Finished resetting the current domain, in  0.316 seconds
Domain Reload Profiling: 490ms
	BeginReloadAssembly (65ms)
		ExecutionOrderSort (0ms)
		DisableScriptedObjects (2ms)
		BackupInstance (0ms)
		ReleaseScriptingObjects (0ms)
		CreateAndSetChildDomain (21ms)
	RebuildCommonClasses (16ms)
	RebuildNativeTypeToScriptingClass (5ms)
	initialDomainReloadingComplete (9ms)
	LoadAllAssembliesAndSetupDomain (78ms)
		LoadAssemblies (87ms)
		RebuildTransferFunctionScriptingTraits (0ms)
		AnalyzeDomain (14ms)
			TypeCache.Refresh (4ms)
				TypeCache.ScanAssembly (0ms)
			ScanForSourceGeneratedMonoScriptInfo (7ms)
			ResolveRequiredComponents (3ms)
	FinalizeReload (316ms)
		ReleaseScriptCaches (0ms)
		RebuildScriptCaches (0ms)
		SetupLoadedEditorAssemblies (198ms)
			LogAssemblyErrors (0ms)
			InitializePlatformSupportModulesInManaged (6ms)
			SetLoadedEditorAssemblies (1ms)
			RefreshPlugins (0ms)
			BeforeProcessingInitializeOnLoad (22ms)
			ProcessInitializeOnLoadAttributes (161ms)
			ProcessInitializeOnLoadMethodAttributes (7ms)
			AfterProcessingInitializeOnLoad (0ms)
			EditorAssembliesLoaded (0ms)
		ExecutionOrderSort2 (0ms)
		AwakeInstancesAfterBackupRestoration (1ms)
Refreshing native plugins compatible for Editor in 0.49 ms, found 2 plugins.
Preloading 0 native plugins for Editor in 0.00 ms.
Unloading 3514 Unused Serialized files (Serialized files now loaded: 0)
Unloading 14 unused Assets / (28.6 KB). Loaded Objects now: 4082.
Memory consumption went from 254.7 MB to 254.7 MB.
Total: 1.839334 ms (FindLiveObjects: 0.112584 ms CreateObjectMapping: 0.029333 ms MarkObjects: 1.672000 ms  DeleteObjects: 0.024875 ms)

Prepare: number of updated asset objects reloaded= 0
AssetImportParameters requested are different than current active one (requested -> active):
  custom:container-demuxer-ogg: 62fdf1f143b41e24485cea50d1cbac27 -> 
  custom:scripting/monoscript/fileName/ChoopedIngredientSOList.cs: 7a0a9d8f0ad2d7dfec1b9330edda5b28 -> b93ebbe3d94e1c4fad23066bbb9cc5f7
  custom:video-decoder-ogg-theora: a1e56fd34408186e4bbccfd4996cb3dc -> 
  custom:CustomObjectIndexerAttribute: 9a22284fe3817be447336de3de66b15e -> 
  custom:container-demuxer-webm: 4f35f7cbe854078d1ac9338744f61a02 -> 
  custom:scripting/monoscript/fileName/KitchenObjSoList.cs: f2125f59e1ed53735c6cda03e60eb5f5 -> a21d60e107038a457bb0764563fd4112
  custom:container-muxer-webm: aa71ff27fc2769a1b78a27578f13a17b -> 
  custom:scripting/monoscript/fileName/ClearCounter.cs: 5d0fbef6c2002d969e99320db672c5b6 -> 733019e1f683a3c33c1b0f446554f075
  custom:video-decoder-webm-vp8: 9c59270c3fd7afecdb556c50c9e8de78 -> 
  custom:SearchIndexIgnoredProperties: e643bd26f0fe6173181afceb89e7c659 -> 
  custom:AudioImporter_EditorPlatform: 3918e3fc78b5a79bad01e8451be0beb8 -> 
  custom:scripting/monoscript/fileName/PlayerInput.cs: 2cf7c0ee91f9e507fe6d9fc925a50b9a -> dc52ec71c24d6d3edde0b9151f58bd83
  custom:scripting/monoscript/fileName/CuttingCounter.cs: ad436e863b5d1be449c3a8adf4798ba8 -> 67b15e47c662030364c26877176af684
  custom:framework-osx-AVFoundation: e770b220cccbd017edd2c1fefb359320 -> 
  custom:scripting/monoscript/fileName/Fridge.cs: b903be7b317b737ad27e8a16c7f30f06 -> dd8c4daa899428dcafacf02625ba4447
  custom:video-encoder-webm-vp8: eb34c28f22e8b96e1ab97ce403110664 -> 
  custom:audio-decoder-ogg-vorbis: bf7c407c2cedff20999df2af8eb42d56 -> 
  custom:scripting/monoscript/fileName/BaseCounter.cs: cd6051b4b8cec3afd16185ce25b1a1f0 -> 8a8847f959b2c1c10c3f4716ae577bf0
  custom:scripting/monoscript/fileName/Player.cs: 5bb3fdd25abedb90511c7231fb5a2164 -> 007e2e63cbf915a2b71612a7f593548a
  custom:audio-encoder-webm-vorbis: bf7c407c2cedff20999df2af8eb42d56 -> 
  custom:scripting/precompiled-assembly-types:Assembly-CSharp: 71ab82d305e0ca4fd77db498d89da685 -> cd2bb9437acc37684b6413b74e80fa56
  custom:scripting/monoscript/fileName/ChopProgressBar.cs: 231b153a21cab90e5ff5b29fd1719d23 -> 
========================================================================
Received Import Request.
  Time since last request: 10.768848 seconds.
  path: Assets/Scripts/SOScripts/ChoopedIngredientSOList.cs
  artifactKey: Guid(89c8df6ee10094fcdbc2808c7a1e6115) Importer(815301076,1909f56bfc062723c751e8b465ee728b)
Start importing Assets/Scripts/SOScripts/ChoopedIngredientSOList.cs using Guid(89c8df6ee10094fcdbc2808c7a1e6115) Importer(815301076,1909f56bfc062723c751e8b465ee728b) [PhysX] Initialized MultithreadedTaskDispatcher with 12 workers.
 -> (artifact id: '8b7cdb8e069de739374e795ecf2c2049') in 0.000695 seconds
Number of updated asset objects reloaded before import = 0
Number of asset objects unloaded after import = 0
========================================================================
Received Prepare
Caller must complete domain reload
Begin MonoManager ReloadAssembly
Thread 0x16ddff000 may have been prematurely finalized
- Loaded All Assemblies, in  0.173 seconds
Native extension for Android target not found
Native extension for OSXStandalone target not found
Mono: successfully reloaded assembly
- Finished resetting the current domain, in  0.501 seconds
Domain Reload Profiling: 675ms
	BeginReloadAssembly (61ms)
		ExecutionOrderSort (0ms)
		DisableScriptedObjects (2ms)
		BackupInstance (0ms)
		ReleaseScriptingObjects (0ms)
		CreateAndSetChildDomain (21ms)
	RebuildCommonClasses (16ms)
	RebuildNativeTypeToScriptingClass (5ms)
	initialDomainReloadingComplete (9ms)
	LoadAllAssembliesAndSetupDomain (81ms)
		LoadAssemblies (94ms)
		RebuildTransferFunctionScriptingTraits (0ms)
		AnalyzeDomain (7ms)
			TypeCache.Refresh (4ms)
				TypeCache.ScanAssembly (0ms)
			ScanForSourceGeneratedMonoScriptInfo (0ms)
			ResolveRequiredComponents (3ms)
	FinalizeReload (501ms)
		ReleaseScriptCaches (0ms)
		RebuildScriptCaches (0ms)
		SetupLoadedEditorAssemblies (204ms)
			LogAssemblyErrors (0ms)
			InitializePlatformSupportModulesInManaged (6ms)
			SetLoadedEditorAssemblies (1ms)
			RefreshPlugins (0ms)
			BeforeProcessingInitializeOnLoad (22ms)
			ProcessInitializeOnLoadAttributes (166ms)
			ProcessInitializeOnLoadMethodAttributes (8ms)
			AfterProcessingInitializeOnLoad (0ms)
			EditorAssembliesLoaded (0ms)
		ExecutionOrderSort2 (0ms)
		AwakeInstancesAfterBackupRestoration (1ms)
Refreshing native plugins compatible for Editor in 0.68 ms, found 2 plugins.
Preloading 0 native plugins for Editor in 0.00 ms.
Unloading 3514 Unused Serialized files (Serialized files now loaded: 0)
Unloading 14 unused Assets / (28.8 KB). Loaded Objects now: 4085.
Memory consumption went from 260.8 MB to 260.8 MB.
Total: 1.832917 ms (FindLiveObjects: 0.108208 ms CreateObjectMapping: 0.031083 ms MarkObjects: 1.671875 ms  DeleteObjects: 0.021375 ms)

Prepare: number of updated asset objects reloaded= 0
AssetImportParameters requested are different than current active one (requested -> active):
  custom:container-demuxer-ogg: 62fdf1f143b41e24485cea50d1cbac27 -> 
  custom:scripting/monoscript/fileName/ChoopedIngredientSOList.cs: 7a0a9d8f0ad2d7dfec1b9330edda5b28 -> b93ebbe3d94e1c4fad23066bbb9cc5f7
  custom:video-decoder-ogg-theora: a1e56fd34408186e4bbccfd4996cb3dc -> 
  custom:CustomObjectIndexerAttribute: 9a22284fe3817be447336de3de66b15e -> 
  custom:container-demuxer-webm: 4f35f7cbe854078d1ac9338744f61a02 -> 
  custom:scripting/monoscript/fileName/KitchenObjSoList.cs: f2125f59e1ed53735c6cda03e60eb5f5 -> a21d60e107038a457bb0764563fd4112
  custom:container-muxer-webm: aa71ff27fc2769a1b78a27578f13a17b -> 
  custom:scripting/monoscript/fileName/ClearCounter.cs: 5d0fbef6c2002d969e99320db672c5b6 -> 733019e1f683a3c33c1b0f446554f075
  custom:video-decoder-webm-vp8: 9c59270c3fd7afecdb556c50c9e8de78 -> 
  custom:SearchIndexIgnoredProperties: e643bd26f0fe6173181afceb89e7c659 -> 
  custom:AudioImporter_EditorPlatform: 3918e3fc78b5a79bad01e8451be0beb8 -> 
  custom:scripting/monoscript/fileName/PlayerInput.cs: 2cf7c0ee91f9e507fe6d9fc925a50b9a -> dc52ec71c24d6d3edde0b9151f58bd83
  custom:scripting/monoscript/fileName/CuttingCounter.cs: ad436e863b5d1be449c3a8adf4798ba8 -> 67b15e47c662030364c26877176af684
  custom:framework-osx-AVFoundation: e770b220cccbd017edd2c1fefb359320 -> 
  custom:scripting/monoscript/fileName/Fridge.cs: b903be7b317b737ad27e8a16c7f30f06 -> dd8c4daa899428dcafacf02625ba4447
  custom:video-encoder-webm-vp8: eb34c28f22e8b96e1ab97ce403110664 -> 
  custom:audio-decoder-ogg-vorbis: bf7c407c2cedff20999df2af8eb42d56 -> 
  custom:scripting/monoscript/fileName/BaseCounter.cs: cd6051b4b8cec3afd16185ce25b1a1f0 -> 8a8847f959b2c1c10c3f4716ae577bf0
  custom:scripting/monoscript/fileName/Player.cs: 5bb3fdd25abedb90511c7231fb5a2164 -> 007e2e63cbf915a2b71612a7f593548a
  custom:audio-encoder-webm-vorbis: bf7c407c2cedff20999df2af8eb42d56 -> 
  custom:scripting/precompiled-assembly-types:Assembly-CSharp: 71ab82d305e0ca4fd77db498d89da685 -> cd2bb9437acc37684b6413b74e80fa56
  custom:scripting/monoscript/fileName/ChopProgressBar.cs: 231b153a21cab90e5ff5b29fd1719d23 -> 
========================================================================
Received Prepare
Caller must complete domain reload
Begin MonoManager ReloadAssembly
Thread 0x16ddff000 may have been prematurely finalized
- Loaded All Assemblies, in  0.166 seconds
Native extension for Android target not found
Native extension for OSXStandalone target not found
Mono: successfully reloaded assembly
- Finished resetting the current domain, in  0.321 seconds
Domain Reload Profiling: 487ms
	BeginReloadAssembly (62ms)
		ExecutionOrderSort (0ms)
		DisableScriptedObjects (2ms)
		BackupInstance (0ms)
		ReleaseScriptingObjects (0ms)
		CreateAndSetChildDomain (22ms)
	RebuildCommonClasses (16ms)
	RebuildNativeTypeToScriptingClass (5ms)
	initialDomainReloadingComplete (9ms)
	LoadAllAssembliesAndSetupDomain (73ms)
		LoadAssemblies (86ms)
		RebuildTransferFunctionScriptingTraits (0ms)
		AnalyzeDomain (7ms)
			TypeCache.Refresh (3ms)
				TypeCache.ScanAssembly (0ms)
			ScanForSourceGeneratedMonoScriptInfo (0ms)
			ResolveRequiredComponents (3ms)
	FinalizeReload (321ms)
		ReleaseScriptCaches (0ms)
		RebuildScriptCaches (0ms)
		SetupLoadedEditorAssemblies (204ms)
			LogAssemblyErrors (0ms)
			InitializePlatformSupportModulesInManaged (6ms)
			SetLoadedEditorAssemblies (1ms)
			RefreshPlugins (0ms)
			BeforeProcessingInitializeOnLoad (22ms)
			ProcessInitializeOnLoadAttributes (168ms)
			ProcessInitializeOnLoadMethodAttributes (8ms)
			AfterProcessingInitializeOnLoad (0ms)
			EditorAssembliesLoaded (0ms)
		ExecutionOrderSort2 (0ms)
		AwakeInstancesAfterBackupRestoration (1ms)
Refreshing native plugins compatible for Editor in 0.51 ms, found 2 plugins.
Preloading 0 native plugins for Editor in 0.00 ms.
Unloading 3515 Unused Serialized files (Serialized files now loaded: 0)
Unloading 14 unused Assets / (28.7 KB). Loaded Objects now: 4088.
Memory consumption went from 267.0 MB to 267.0 MB.
Total: 1.871750 ms (FindLiveObjects: 0.091167 ms CreateObjectMapping: 0.026541 ms MarkObjects: 1.730000 ms  DeleteObjects: 0.023667 ms)

Prepare: number of updated asset objects reloaded= 0
AssetImportParameters requested are different than current active one (requested -> active):
  custom:container-demuxer-ogg: 62fdf1f143b41e24485cea50d1cbac27 -> 
  custom:scripting/monoscript/fileName/ChoopedIngredientSOList.cs: 7a0a9d8f0ad2d7dfec1b9330edda5b28 -> b93ebbe3d94e1c4fad23066bbb9cc5f7
  custom:video-decoder-ogg-theora: a1e56fd34408186e4bbccfd4996cb3dc -> 
  custom:CustomObjectIndexerAttribute: 9a22284fe3817be447336de3de66b15e -> 
  custom:container-demuxer-webm: 4f35f7cbe854078d1ac9338744f61a02 -> 
  custom:scripting/monoscript/fileName/KitchenObjSoList.cs: f2125f59e1ed53735c6cda03e60eb5f5 -> a21d60e107038a457bb0764563fd4112
  custom:container-muxer-webm: aa71ff27fc2769a1b78a27578f13a17b -> 
  custom:scripting/monoscript/fileName/ClearCounter.cs: 5d0fbef6c2002d969e99320db672c5b6 -> 733019e1f683a3c33c1b0f446554f075
  custom:video-decoder-webm-vp8: 9c59270c3fd7afecdb556c50c9e8de78 -> 
  custom:SearchIndexIgnoredProperties: e643bd26f0fe6173181afceb89e7c659 -> 
  custom:AudioImporter_EditorPlatform: 3918e3fc78b5a79bad01e8451be0beb8 -> 
  custom:scripting/monoscript/fileName/PlayerInput.cs: 2cf7c0ee91f9e507fe6d9fc925a50b9a -> dc52ec71c24d6d3edde0b9151f58bd83
  custom:scripting/monoscript/fileName/CuttingCounter.cs: ad436e863b5d1be449c3a8adf4798ba8 -> 67b15e47c662030364c26877176af684
  custom:framework-osx-AVFoundation: e770b220cccbd017edd2c1fefb359320 -> 
  custom:scripting/monoscript/fileName/Fridge.cs: b903be7b317b737ad27e8a16c7f30f06 -> dd8c4daa899428dcafacf02625ba4447
  custom:video-encoder-webm-vp8: eb34c28f22e8b96e1ab97ce403110664 -> 
  custom:audio-decoder-ogg-vorbis: bf7c407c2cedff20999df2af8eb42d56 -> 
  custom:scripting/monoscript/fileName/BaseCounter.cs: cd6051b4b8cec3afd16185ce25b1a1f0 -> 8a8847f959b2c1c10c3f4716ae577bf0
  custom:scripting/monoscript/fileName/Player.cs: 5bb3fdd25abedb90511c7231fb5a2164 -> 007e2e63cbf915a2b71612a7f593548a
  custom:audio-encoder-webm-vorbis: bf7c407c2cedff20999df2af8eb42d56 -> 
  custom:scripting/precompiled-assembly-types:Assembly-CSharp: 71ab82d305e0ca4fd77db498d89da685 -> cd2bb9437acc37684b6413b74e80fa56
  custom:scripting/monoscript/fileName/ChopProgressBar.cs: 231b153a21cab90e5ff5b29fd1719d23 -> 
========================================================================
Received Prepare
Caller must complete domain reload
Begin MonoManager ReloadAssembly
Thread 0x16ddff000 may have been prematurely finalized
- Loaded All Assemblies, in  0.165 seconds
Native extension for Android target not found
Native extension for OSXStandalone target not found
Mono: successfully reloaded assembly
- Finished resetting the current domain, in  0.325 seconds
Domain Reload Profiling: 491ms
	BeginReloadAssembly (61ms)
		ExecutionOrderSort (0ms)
		DisableScriptedObjects (2ms)
		BackupInstance (0ms)
		ReleaseScriptingObjects (0ms)
		CreateAndSetChildDomain (21ms)
	RebuildCommonClasses (16ms)
	RebuildNativeTypeToScriptingClass (5ms)
	initialDomainReloadingComplete (9ms)
	LoadAllAssembliesAndSetupDomain (73ms)
		LoadAssemblies (86ms)
		RebuildTransferFunctionScriptingTraits (0ms)
		AnalyzeDomain (8ms)
			TypeCache.Refresh (4ms)
				TypeCache.ScanAssembly (0ms)
			ScanForSourceGeneratedMonoScriptInfo (0ms)
			ResolveRequiredComponents (3ms)
	FinalizeReload (326ms)
		ReleaseScriptCaches (0ms)
		RebuildScriptCaches (0ms)
		SetupLoadedEditorAssemblies (205ms)
			LogAssemblyErrors (0ms)
			InitializePlatformSupportModulesInManaged (5ms)
			SetLoadedEditorAssemblies (1ms)
			RefreshPlugins (0ms)
			BeforeProcessingInitializeOnLoad (21ms)
			ProcessInitializeOnLoadAttributes (169ms)
			ProcessInitializeOnLoadMethodAttributes (7ms)
			AfterProcessingInitializeOnLoad (0ms)
			EditorAssembliesLoaded (0ms)
		ExecutionOrderSort2 (0ms)
		AwakeInstancesAfterBackupRestoration (1ms)
Refreshing native plugins compatible for Editor in 0.55 ms, found 2 plugins.
Preloading 0 native plugins for Editor in 0.00 ms.
Unloading 3515 Unused Serialized files (Serialized files now loaded: 0)
Unloading 14 unused Assets / (28.7 KB). Loaded Objects now: 4091.
Memory consumption went from 273.0 MB to 273.0 MB.
Total: 1.951208 ms (FindLiveObjects: 0.089750 ms CreateObjectMapping: 0.028250 ms MarkObjects: 1.803292 ms  DeleteObjects: 0.029625 ms)

Prepare: number of updated asset objects reloaded= 0
AssetImportParameters requested are different than current active one (requested -> active):
  custom:container-demuxer-ogg: 62fdf1f143b41e24485cea50d1cbac27 -> 
  custom:scripting/monoscript/fileName/ChoopedIngredientSOList.cs: 7a0a9d8f0ad2d7dfec1b9330edda5b28 -> b93ebbe3d94e1c4fad23066bbb9cc5f7
  custom:video-decoder-ogg-theora: a1e56fd34408186e4bbccfd4996cb3dc -> 
  custom:CustomObjectIndexerAttribute: 9a22284fe3817be447336de3de66b15e -> 
  custom:container-demuxer-webm: 4f35f7cbe854078d1ac9338744f61a02 -> 
  custom:scripting/monoscript/fileName/KitchenObjSoList.cs: f2125f59e1ed53735c6cda03e60eb5f5 -> a21d60e107038a457bb0764563fd4112
  custom:container-muxer-webm: aa71ff27fc2769a1b78a27578f13a17b -> 
  custom:scripting/monoscript/fileName/ClearCounter.cs: 5d0fbef6c2002d969e99320db672c5b6 -> 733019e1f683a3c33c1b0f446554f075
  custom:video-decoder-webm-vp8: 9c59270c3fd7afecdb556c50c9e8de78 -> 
  custom:SearchIndexIgnoredProperties: e643bd26f0fe6173181afceb89e7c659 -> 
  custom:AudioImporter_EditorPlatform: 3918e3fc78b5a79bad01e8451be0beb8 -> 
  custom:scripting/monoscript/fileName/PlayerInput.cs: 2cf7c0ee91f9e507fe6d9fc925a50b9a -> dc52ec71c24d6d3edde0b9151f58bd83
  custom:scripting/monoscript/fileName/CuttingCounter.cs: ad436e863b5d1be449c3a8adf4798ba8 -> 67b15e47c662030364c26877176af684
  custom:framework-osx-AVFoundation: e770b220cccbd017edd2c1fefb359320 -> 
  custom:scripting/monoscript/fileName/Fridge.cs: b903be7b317b737ad27e8a16c7f30f06 -> dd8c4daa899428dcafacf02625ba4447
  custom:video-encoder-webm-vp8: eb34c28f22e8b96e1ab97ce403110664 -> 
  custom:audio-decoder-ogg-vorbis: bf7c407c2cedff20999df2af8eb42d56 -> 
  custom:scripting/monoscript/fileName/BaseCounter.cs: cd6051b4b8cec3afd16185ce25b1a1f0 -> 8a8847f959b2c1c10c3f4716ae577bf0
  custom:scripting/monoscript/fileName/Player.cs: 5bb3fdd25abedb90511c7231fb5a2164 -> 007e2e63cbf915a2b71612a7f593548a
  custom:audio-encoder-webm-vorbis: bf7c407c2cedff20999df2af8eb42d56 -> 
  custom:scripting/precompiled-assembly-types:Assembly-CSharp: 71ab82d305e0ca4fd77db498d89da685 -> cd2bb9437acc37684b6413b74e80fa56
  custom:scripting/monoscript/fileName/ChopProgressBar.cs: 231b153a21cab90e5ff5b29fd1719d23 -> 
========================================================================
Received Prepare
Caller must complete domain reload
Begin MonoManager ReloadAssembly
Thread 0x16ddff000 may have been prematurely finalized
- Loaded All Assemblies, in  0.169 seconds
Native extension for Android target not found
Native extension for OSXStandalone target not found
Mono: successfully reloaded assembly
- Finished resetting the current domain, in  0.308 seconds
Domain Reload Profiling: 478ms
	BeginReloadAssembly (61ms)
		ExecutionOrderSort (0ms)
		DisableScriptedObjects (2ms)
		BackupInstance (0ms)
		ReleaseScriptingObjects (0ms)
		CreateAndSetChildDomain (20ms)
	RebuildCommonClasses (15ms)
	RebuildNativeTypeToScriptingClass (5ms)
	initialDomainReloadingComplete (9ms)
	LoadAllAssembliesAndSetupDomain (79ms)
		LoadAssemblies (85ms)
		RebuildTransferFunctionScriptingTraits (0ms)
		AnalyzeDomain (14ms)
			TypeCache.Refresh (5ms)
				TypeCache.ScanAssembly (0ms)
			ScanForSourceGeneratedMonoScriptInfo (6ms)
			ResolveRequiredComponents (3ms)
	FinalizeReload (309ms)
		ReleaseScriptCaches (0ms)
		RebuildScriptCaches (0ms)
		SetupLoadedEditorAssemblies (188ms)
			LogAssemblyErrors (0ms)
			InitializePlatformSupportModulesInManaged (6ms)
			SetLoadedEditorAssemblies (1ms)
			RefreshPlugins (0ms)
			BeforeProcessingInitializeOnLoad (21ms)
			ProcessInitializeOnLoadAttributes (153ms)
			ProcessInitializeOnLoadMethodAttributes (7ms)
			AfterProcessingInitializeOnLoad (0ms)
			EditorAssembliesLoaded (0ms)
		ExecutionOrderSort2 (0ms)
		AwakeInstancesAfterBackupRestoration (2ms)
Refreshing native plugins compatible for Editor in 0.50 ms, found 2 plugins.
Preloading 0 native plugins for Editor in 0.00 ms.
Unloading 3515 Unused Serialized files (Serialized files now loaded: 0)
Unloading 14 unused Assets / (28.7 KB). Loaded Objects now: 4094.
Memory consumption went from 279.0 MB to 278.9 MB.
Total: 1.835375 ms (FindLiveObjects: 0.103167 ms CreateObjectMapping: 0.033625 ms MarkObjects: 1.677292 ms  DeleteObjects: 0.020958 ms)

Prepare: number of updated asset objects reloaded= 0
AssetImportParameters requested are different than current active one (requested -> active):
  custom:container-demuxer-ogg: 62fdf1f143b41e24485cea50d1cbac27 -> 
  custom:scripting/monoscript/fileName/ChoopedIngredientSOList.cs: 7a0a9d8f0ad2d7dfec1b9330edda5b28 -> b93ebbe3d94e1c4fad23066bbb9cc5f7
  custom:video-decoder-ogg-theora: a1e56fd34408186e4bbccfd4996cb3dc -> 
  custom:CustomObjectIndexerAttribute: 9a22284fe3817be447336de3de66b15e -> 
  custom:container-demuxer-webm: 4f35f7cbe854078d1ac9338744f61a02 -> 
  custom:scripting/monoscript/fileName/KitchenObjSoList.cs: f2125f59e1ed53735c6cda03e60eb5f5 -> a21d60e107038a457bb0764563fd4112
  custom:container-muxer-webm: aa71ff27fc2769a1b78a27578f13a17b -> 
  custom:scripting/monoscript/fileName/ClearCounter.cs: 5d0fbef6c2002d969e99320db672c5b6 -> 733019e1f683a3c33c1b0f446554f075
  custom:video-decoder-webm-vp8: 9c59270c3fd7afecdb556c50c9e8de78 -> 
  custom:SearchIndexIgnoredProperties: e643bd26f0fe6173181afceb89e7c659 -> 
  custom:AudioImporter_EditorPlatform: 3918e3fc78b5a79bad01e8451be0beb8 -> 
  custom:scripting/monoscript/fileName/PlayerInput.cs: 2cf7c0ee91f9e507fe6d9fc925a50b9a -> dc52ec71c24d6d3edde0b9151f58bd83
  custom:scripting/monoscript/fileName/CuttingCounter.cs: ad436e863b5d1be449c3a8adf4798ba8 -> 67b15e47c662030364c26877176af684
  custom:framework-osx-AVFoundation: e770b220cccbd017edd2c1fefb359320 -> 
  custom:scripting/monoscript/fileName/Fridge.cs: b903be7b317b737ad27e8a16c7f30f06 -> dd8c4daa899428dcafacf02625ba4447
  custom:video-encoder-webm-vp8: eb34c28f22e8b96e1ab97ce403110664 -> 
  custom:audio-decoder-ogg-vorbis: bf7c407c2cedff20999df2af8eb42d56 -> 
  custom:scripting/monoscript/fileName/BaseCounter.cs: cd6051b4b8cec3afd16185ce25b1a1f0 -> 8a8847f959b2c1c10c3f4716ae577bf0
  custom:scripting/monoscript/fileName/Player.cs: 5bb3fdd25abedb90511c7231fb5a2164 -> 007e2e63cbf915a2b71612a7f593548a
  custom:audio-encoder-webm-vorbis: bf7c407c2cedff20999df2af8eb42d56 -> 
  custom:scripting/precompiled-assembly-types:Assembly-CSharp: 71ab82d305e0ca4fd77db498d89da685 -> cd2bb9437acc37684b6413b74e80fa56
  custom:scripting/monoscript/fileName/ChopProgressBar.cs: 231b153a21cab90e5ff5b29fd1719d23 -> 
========================================================================
Received Prepare
Caller must complete domain reload
Begin MonoManager ReloadAssembly
Thread 0x16ddff000 may have been prematurely finalized
- Loaded All Assemblies, in  0.161 seconds
Native extension for Android target not found
Native extension for OSXStandalone target not found
Mono: successfully reloaded assembly
- Finished resetting the current domain, in  0.320 seconds
Domain Reload Profiling: 481ms
	BeginReloadAssembly (60ms)
		ExecutionOrderSort (0ms)
		DisableScriptedObjects (2ms)
		BackupInstance (0ms)
		ReleaseScriptingObjects (0ms)
		CreateAndSetChildDomain (20ms)
	RebuildCommonClasses (16ms)
	RebuildNativeTypeToScriptingClass (5ms)
	initialDomainReloadingComplete (9ms)
	LoadAllAssembliesAndSetupDomain (70ms)
		LoadAssemblies (83ms)
		RebuildTransferFunctionScriptingTraits (0ms)
		AnalyzeDomain (6ms)
			TypeCache.Refresh (3ms)
				TypeCache.ScanAssembly (0ms)
			ScanForSourceGeneratedMonoScriptInfo (0ms)
			ResolveRequiredComponents (3ms)
	FinalizeReload (320ms)
		ReleaseScriptCaches (0ms)
		RebuildScriptCaches (0ms)
		SetupLoadedEditorAssemblies (207ms)
			LogAssemblyErrors (0ms)
			InitializePlatformSupportModulesInManaged (6ms)
			SetLoadedEditorAssemblies (1ms)
			RefreshPlugins (0ms)
			BeforeProcessingInitializeOnLoad (22ms)
			ProcessInitializeOnLoadAttributes (170ms)
			ProcessInitializeOnLoadMethodAttributes (7ms)
			AfterProcessingInitializeOnLoad (0ms)
			EditorAssembliesLoaded (0ms)
		ExecutionOrderSort2 (0ms)
		AwakeInstancesAfterBackupRestoration (1ms)
Refreshing native plugins compatible for Editor in 0.48 ms, found 2 plugins.
Preloading 0 native plugins for Editor in 0.00 ms.
Unloading 3515 Unused Serialized files (Serialized files now loaded: 0)
Unloading 14 unused Assets / (28.7 KB). Loaded Objects now: 4097.
Memory consumption went from 284.9 MB to 284.9 MB.
Total: 1.633125 ms (FindLiveObjects: 0.076292 ms CreateObjectMapping: 0.027208 ms MarkObjects: 1.502042 ms  DeleteObjects: 0.026875 ms)

Prepare: number of updated asset objects reloaded= 0
AssetImportParameters requested are different than current active one (requested -> active):
  custom:container-demuxer-ogg: 62fdf1f143b41e24485cea50d1cbac27 -> 
  custom:scripting/monoscript/fileName/ChoopedIngredientSOList.cs: 7a0a9d8f0ad2d7dfec1b9330edda5b28 -> b93ebbe3d94e1c4fad23066bbb9cc5f7
  custom:video-decoder-ogg-theora: a1e56fd34408186e4bbccfd4996cb3dc -> 
  custom:CustomObjectIndexerAttribute: 9a22284fe3817be447336de3de66b15e -> 
  custom:container-demuxer-webm: 4f35f7cbe854078d1ac9338744f61a02 -> 
  custom:scripting/monoscript/fileName/KitchenObjSoList.cs: f2125f59e1ed53735c6cda03e60eb5f5 -> a21d60e107038a457bb0764563fd4112
  custom:container-muxer-webm: aa71ff27fc2769a1b78a27578f13a17b -> 
  custom:scripting/monoscript/fileName/ClearCounter.cs: 5d0fbef6c2002d969e99320db672c5b6 -> 733019e1f683a3c33c1b0f446554f075
  custom:video-decoder-webm-vp8: 9c59270c3fd7afecdb556c50c9e8de78 -> 
  custom:SearchIndexIgnoredProperties: e643bd26f0fe6173181afceb89e7c659 -> 
  custom:AudioImporter_EditorPlatform: 3918e3fc78b5a79bad01e8451be0beb8 -> 
  custom:scripting/monoscript/fileName/PlayerInput.cs: 2cf7c0ee91f9e507fe6d9fc925a50b9a -> dc52ec71c24d6d3edde0b9151f58bd83
  custom:scripting/monoscript/fileName/CuttingCounter.cs: ad436e863b5d1be449c3a8adf4798ba8 -> 67b15e47c662030364c26877176af684
  custom:framework-osx-AVFoundation: e770b220cccbd017edd2c1fefb359320 -> 
  custom:scripting/monoscript/fileName/Fridge.cs: b903be7b317b737ad27e8a16c7f30f06 -> dd8c4daa899428dcafacf02625ba4447
  custom:video-encoder-webm-vp8: eb34c28f22e8b96e1ab97ce403110664 -> 
  custom:audio-decoder-ogg-vorbis: bf7c407c2cedff20999df2af8eb42d56 -> 
  custom:scripting/monoscript/fileName/BaseCounter.cs: cd6051b4b8cec3afd16185ce25b1a1f0 -> 8a8847f959b2c1c10c3f4716ae577bf0
  custom:scripting/monoscript/fileName/Player.cs: 5bb3fdd25abedb90511c7231fb5a2164 -> 007e2e63cbf915a2b71612a7f593548a
  custom:audio-encoder-webm-vorbis: bf7c407c2cedff20999df2af8eb42d56 -> 
  custom:scripting/precompiled-assembly-types:Assembly-CSharp: 71ab82d305e0ca4fd77db498d89da685 -> cd2bb9437acc37684b6413b74e80fa56
  custom:scripting/monoscript/fileName/ChopProgressBar.cs: 231b153a21cab90e5ff5b29fd1719d23 -> 
========================================================================
Received Prepare
Caller must complete domain reload
Begin MonoManager ReloadAssembly
Thread 0x16ddff000 may have been prematurely finalized
- Loaded All Assemblies, in  0.187 seconds
Native extension for Android target not found
Native extension for OSXStandalone target not found
Mono: successfully reloaded assembly
- Finished resetting the current domain, in  0.489 seconds
Domain Reload Profiling: 676ms
	BeginReloadAssembly (60ms)
		ExecutionOrderSort (0ms)
		DisableScriptedObjects (2ms)
		BackupInstance (0ms)
		ReleaseScriptingObjects (0ms)
		CreateAndSetChildDomain (19ms)
	RebuildCommonClasses (16ms)
	RebuildNativeTypeToScriptingClass (5ms)
	initialDomainReloadingComplete (8ms)
	LoadAllAssembliesAndSetupDomain (97ms)
		LoadAssemblies (103ms)
		RebuildTransferFunctionScriptingTraits (0ms)
		AnalyzeDomain (15ms)
			TypeCache.Refresh (5ms)
				TypeCache.ScanAssembly (0ms)
			ScanForSourceGeneratedMonoScriptInfo (6ms)
			ResolveRequiredComponents (3ms)
	FinalizeReload (490ms)
		ReleaseScriptCaches (0ms)
		RebuildScriptCaches (0ms)
		SetupLoadedEditorAssemblies (192ms)
			LogAssemblyErrors (0ms)
			InitializePlatformSupportModulesInManaged (5ms)
			SetLoadedEditorAssemblies (1ms)
			RefreshPlugins (0ms)
			BeforeProcessingInitializeOnLoad (21ms)
			ProcessInitializeOnLoadAttributes (157ms)
			ProcessInitializeOnLoadMethodAttributes (7ms)
			AfterProcessingInitializeOnLoad (0ms)
			EditorAssembliesLoaded (0ms)
		ExecutionOrderSort2 (0ms)
		AwakeInstancesAfterBackupRestoration (1ms)
Refreshing native plugins compatible for Editor in 0.58 ms, found 2 plugins.
Preloading 0 native plugins for Editor in 0.00 ms.
Unloading 3516 Unused Serialized files (Serialized files now loaded: 0)
Unloading 14 unused Assets / (28.8 KB). Loaded Objects now: 4101.
Memory consumption went from 290.9 MB to 290.9 MB.
Total: 1.820792 ms (FindLiveObjects: 0.109875 ms CreateObjectMapping: 0.031125 ms MarkObjects: 1.657625 ms  DeleteObjects: 0.021833 ms)

Prepare: number of updated asset objects reloaded= 0
AssetImportParameters requested are different than current active one (requested -> active):
  custom:scripting/monoscript/fileName/TrashCounter.cs: 88d16bed05c7fd027ca4415093501e86 -> 
  custom:container-demuxer-ogg: 62fdf1f143b41e24485cea50d1cbac27 -> 
  custom:scripting/monoscript/fileName/ChoopedIngredientSOList.cs: 7a0a9d8f0ad2d7dfec1b9330edda5b28 -> b93ebbe3d94e1c4fad23066bbb9cc5f7
  custom:video-decoder-ogg-theora: a1e56fd34408186e4bbccfd4996cb3dc -> 
  custom:CustomObjectIndexerAttribute: 9a22284fe3817be447336de3de66b15e -> 
  custom:container-demuxer-webm: 4f35f7cbe854078d1ac9338744f61a02 -> 
  custom:scripting/monoscript/fileName/KitchenObjSoList.cs: f2125f59e1ed53735c6cda03e60eb5f5 -> a21d60e107038a457bb0764563fd4112
  custom:container-muxer-webm: aa71ff27fc2769a1b78a27578f13a17b -> 
  custom:scripting/monoscript/fileName/ClearCounter.cs: 5d0fbef6c2002d969e99320db672c5b6 -> 733019e1f683a3c33c1b0f446554f075
  custom:video-decoder-webm-vp8: 9c59270c3fd7afecdb556c50c9e8de78 -> 
  custom:SearchIndexIgnoredProperties: e643bd26f0fe6173181afceb89e7c659 -> 
  custom:AudioImporter_EditorPlatform: 3918e3fc78b5a79bad01e8451be0beb8 -> 
  custom:scripting/monoscript/fileName/PlayerInput.cs: 2cf7c0ee91f9e507fe6d9fc925a50b9a -> dc52ec71c24d6d3edde0b9151f58bd83
  custom:scripting/monoscript/fileName/CuttingCounter.cs: ad436e863b5d1be449c3a8adf4798ba8 -> 67b15e47c662030364c26877176af684
  custom:framework-osx-AVFoundation: e770b220cccbd017edd2c1fefb359320 -> 
  custom:scripting/monoscript/fileName/Fridge.cs: b903be7b317b737ad27e8a16c7f30f06 -> dd8c4daa899428dcafacf02625ba4447
  custom:video-encoder-webm-vp8: eb34c28f22e8b96e1ab97ce403110664 -> 
  custom:audio-decoder-ogg-vorbis: bf7c407c2cedff20999df2af8eb42d56 -> 
  custom:scripting/monoscript/fileName/BaseCounter.cs: cd6051b4b8cec3afd16185ce25b1a1f0 -> 8a8847f959b2c1c10c3f4716ae577bf0
  custom:scripting/monoscript/fileName/Player.cs: 5bb3fdd25abedb90511c7231fb5a2164 -> 007e2e63cbf915a2b71612a7f593548a
  custom:audio-encoder-webm-vorbis: bf7c407c2cedff20999df2af8eb42d56 -> 
  custom:scripting/precompiled-assembly-types:Assembly-CSharp: 64c3bf8f8d99dedb0b2a222ee1b13469 -> cd2bb9437acc37684b6413b74e80fa56
  custom:scripting/monoscript/fileName/ChopProgressBar.cs: 231b153a21cab90e5ff5b29fd1719d23 -> 
========================================================================
Received Import Request.
  Time since last request: 2385.464252 seconds.
  path: Assets/Scripts/CountersScripts/TrashCounter.cs
  artifactKey: Guid(725e78036056c422a9705f36a1ca9564) Importer(815301076,1909f56bfc062723c751e8b465ee728b)
Start importing Assets/Scripts/CountersScripts/TrashCounter.cs using Guid(725e78036056c422a9705f36a1ca9564) Importer(815301076,1909f56bfc062723c751e8b465ee728b) [PhysX] Initialized MultithreadedTaskDispatcher with 12 workers.
 -> (artifact id: 'f393c2ffd3b082f4530178847330bba9') in 0.000655 seconds
Number of updated asset objects reloaded before import = 0
Number of asset objects unloaded after import = 0
========================================================================
Received Prepare
Caller must complete domain reload
Begin MonoManager ReloadAssembly
Thread 0x16ddff000 may have been prematurely finalized
- Loaded All Assemblies, in  0.176 seconds
Native extension for Android target not found
Native extension for OSXStandalone target not found
Mono: successfully reloaded assembly
- Finished resetting the current domain, in  0.312 seconds
Domain Reload Profiling: 488ms
	BeginReloadAssembly (61ms)
		ExecutionOrderSort (0ms)
		DisableScriptedObjects (2ms)
		BackupInstance (0ms)
		ReleaseScriptingObjects (0ms)
		CreateAndSetChildDomain (20ms)
	RebuildCommonClasses (16ms)
	RebuildNativeTypeToScriptingClass (5ms)
	initialDomainReloadingComplete (9ms)
	LoadAllAssembliesAndSetupDomain (84ms)
		LoadAssemblies (90ms)
		RebuildTransferFunctionScriptingTraits (0ms)
		AnalyzeDomain (14ms)
			TypeCache.Refresh (5ms)
				TypeCache.ScanAssembly (0ms)
			ScanForSourceGeneratedMonoScriptInfo (6ms)
			ResolveRequiredComponents (3ms)
	FinalizeReload (312ms)
		ReleaseScriptCaches (0ms)
		RebuildScriptCaches (0ms)
		SetupLoadedEditorAssemblies (194ms)
			LogAssemblyErrors (0ms)
			InitializePlatformSupportModulesInManaged (5ms)
			SetLoadedEditorAssemblies (1ms)
			RefreshPlugins (0ms)
			BeforeProcessingInitializeOnLoad (21ms)
			ProcessInitializeOnLoadAttributes (158ms)
			ProcessInitializeOnLoadMethodAttributes (7ms)
			AfterProcessingInitializeOnLoad (0ms)
			EditorAssembliesLoaded (0ms)
		ExecutionOrderSort2 (0ms)
		AwakeInstancesAfterBackupRestoration (2ms)
Refreshing native plugins compatible for Editor in 0.51 ms, found 2 plugins.
Preloading 0 native plugins for Editor in 0.00 ms.
Unloading 3515 Unused Serialized files (Serialized files now loaded: 0)
Unloading 14 unused Assets / (28.7 KB). Loaded Objects now: 4104.
Memory consumption went from 296.8 MB to 296.7 MB.
Total: 1.693209 ms (FindLiveObjects: 0.109584 ms CreateObjectMapping: 0.027166 ms MarkObjects: 1.533334 ms  DeleteObjects: 0.022750 ms)

Prepare: number of updated asset objects reloaded= 0
AssetImportParameters requested are different than current active one (requested -> active):
  custom:scripting/monoscript/fileName/TrashCounter.cs: 88d16bed05c7fd027ca4415093501e86 -> 
  custom:container-demuxer-ogg: 62fdf1f143b41e24485cea50d1cbac27 -> 
  custom:scripting/monoscript/fileName/ChoopedIngredientSOList.cs: 7a0a9d8f0ad2d7dfec1b9330edda5b28 -> b93ebbe3d94e1c4fad23066bbb9cc5f7
  custom:video-decoder-ogg-theora: a1e56fd34408186e4bbccfd4996cb3dc -> 
  custom:CustomObjectIndexerAttribute: 9a22284fe3817be447336de3de66b15e -> 
  custom:container-demuxer-webm: 4f35f7cbe854078d1ac9338744f61a02 -> 
  custom:scripting/monoscript/fileName/KitchenObjSoList.cs: f2125f59e1ed53735c6cda03e60eb5f5 -> a21d60e107038a457bb0764563fd4112
  custom:container-muxer-webm: aa71ff27fc2769a1b78a27578f13a17b -> 
  custom:scripting/monoscript/fileName/ClearCounter.cs: 5d0fbef6c2002d969e99320db672c5b6 -> 733019e1f683a3c33c1b0f446554f075
  custom:video-decoder-webm-vp8: 9c59270c3fd7afecdb556c50c9e8de78 -> 
  custom:SearchIndexIgnoredProperties: e643bd26f0fe6173181afceb89e7c659 -> 
  custom:AudioImporter_EditorPlatform: 3918e3fc78b5a79bad01e8451be0beb8 -> 
  custom:scripting/monoscript/fileName/PlayerInput.cs: 2cf7c0ee91f9e507fe6d9fc925a50b9a -> dc52ec71c24d6d3edde0b9151f58bd83
  custom:scripting/monoscript/fileName/CuttingCounter.cs: ad436e863b5d1be449c3a8adf4798ba8 -> 67b15e47c662030364c26877176af684
  custom:framework-osx-AVFoundation: e770b220cccbd017edd2c1fefb359320 -> 
  custom:scripting/monoscript/fileName/Fridge.cs: b903be7b317b737ad27e8a16c7f30f06 -> dd8c4daa899428dcafacf02625ba4447
  custom:video-encoder-webm-vp8: eb34c28f22e8b96e1ab97ce403110664 -> 
  custom:audio-decoder-ogg-vorbis: bf7c407c2cedff20999df2af8eb42d56 -> 
  custom:scripting/monoscript/fileName/BaseCounter.cs: cd6051b4b8cec3afd16185ce25b1a1f0 -> 8a8847f959b2c1c10c3f4716ae577bf0
  custom:scripting/monoscript/fileName/Player.cs: 5bb3fdd25abedb90511c7231fb5a2164 -> 007e2e63cbf915a2b71612a7f593548a
  custom:audio-encoder-webm-vorbis: bf7c407c2cedff20999df2af8eb42d56 -> 
  custom:scripting/precompiled-assembly-types:Assembly-CSharp: 64c3bf8f8d99dedb0b2a222ee1b13469 -> cd2bb9437acc37684b6413b74e80fa56
  custom:scripting/monoscript/fileName/ChopProgressBar.cs: 231b153a21cab90e5ff5b29fd1719d23 -> 
========================================================================
Received Import Request.
  Time since last request: 98.841665 seconds.
  path: Assets/Scripts/CountersScripts/TrashCounter.cs
  artifactKey: Guid(725e78036056c422a9705f36a1ca9564) Importer(815301076,1909f56bfc062723c751e8b465ee728b)
Start importing Assets/Scripts/CountersScripts/TrashCounter.cs using Guid(725e78036056c422a9705f36a1ca9564) Importer(815301076,1909f56bfc062723c751e8b465ee728b) [PhysX] Initialized MultithreadedTaskDispatcher with 12 workers.
 -> (artifact id: '57a111a89d5d8975cd6da116e37772c5') in 0.000806 seconds
Number of updated asset objects reloaded before import = 0
Number of asset objects unloaded after import = 0
========================================================================
Received Prepare
Caller must complete domain reload
Begin MonoManager ReloadAssembly
Thread 0x16ddff000 may have been prematurely finalized
- Loaded All Assemblies, in  0.166 seconds
Native extension for Android target not found
Native extension for OSXStandalone target not found
Mono: successfully reloaded assembly
- Finished resetting the current domain, in  0.330 seconds
Domain Reload Profiling: 495ms
	BeginReloadAssembly (60ms)
		ExecutionOrderSort (0ms)
		DisableScriptedObjects (2ms)
		BackupInstance (0ms)
		ReleaseScriptingObjects (0ms)
		CreateAndSetChildDomain (20ms)
	RebuildCommonClasses (16ms)
	RebuildNativeTypeToScriptingClass (5ms)
	initialDomainReloadingComplete (9ms)
	LoadAllAssembliesAndSetupDomain (75ms)
		LoadAssemblies (87ms)
		RebuildTransferFunctionScriptingTraits (0ms)
		AnalyzeDomain (7ms)
			TypeCache.Refresh (3ms)
				TypeCache.ScanAssembly (0ms)
			ScanForSourceGeneratedMonoScriptInfo (0ms)
			ResolveRequiredComponents (3ms)
	FinalizeReload (330ms)
		ReleaseScriptCaches (0ms)
		RebuildScriptCaches (0ms)
		SetupLoadedEditorAssemblies (206ms)
			LogAssemblyErrors (0ms)
			InitializePlatformSupportModulesInManaged (5ms)
			SetLoadedEditorAssemblies (1ms)
			RefreshPlugins (0ms)
			BeforeProcessingInitializeOnLoad (22ms)
			ProcessInitializeOnLoadAttributes (168ms)
			ProcessInitializeOnLoadMethodAttributes (8ms)
			AfterProcessingInitializeOnLoad (0ms)
			EditorAssembliesLoaded (0ms)
		ExecutionOrderSort2 (0ms)
		AwakeInstancesAfterBackupRestoration (1ms)
Refreshing native plugins compatible for Editor in 0.54 ms, found 2 plugins.
Preloading 0 native plugins for Editor in 0.00 ms.
Unloading 3515 Unused Serialized files (Serialized files now loaded: 0)
Unloading 14 unused Assets / (28.7 KB). Loaded Objects now: 4107.
Memory consumption went from 302.9 MB to 302.8 MB.
Total: 1.951208 ms (FindLiveObjects: 0.103458 ms CreateObjectMapping: 0.028667 ms MarkObjects: 1.790500 ms  DeleteObjects: 0.028166 ms)

Prepare: number of updated asset objects reloaded= 0
AssetImportParameters requested are different than current active one (requested -> active):
  custom:scripting/monoscript/fileName/TrashCounter.cs: 88d16bed05c7fd027ca4415093501e86 -> 
  custom:container-demuxer-ogg: 62fdf1f143b41e24485cea50d1cbac27 -> 
  custom:scripting/monoscript/fileName/ChoopedIngredientSOList.cs: 7a0a9d8f0ad2d7dfec1b9330edda5b28 -> b93ebbe3d94e1c4fad23066bbb9cc5f7
  custom:video-decoder-ogg-theora: a1e56fd34408186e4bbccfd4996cb3dc -> 
  custom:CustomObjectIndexerAttribute: 9a22284fe3817be447336de3de66b15e -> 
  custom:container-demuxer-webm: 4f35f7cbe854078d1ac9338744f61a02 -> 
  custom:scripting/monoscript/fileName/KitchenObjSoList.cs: f2125f59e1ed53735c6cda03e60eb5f5 -> a21d60e107038a457bb0764563fd4112
  custom:container-muxer-webm: aa71ff27fc2769a1b78a27578f13a17b -> 
  custom:scripting/monoscript/fileName/ClearCounter.cs: 5d0fbef6c2002d969e99320db672c5b6 -> 733019e1f683a3c33c1b0f446554f075
  custom:video-decoder-webm-vp8: 9c59270c3fd7afecdb556c50c9e8de78 -> 
  custom:SearchIndexIgnoredProperties: e643bd26f0fe6173181afceb89e7c659 -> 
  custom:AudioImporter_EditorPlatform: 3918e3fc78b5a79bad01e8451be0beb8 -> 
  custom:scripting/monoscript/fileName/PlayerInput.cs: 2cf7c0ee91f9e507fe6d9fc925a50b9a -> dc52ec71c24d6d3edde0b9151f58bd83
  custom:scripting/monoscript/fileName/CuttingCounter.cs: ad436e863b5d1be449c3a8adf4798ba8 -> 67b15e47c662030364c26877176af684
  custom:framework-osx-AVFoundation: e770b220cccbd017edd2c1fefb359320 -> 
  custom:scripting/monoscript/fileName/Fridge.cs: b903be7b317b737ad27e8a16c7f30f06 -> dd8c4daa899428dcafacf02625ba4447
  custom:video-encoder-webm-vp8: eb34c28f22e8b96e1ab97ce403110664 -> 
  custom:audio-decoder-ogg-vorbis: bf7c407c2cedff20999df2af8eb42d56 -> 
  custom:scripting/monoscript/fileName/BaseCounter.cs: cd6051b4b8cec3afd16185ce25b1a1f0 -> 8a8847f959b2c1c10c3f4716ae577bf0
  custom:scripting/monoscript/fileName/Player.cs: 5bb3fdd25abedb90511c7231fb5a2164 -> 007e2e63cbf915a2b71612a7f593548a
  custom:audio-encoder-webm-vorbis: bf7c407c2cedff20999df2af8eb42d56 -> 
  custom:scripting/precompiled-assembly-types:Assembly-CSharp: 64c3bf8f8d99dedb0b2a222ee1b13469 -> cd2bb9437acc37684b6413b74e80fa56
  custom:scripting/monoscript/fileName/ChopProgressBar.cs: 231b153a21cab90e5ff5b29fd1719d23 -> 
========================================================================
Received Prepare
Caller must complete domain reload
Begin MonoManager ReloadAssembly
Thread 0x16ddff000 may have been prematurely finalized
- Loaded All Assemblies, in  0.177 seconds
Native extension for Android target not found
Native extension for OSXStandalone target not found
Mono: successfully reloaded assembly
- Finished resetting the current domain, in  0.470 seconds
Domain Reload Profiling: 647ms
	BeginReloadAssembly (62ms)
		ExecutionOrderSort (0ms)
		DisableScriptedObjects (2ms)
		BackupInstance (0ms)
		ReleaseScriptingObjects (0ms)
		CreateAndSetChildDomain (21ms)
	RebuildCommonClasses (17ms)
	RebuildNativeTypeToScriptingClass (5ms)
	initialDomainReloadingComplete (9ms)
	LoadAllAssembliesAndSetupDomain (84ms)
		LoadAssemblies (90ms)
		RebuildTransferFunctionScriptingTraits (0ms)
		AnalyzeDomain (15ms)
			TypeCache.Refresh (5ms)
				TypeCache.ScanAssembly (0ms)
			ScanForSourceGeneratedMonoScriptInfo (7ms)
			ResolveRequiredComponents (3ms)
	FinalizeReload (470ms)
		ReleaseScriptCaches (0ms)
		RebuildScriptCaches (0ms)
		SetupLoadedEditorAssemblies (192ms)
			LogAssemblyErrors (0ms)
			InitializePlatformSupportModulesInManaged (5ms)
			SetLoadedEditorAssemblies (1ms)
			RefreshPlugins (0ms)
			BeforeProcessingInitializeOnLoad (21ms)
			ProcessInitializeOnLoadAttributes (156ms)
			ProcessInitializeOnLoadMethodAttributes (7ms)
			AfterProcessingInitializeOnLoad (0ms)
			EditorAssembliesLoaded (0ms)
		ExecutionOrderSort2 (0ms)
		AwakeInstancesAfterBackupRestoration (1ms)
Refreshing native plugins compatible for Editor in 0.57 ms, found 2 plugins.
Preloading 0 native plugins for Editor in 0.00 ms.
Unloading 3517 Unused Serialized files (Serialized files now loaded: 0)
Unloading 14 unused Assets / (28.9 KB). Loaded Objects now: 4111.
Memory consumption went from 309.1 MB to 309.1 MB.
Total: 1.648084 ms (FindLiveObjects: 0.109000 ms CreateObjectMapping: 0.030083 ms MarkObjects: 1.488667 ms  DeleteObjects: 0.019792 ms)

Prepare: number of updated asset objects reloaded= 0
AssetImportParameters requested are different than current active one (requested -> active):
  custom:scripting/monoscript/fileName/TrashCounter.cs: 88d16bed05c7fd027ca4415093501e86 -> 
  custom:container-demuxer-ogg: 62fdf1f143b41e24485cea50d1cbac27 -> 
  custom:scripting/monoscript/fileName/ChoopedIngredientSOList.cs: 7a0a9d8f0ad2d7dfec1b9330edda5b28 -> b93ebbe3d94e1c4fad23066bbb9cc5f7
  custom:scripting/monoscript/fileName/StoveCounter.cs: 84bb839d307067d4875a5b032ccb12b3 -> 
  custom:video-decoder-ogg-theora: a1e56fd34408186e4bbccfd4996cb3dc -> 
  custom:CustomObjectIndexerAttribute: 9a22284fe3817be447336de3de66b15e -> 
  custom:container-demuxer-webm: 4f35f7cbe854078d1ac9338744f61a02 -> 
  custom:scripting/monoscript/fileName/KitchenObjSoList.cs: f2125f59e1ed53735c6cda03e60eb5f5 -> a21d60e107038a457bb0764563fd4112
  custom:container-muxer-webm: aa71ff27fc2769a1b78a27578f13a17b -> 
  custom:scripting/monoscript/fileName/ClearCounter.cs: 5d0fbef6c2002d969e99320db672c5b6 -> 733019e1f683a3c33c1b0f446554f075
  custom:video-decoder-webm-vp8: 9c59270c3fd7afecdb556c50c9e8de78 -> 
  custom:SearchIndexIgnoredProperties: e643bd26f0fe6173181afceb89e7c659 -> 
  custom:AudioImporter_EditorPlatform: 3918e3fc78b5a79bad01e8451be0beb8 -> 
  custom:scripting/monoscript/fileName/PlayerInput.cs: 2cf7c0ee91f9e507fe6d9fc925a50b9a -> dc52ec71c24d6d3edde0b9151f58bd83
  custom:scripting/monoscript/fileName/CuttingCounter.cs: ad436e863b5d1be449c3a8adf4798ba8 -> 67b15e47c662030364c26877176af684
  custom:framework-osx-AVFoundation: e770b220cccbd017edd2c1fefb359320 -> 
  custom:scripting/monoscript/fileName/Fridge.cs: b903be7b317b737ad27e8a16c7f30f06 -> dd8c4daa899428dcafacf02625ba4447
  custom:video-encoder-webm-vp8: eb34c28f22e8b96e1ab97ce403110664 -> 
  custom:audio-decoder-ogg-vorbis: bf7c407c2cedff20999df2af8eb42d56 -> 
  custom:scripting/monoscript/fileName/BaseCounter.cs: cd6051b4b8cec3afd16185ce25b1a1f0 -> 8a8847f959b2c1c10c3f4716ae577bf0
  custom:scripting/monoscript/fileName/Player.cs: 5bb3fdd25abedb90511c7231fb5a2164 -> 007e2e63cbf915a2b71612a7f593548a
  custom:audio-encoder-webm-vorbis: bf7c407c2cedff20999df2af8eb42d56 -> 
  custom:scripting/precompiled-assembly-types:Assembly-CSharp: 8c608094bb25ba5f9fda4ee5448bef1a -> cd2bb9437acc37684b6413b74e80fa56
  custom:scripting/monoscript/fileName/ChopProgressBar.cs: 231b153a21cab90e5ff5b29fd1719d23 -> 
========================================================================
Received Import Request.
  Time since last request: 262.113476 seconds.
  path: Assets/Scripts/CountersScripts/StoveCounter.cs
  artifactKey: Guid(f5f4aa2f7d92646e3aff6a9764a903fb) Importer(815301076,1909f56bfc062723c751e8b465ee728b)
Start importing Assets/Scripts/CountersScripts/StoveCounter.cs using Guid(f5f4aa2f7d92646e3aff6a9764a903fb) Importer(815301076,1909f56bfc062723c751e8b465ee728b) [PhysX] Initialized MultithreadedTaskDispatcher with 12 workers.
 -> (artifact id: '48725671635924f93f34f1c579a3126e') in 0.000777 seconds
Number of updated asset objects reloaded before import = 0
Number of asset objects unloaded after import = 0
========================================================================
Received Prepare
Caller must complete domain reload
Begin MonoManager ReloadAssembly
Thread 0x16ddff000 may have been prematurely finalized
- Loaded All Assemblies, in  0.170 seconds
Native extension for Android target not found
Native extension for OSXStandalone target not found
Mono: successfully reloaded assembly
- Finished resetting the current domain, in  0.320 seconds
Domain Reload Profiling: 490ms
	BeginReloadAssembly (60ms)
		ExecutionOrderSort (0ms)
		DisableScriptedObjects (2ms)
		BackupInstance (0ms)
		ReleaseScriptingObjects (0ms)
		CreateAndSetChildDomain (20ms)
	RebuildCommonClasses (16ms)
	RebuildNativeTypeToScriptingClass (5ms)
	initialDomainReloadingComplete (9ms)
	LoadAllAssembliesAndSetupDomain (79ms)
		LoadAssemblies (85ms)
		RebuildTransferFunctionScriptingTraits (0ms)
		AnalyzeDomain (14ms)
			TypeCache.Refresh (5ms)
				TypeCache.ScanAssembly (0ms)
			ScanForSourceGeneratedMonoScriptInfo (7ms)
			ResolveRequiredComponents (2ms)
	FinalizeReload (320ms)
		ReleaseScriptCaches (0ms)
		RebuildScriptCaches (0ms)
		SetupLoadedEditorAssemblies (195ms)
			LogAssemblyErrors (0ms)
			InitializePlatformSupportModulesInManaged (6ms)
			SetLoadedEditorAssemblies (1ms)
			RefreshPlugins (0ms)
			BeforeProcessingInitializeOnLoad (21ms)
			ProcessInitializeOnLoadAttributes (159ms)
			ProcessInitializeOnLoadMethodAttributes (7ms)
			AfterProcessingInitializeOnLoad (0ms)
			EditorAssembliesLoaded (0ms)
		ExecutionOrderSort2 (0ms)
		AwakeInstancesAfterBackupRestoration (2ms)
Refreshing native plugins compatible for Editor in 0.49 ms, found 2 plugins.
Preloading 0 native plugins for Editor in 0.00 ms.
Unloading 3516 Unused Serialized files (Serialized files now loaded: 0)
Unloading 14 unused Assets / (28.7 KB). Loaded Objects now: 4114.
Memory consumption went from 315.0 MB to 315.0 MB.
Total: 1.829333 ms (FindLiveObjects: 0.111250 ms CreateObjectMapping: 0.031250 ms MarkObjects: 1.660375 ms  DeleteObjects: 0.026000 ms)

Prepare: number of updated asset objects reloaded= 0
AssetImportParameters requested are different than current active one (requested -> active):
  custom:scripting/monoscript/fileName/TrashCounter.cs: 88d16bed05c7fd027ca4415093501e86 -> 
  custom:container-demuxer-ogg: 62fdf1f143b41e24485cea50d1cbac27 -> 
  custom:scripting/monoscript/fileName/ChoopedIngredientSOList.cs: 7a0a9d8f0ad2d7dfec1b9330edda5b28 -> b93ebbe3d94e1c4fad23066bbb9cc5f7
  custom:scripting/monoscript/fileName/StoveCounter.cs: 84bb839d307067d4875a5b032ccb12b3 -> 
  custom:video-decoder-ogg-theora: a1e56fd34408186e4bbccfd4996cb3dc -> 
  custom:CustomObjectIndexerAttribute: 9a22284fe3817be447336de3de66b15e -> 
  custom:container-demuxer-webm: 4f35f7cbe854078d1ac9338744f61a02 -> 
  custom:scripting/monoscript/fileName/KitchenObjSoList.cs: f2125f59e1ed53735c6cda03e60eb5f5 -> a21d60e107038a457bb0764563fd4112
  custom:container-muxer-webm: aa71ff27fc2769a1b78a27578f13a17b -> 
  custom:scripting/monoscript/fileName/ClearCounter.cs: 5d0fbef6c2002d969e99320db672c5b6 -> 733019e1f683a3c33c1b0f446554f075
  custom:video-decoder-webm-vp8: 9c59270c3fd7afecdb556c50c9e8de78 -> 
  custom:SearchIndexIgnoredProperties: e643bd26f0fe6173181afceb89e7c659 -> 
  custom:AudioImporter_EditorPlatform: 3918e3fc78b5a79bad01e8451be0beb8 -> 
  custom:scripting/monoscript/fileName/PlayerInput.cs: 2cf7c0ee91f9e507fe6d9fc925a50b9a -> dc52ec71c24d6d3edde0b9151f58bd83
  custom:scripting/monoscript/fileName/CuttingCounter.cs: ad436e863b5d1be449c3a8adf4798ba8 -> 67b15e47c662030364c26877176af684
  custom:framework-osx-AVFoundation: e770b220cccbd017edd2c1fefb359320 -> 
  custom:scripting/monoscript/fileName/Fridge.cs: b903be7b317b737ad27e8a16c7f30f06 -> dd8c4daa899428dcafacf02625ba4447
  custom:video-encoder-webm-vp8: eb34c28f22e8b96e1ab97ce403110664 -> 
  custom:audio-decoder-ogg-vorbis: bf7c407c2cedff20999df2af8eb42d56 -> 
  custom:scripting/monoscript/fileName/BaseCounter.cs: cd6051b4b8cec3afd16185ce25b1a1f0 -> 8a8847f959b2c1c10c3f4716ae577bf0
  custom:scripting/monoscript/fileName/Player.cs: 5bb3fdd25abedb90511c7231fb5a2164 -> 007e2e63cbf915a2b71612a7f593548a
  custom:audio-encoder-webm-vorbis: bf7c407c2cedff20999df2af8eb42d56 -> 
  custom:scripting/precompiled-assembly-types:Assembly-CSharp: ca259b4964f173d364209ac9a70307a1 -> cd2bb9437acc37684b6413b74e80fa56
  custom:scripting/monoscript/fileName/ChopProgressBar.cs: 231b153a21cab90e5ff5b29fd1719d23 -> 
========================================================================
Received Prepare
Caller must complete domain reload
Begin MonoManager ReloadAssembly
Thread 0x16ddff000 may have been prematurely finalized
- Loaded All Assemblies, in  0.172 seconds
Native extension for Android target not found
Native extension for OSXStandalone target not found
Mono: successfully reloaded assembly
- Finished resetting the current domain, in  0.320 seconds
Domain Reload Profiling: 492ms
	BeginReloadAssembly (60ms)
		ExecutionOrderSort (0ms)
		DisableScriptedObjects (2ms)
		BackupInstance (0ms)
		ReleaseScriptingObjects (0ms)
		CreateAndSetChildDomain (20ms)
	RebuildCommonClasses (16ms)
	RebuildNativeTypeToScriptingClass (5ms)
	initialDomainReloadingComplete (9ms)
	LoadAllAssembliesAndSetupDomain (81ms)
		LoadAssemblies (86ms)
		RebuildTransferFunctionScriptingTraits (0ms)
		AnalyzeDomain (15ms)
			TypeCache.Refresh (5ms)
				TypeCache.ScanAssembly (0ms)
			ScanForSourceGeneratedMonoScriptInfo (7ms)
			ResolveRequiredComponents (3ms)
	FinalizeReload (320ms)
		ReleaseScriptCaches (0ms)
		RebuildScriptCaches (0ms)
		SetupLoadedEditorAssemblies (195ms)
			LogAssemblyErrors (0ms)
			InitializePlatformSupportModulesInManaged (5ms)
			SetLoadedEditorAssemblies (2ms)
			RefreshPlugins (0ms)
			BeforeProcessingInitializeOnLoad (21ms)
			ProcessInitializeOnLoadAttributes (160ms)
			ProcessInitializeOnLoadMethodAttributes (7ms)
			AfterProcessingInitializeOnLoad (1ms)
			EditorAssembliesLoaded (0ms)
		ExecutionOrderSort2 (0ms)
		AwakeInstancesAfterBackupRestoration (1ms)
Refreshing native plugins compatible for Editor in 0.49 ms, found 2 plugins.
Preloading 0 native plugins for Editor in 0.00 ms.
Unloading 3518 Unused Serialized files (Serialized files now loaded: 0)
Unloading 14 unused Assets / (28.8 KB). Loaded Objects now: 4118.
Memory consumption went from 321.2 MB to 321.2 MB.
Total: 1.728916 ms (FindLiveObjects: 0.108875 ms CreateObjectMapping: 0.027334 ms MarkObjects: 1.568583 ms  DeleteObjects: 0.023708 ms)

Prepare: number of updated asset objects reloaded= 0
AssetImportParameters requested are different than current active one (requested -> active):
  custom:scripting/monoscript/fileName/TrashCounter.cs: 88d16bed05c7fd027ca4415093501e86 -> 
  custom:container-demuxer-ogg: 62fdf1f143b41e24485cea50d1cbac27 -> 
  custom:scripting/monoscript/fileName/ChoopedIngredientSOList.cs: 7a0a9d8f0ad2d7dfec1b9330edda5b28 -> b93ebbe3d94e1c4fad23066bbb9cc5f7
  custom:scripting/monoscript/fileName/StoveCounter.cs: 84bb839d307067d4875a5b032ccb12b3 -> 
  custom:video-decoder-ogg-theora: a1e56fd34408186e4bbccfd4996cb3dc -> 
  custom:CustomObjectIndexerAttribute: 9a22284fe3817be447336de3de66b15e -> 
  custom:scripting/monoscript/fileName/FryingObjectSOList.cs: 8555ac54c9db1914127a83e645bb2996 -> 
  custom:container-demuxer-webm: 4f35f7cbe854078d1ac9338744f61a02 -> 
  custom:scripting/monoscript/fileName/KitchenObjSoList.cs: f2125f59e1ed53735c6cda03e60eb5f5 -> a21d60e107038a457bb0764563fd4112
  custom:container-muxer-webm: aa71ff27fc2769a1b78a27578f13a17b -> 
  custom:scripting/monoscript/fileName/ClearCounter.cs: 5d0fbef6c2002d969e99320db672c5b6 -> 733019e1f683a3c33c1b0f446554f075
  custom:video-decoder-webm-vp8: 9c59270c3fd7afecdb556c50c9e8de78 -> 
  custom:SearchIndexIgnoredProperties: e643bd26f0fe6173181afceb89e7c659 -> 
  custom:AudioImporter_EditorPlatform: 3918e3fc78b5a79bad01e8451be0beb8 -> 
  custom:scripting/monoscript/fileName/PlayerInput.cs: 2cf7c0ee91f9e507fe6d9fc925a50b9a -> dc52ec71c24d6d3edde0b9151f58bd83
  custom:scripting/monoscript/fileName/CuttingCounter.cs: ad436e863b5d1be449c3a8adf4798ba8 -> 67b15e47c662030364c26877176af684
  custom:framework-osx-AVFoundation: e770b220cccbd017edd2c1fefb359320 -> 
  custom:scripting/monoscript/fileName/Fridge.cs: b903be7b317b737ad27e8a16c7f30f06 -> dd8c4daa899428dcafacf02625ba4447
  custom:video-encoder-webm-vp8: eb34c28f22e8b96e1ab97ce403110664 -> 
  custom:audio-decoder-ogg-vorbis: bf7c407c2cedff20999df2af8eb42d56 -> 
  custom:scripting/monoscript/fileName/BaseCounter.cs: cd6051b4b8cec3afd16185ce25b1a1f0 -> 8a8847f959b2c1c10c3f4716ae577bf0
  custom:scripting/monoscript/fileName/Player.cs: 5bb3fdd25abedb90511c7231fb5a2164 -> 007e2e63cbf915a2b71612a7f593548a
  custom:audio-encoder-webm-vorbis: bf7c407c2cedff20999df2af8eb42d56 -> 
  custom:scripting/precompiled-assembly-types:Assembly-CSharp: 260361bbb16978e6ea68b3994cfdb4f8 -> cd2bb9437acc37684b6413b74e80fa56
  custom:scripting/monoscript/fileName/ChopProgressBar.cs: 231b153a21cab90e5ff5b29fd1719d23 -> 
========================================================================
Received Import Request.
  Time since last request: 171.326224 seconds.
  path: Assets/Scripts/SOScripts/FryingObjectSOList.cs
  artifactKey: Guid(f29d0738483b04a988d070503275435d) Importer(815301076,1909f56bfc062723c751e8b465ee728b)
Start importing Assets/Scripts/SOScripts/FryingObjectSOList.cs using Guid(f29d0738483b04a988d070503275435d) Importer(815301076,1909f56bfc062723c751e8b465ee728b) [PhysX] Initialized MultithreadedTaskDispatcher with 12 workers.
 -> (artifact id: 'ee82d99a11812a425b114a6e43edbf4d') in 0.000792 seconds
Number of updated asset objects reloaded before import = 0
Number of asset objects unloaded after import = 0
========================================================================
Received Prepare
Caller must complete domain reload
Begin MonoManager ReloadAssembly
Thread 0x16ddff000 may have been prematurely finalized
- Loaded All Assemblies, in  0.171 seconds
Native extension for Android target not found
Native extension for OSXStandalone target not found
Mono: successfully reloaded assembly
- Finished resetting the current domain, in  0.313 seconds
Domain Reload Profiling: 484ms
	BeginReloadAssembly (60ms)
		ExecutionOrderSort (0ms)
		DisableScriptedObjects (2ms)
		BackupInstance (0ms)
		ReleaseScriptingObjects (0ms)
		CreateAndSetChildDomain (20ms)
	RebuildCommonClasses (16ms)
	RebuildNativeTypeToScriptingClass (5ms)
	initialDomainReloadingComplete (9ms)
	LoadAllAssembliesAndSetupDomain (80ms)
		LoadAssemblies (84ms)
		RebuildTransferFunctionScriptingTraits (0ms)
		AnalyzeDomain (15ms)
			TypeCache.Refresh (5ms)
				TypeCache.ScanAssembly (0ms)
			ScanForSourceGeneratedMonoScriptInfo (7ms)
			ResolveRequiredComponents (3ms)
	FinalizeReload (313ms)
		ReleaseScriptCaches (0ms)
		RebuildScriptCaches (0ms)
		SetupLoadedEditorAssemblies (190ms)
			LogAssemblyErrors (0ms)
			InitializePlatformSupportModulesInManaged (5ms)
			SetLoadedEditorAssemblies (1ms)
			RefreshPlugins (0ms)
			BeforeProcessingInitializeOnLoad (22ms)
			ProcessInitializeOnLoadAttributes (154ms)
			ProcessInitializeOnLoadMethodAttributes (7ms)
			AfterProcessingInitializeOnLoad (0ms)
			EditorAssembliesLoaded (0ms)
		ExecutionOrderSort2 (0ms)
		AwakeInstancesAfterBackupRestoration (1ms)
Refreshing native plugins compatible for Editor in 0.49 ms, found 2 plugins.
Preloading 0 native plugins for Editor in 0.00 ms.
Unloading 3517 Unused Serialized files (Serialized files now loaded: 0)
Unloading 14 unused Assets / (28.8 KB). Loaded Objects now: 4121.
Memory consumption went from 327.1 MB to 327.1 MB.
Total: 1.666583 ms (FindLiveObjects: 0.099250 ms CreateObjectMapping: 0.029167 ms MarkObjects: 1.512625 ms  DeleteObjects: 0.025208 ms)

Prepare: number of updated asset objects reloaded= 0
AssetImportParameters requested are different than current active one (requested -> active):
  custom:scripting/monoscript/fileName/TrashCounter.cs: 88d16bed05c7fd027ca4415093501e86 -> 
  custom:container-demuxer-ogg: 62fdf1f143b41e24485cea50d1cbac27 -> 
  custom:scripting/monoscript/fileName/ChoopedIngredientSOList.cs: 7a0a9d8f0ad2d7dfec1b9330edda5b28 -> b93ebbe3d94e1c4fad23066bbb9cc5f7
  custom:scripting/monoscript/fileName/StoveCounter.cs: 84bb839d307067d4875a5b032ccb12b3 -> 
  custom:video-decoder-ogg-theora: a1e56fd34408186e4bbccfd4996cb3dc -> 
  custom:CustomObjectIndexerAttribute: 9a22284fe3817be447336de3de66b15e -> 
  custom:scripting/monoscript/fileName/FryingObjectSOList.cs: 46bd82644a8c913fd7d8784ffcb2625c -> 
  custom:container-demuxer-webm: 4f35f7cbe854078d1ac9338744f61a02 -> 
  custom:scripting/monoscript/fileName/KitchenObjSoList.cs: f2125f59e1ed53735c6cda03e60eb5f5 -> a21d60e107038a457bb0764563fd4112
  custom:container-muxer-webm: aa71ff27fc2769a1b78a27578f13a17b -> 
  custom:scripting/monoscript/fileName/ClearCounter.cs: 5d0fbef6c2002d969e99320db672c5b6 -> 733019e1f683a3c33c1b0f446554f075
  custom:video-decoder-webm-vp8: 9c59270c3fd7afecdb556c50c9e8de78 -> 
  custom:SearchIndexIgnoredProperties: e643bd26f0fe6173181afceb89e7c659 -> 
  custom:AudioImporter_EditorPlatform: 3918e3fc78b5a79bad01e8451be0beb8 -> 
  custom:scripting/monoscript/fileName/PlayerInput.cs: 2cf7c0ee91f9e507fe6d9fc925a50b9a -> dc52ec71c24d6d3edde0b9151f58bd83
  custom:scripting/monoscript/fileName/CuttingCounter.cs: ad436e863b5d1be449c3a8adf4798ba8 -> 67b15e47c662030364c26877176af684
  custom:framework-osx-AVFoundation: e770b220cccbd017edd2c1fefb359320 -> 
  custom:scripting/monoscript/fileName/Fridge.cs: b903be7b317b737ad27e8a16c7f30f06 -> dd8c4daa899428dcafacf02625ba4447
  custom:video-encoder-webm-vp8: eb34c28f22e8b96e1ab97ce403110664 -> 
  custom:audio-decoder-ogg-vorbis: bf7c407c2cedff20999df2af8eb42d56 -> 
  custom:scripting/monoscript/fileName/BaseCounter.cs: cd6051b4b8cec3afd16185ce25b1a1f0 -> 8a8847f959b2c1c10c3f4716ae577bf0
  custom:scripting/monoscript/fileName/Player.cs: 5bb3fdd25abedb90511c7231fb5a2164 -> 007e2e63cbf915a2b71612a7f593548a
  custom:audio-encoder-webm-vorbis: bf7c407c2cedff20999df2af8eb42d56 -> 
  custom:scripting/precompiled-assembly-types:Assembly-CSharp: d547453e8da30c42783a9cc5736b3c04 -> cd2bb9437acc37684b6413b74e80fa56
  custom:scripting/monoscript/fileName/ChopProgressBar.cs: 231b153a21cab90e5ff5b29fd1719d23 -> 
========================================================================
Received Prepare
Caller must complete domain reload
Begin MonoManager ReloadAssembly
Thread 0x16ddff000 may have been prematurely finalized
- Loaded All Assemblies, in  0.168 seconds
Native extension for Android target not found
Native extension for OSXStandalone target not found
Mono: successfully reloaded assembly
- Finished resetting the current domain, in  0.312 seconds
Domain Reload Profiling: 480ms
	BeginReloadAssembly (60ms)
		ExecutionOrderSort (0ms)
		DisableScriptedObjects (2ms)
		BackupInstance (0ms)
		ReleaseScriptingObjects (0ms)
		CreateAndSetChildDomain (20ms)
	RebuildCommonClasses (16ms)
	RebuildNativeTypeToScriptingClass (5ms)
	initialDomainReloadingComplete (9ms)
	LoadAllAssembliesAndSetupDomain (78ms)
		LoadAssemblies (83ms)
		RebuildTransferFunctionScriptingTraits (0ms)
		AnalyzeDomain (14ms)
			TypeCache.Refresh (5ms)
				TypeCache.ScanAssembly (0ms)
			ScanForSourceGeneratedMonoScriptInfo (6ms)
			ResolveRequiredComponents (3ms)
	FinalizeReload (312ms)
		ReleaseScriptCaches (0ms)
		RebuildScriptCaches (0ms)
		SetupLoadedEditorAssemblies (187ms)
			LogAssemblyErrors (0ms)
			InitializePlatformSupportModulesInManaged (6ms)
			SetLoadedEditorAssemblies (2ms)
			RefreshPlugins (0ms)
			BeforeProcessingInitializeOnLoad (21ms)
			ProcessInitializeOnLoadAttributes (151ms)
			ProcessInitializeOnLoadMethodAttributes (7ms)
			AfterProcessingInitializeOnLoad (0ms)
			EditorAssembliesLoaded (0ms)
		ExecutionOrderSort2 (0ms)
		AwakeInstancesAfterBackupRestoration (1ms)
Refreshing native plugins compatible for Editor in 0.47 ms, found 2 plugins.
Preloading 0 native plugins for Editor in 0.00 ms.
Unloading 3518 Unused Serialized files (Serialized files now loaded: 0)
Unloading 14 unused Assets / (28.8 KB). Loaded Objects now: 4124.
Memory consumption went from 333.3 MB to 333.3 MB.
Total: 1.649459 ms (FindLiveObjects: 0.108458 ms CreateObjectMapping: 0.037334 ms MarkObjects: 1.477459 ms  DeleteObjects: 0.025500 ms)

Prepare: number of updated asset objects reloaded= 0
AssetImportParameters requested are different than current active one (requested -> active):
  custom:scripting/monoscript/fileName/TrashCounter.cs: 88d16bed05c7fd027ca4415093501e86 -> 
  custom:container-demuxer-ogg: 62fdf1f143b41e24485cea50d1cbac27 -> 
  custom:scripting/monoscript/fileName/ChoopedIngredientSOList.cs: 7a0a9d8f0ad2d7dfec1b9330edda5b28 -> b93ebbe3d94e1c4fad23066bbb9cc5f7
  custom:scripting/monoscript/fileName/StoveCounter.cs: 84bb839d307067d4875a5b032ccb12b3 -> 
  custom:video-decoder-ogg-theora: a1e56fd34408186e4bbccfd4996cb3dc -> 
  custom:CustomObjectIndexerAttribute: 9a22284fe3817be447336de3de66b15e -> 
  custom:scripting/monoscript/fileName/FryingObjectSOList.cs: 46bd82644a8c913fd7d8784ffcb2625c -> 
  custom:container-demuxer-webm: 4f35f7cbe854078d1ac9338744f61a02 -> 
  custom:scripting/monoscript/fileName/KitchenObjSoList.cs: f2125f59e1ed53735c6cda03e60eb5f5 -> a21d60e107038a457bb0764563fd4112
  custom:container-muxer-webm: aa71ff27fc2769a1b78a27578f13a17b -> 
  custom:scripting/monoscript/fileName/ClearCounter.cs: 5d0fbef6c2002d969e99320db672c5b6 -> 733019e1f683a3c33c1b0f446554f075
  custom:video-decoder-webm-vp8: 9c59270c3fd7afecdb556c50c9e8de78 -> 
  custom:SearchIndexIgnoredProperties: e643bd26f0fe6173181afceb89e7c659 -> 
  custom:AudioImporter_EditorPlatform: 3918e3fc78b5a79bad01e8451be0beb8 -> 
  custom:scripting/monoscript/fileName/PlayerInput.cs: 2cf7c0ee91f9e507fe6d9fc925a50b9a -> dc52ec71c24d6d3edde0b9151f58bd83
  custom:scripting/monoscript/fileName/CuttingCounter.cs: ad436e863b5d1be449c3a8adf4798ba8 -> 67b15e47c662030364c26877176af684
  custom:framework-osx-AVFoundation: e770b220cccbd017edd2c1fefb359320 -> 
  custom:scripting/monoscript/fileName/Fridge.cs: b903be7b317b737ad27e8a16c7f30f06 -> dd8c4daa899428dcafacf02625ba4447
  custom:video-encoder-webm-vp8: eb34c28f22e8b96e1ab97ce403110664 -> 
  custom:audio-decoder-ogg-vorbis: bf7c407c2cedff20999df2af8eb42d56 -> 
  custom:scripting/monoscript/fileName/BaseCounter.cs: cd6051b4b8cec3afd16185ce25b1a1f0 -> 8a8847f959b2c1c10c3f4716ae577bf0
  custom:scripting/monoscript/fileName/Player.cs: 5bb3fdd25abedb90511c7231fb5a2164 -> 007e2e63cbf915a2b71612a7f593548a
  custom:audio-encoder-webm-vorbis: bf7c407c2cedff20999df2af8eb42d56 -> 
  custom:scripting/precompiled-assembly-types:Assembly-CSharp: d547453e8da30c42783a9cc5736b3c04 -> cd2bb9437acc37684b6413b74e80fa56
  custom:scripting/monoscript/fileName/ChopProgressBar.cs: 231b153a21cab90e5ff5b29fd1719d23 -> 
========================================================================
Received Prepare
Caller must complete domain reload
Begin MonoManager ReloadAssembly
Thread 0x16ddff000 may have been prematurely finalized
- Loaded All Assemblies, in  0.165 seconds
Native extension for Android target not found
Native extension for OSXStandalone target not found
Mono: successfully reloaded assembly
- Finished resetting the current domain, in  0.322 seconds
Domain Reload Profiling: 488ms
	BeginReloadAssembly (62ms)
		ExecutionOrderSort (0ms)
		DisableScriptedObjects (2ms)
		BackupInstance (0ms)
		ReleaseScriptingObjects (0ms)
		CreateAndSetChildDomain (22ms)
	RebuildCommonClasses (16ms)
	RebuildNativeTypeToScriptingClass (5ms)
	initialDomainReloadingComplete (9ms)
	LoadAllAssembliesAndSetupDomain (73ms)
		LoadAssemblies (85ms)
		RebuildTransferFunctionScriptingTraits (0ms)
		AnalyzeDomain (8ms)
			TypeCache.Refresh (4ms)
				TypeCache.ScanAssembly (0ms)
			ScanForSourceGeneratedMonoScriptInfo (0ms)
			ResolveRequiredComponents (3ms)
	FinalizeReload (323ms)
		ReleaseScriptCaches (0ms)
		RebuildScriptCaches (0ms)
		SetupLoadedEditorAssemblies (202ms)
			LogAssemblyErrors (0ms)
			InitializePlatformSupportModulesInManaged (6ms)
			SetLoadedEditorAssemblies (1ms)
			RefreshPlugins (0ms)
			BeforeProcessingInitializeOnLoad (22ms)
			ProcessInitializeOnLoadAttributes (165ms)
			ProcessInitializeOnLoadMethodAttributes (8ms)
			AfterProcessingInitializeOnLoad (0ms)
			EditorAssembliesLoaded (0ms)
		ExecutionOrderSort2 (0ms)
		AwakeInstancesAfterBackupRestoration (2ms)
Refreshing native plugins compatible for Editor in 0.52 ms, found 2 plugins.
Preloading 0 native plugins for Editor in 0.00 ms.
Unloading 3518 Unused Serialized files (Serialized files now loaded: 0)
Unloading 14 unused Assets / (28.6 KB). Loaded Objects now: 4127.
Memory consumption went from 339.3 MB to 339.3 MB.
Total: 1.861084 ms (FindLiveObjects: 0.107750 ms CreateObjectMapping: 0.036167 ms MarkObjects: 1.690875 ms  DeleteObjects: 0.025875 ms)

Prepare: number of updated asset objects reloaded= 0
AssetImportParameters requested are different than current active one (requested -> active):
  custom:scripting/monoscript/fileName/TrashCounter.cs: 88d16bed05c7fd027ca4415093501e86 -> 
  custom:container-demuxer-ogg: 62fdf1f143b41e24485cea50d1cbac27 -> 
  custom:scripting/monoscript/fileName/ChoopedIngredientSOList.cs: 7a0a9d8f0ad2d7dfec1b9330edda5b28 -> b93ebbe3d94e1c4fad23066bbb9cc5f7
  custom:scripting/monoscript/fileName/StoveCounter.cs: 84bb839d307067d4875a5b032ccb12b3 -> 
  custom:video-decoder-ogg-theora: a1e56fd34408186e4bbccfd4996cb3dc -> 
  custom:CustomObjectIndexerAttribute: 9a22284fe3817be447336de3de66b15e -> 
  custom:scripting/monoscript/fileName/FryingObjectSOList.cs: 46bd82644a8c913fd7d8784ffcb2625c -> 
  custom:container-demuxer-webm: 4f35f7cbe854078d1ac9338744f61a02 -> 
  custom:scripting/monoscript/fileName/KitchenObjSoList.cs: f2125f59e1ed53735c6cda03e60eb5f5 -> a21d60e107038a457bb0764563fd4112
  custom:container-muxer-webm: aa71ff27fc2769a1b78a27578f13a17b -> 
  custom:scripting/monoscript/fileName/ClearCounter.cs: 5d0fbef6c2002d969e99320db672c5b6 -> 733019e1f683a3c33c1b0f446554f075
  custom:video-decoder-webm-vp8: 9c59270c3fd7afecdb556c50c9e8de78 -> 
  custom:SearchIndexIgnoredProperties: e643bd26f0fe6173181afceb89e7c659 -> 
  custom:AudioImporter_EditorPlatform: 3918e3fc78b5a79bad01e8451be0beb8 -> 
  custom:scripting/monoscript/fileName/PlayerInput.cs: 2cf7c0ee91f9e507fe6d9fc925a50b9a -> dc52ec71c24d6d3edde0b9151f58bd83
  custom:scripting/monoscript/fileName/CuttingCounter.cs: ad436e863b5d1be449c3a8adf4798ba8 -> 67b15e47c662030364c26877176af684
  custom:framework-osx-AVFoundation: e770b220cccbd017edd2c1fefb359320 -> 
  custom:scripting/monoscript/fileName/Fridge.cs: b903be7b317b737ad27e8a16c7f30f06 -> dd8c4daa899428dcafacf02625ba4447
  custom:video-encoder-webm-vp8: eb34c28f22e8b96e1ab97ce403110664 -> 
  custom:audio-decoder-ogg-vorbis: bf7c407c2cedff20999df2af8eb42d56 -> 
  custom:scripting/monoscript/fileName/BaseCounter.cs: cd6051b4b8cec3afd16185ce25b1a1f0 -> 8a8847f959b2c1c10c3f4716ae577bf0
  custom:scripting/monoscript/fileName/Player.cs: 5bb3fdd25abedb90511c7231fb5a2164 -> 007e2e63cbf915a2b71612a7f593548a
  custom:audio-encoder-webm-vorbis: bf7c407c2cedff20999df2af8eb42d56 -> 
  custom:scripting/precompiled-assembly-types:Assembly-CSharp: d547453e8da30c42783a9cc5736b3c04 -> cd2bb9437acc37684b6413b74e80fa56
  custom:scripting/monoscript/fileName/ChopProgressBar.cs: 231b153a21cab90e5ff5b29fd1719d23 -> 
========================================================================
Received Import Request.
  Time since last request: 458.035937 seconds.
  path: Assets/Prefabs/Appliance/kitchencounter_straight_B_backsplash.prefab
  artifactKey: Guid(2bf154795b0aa49a0bf5ab1953313c37) Importer(815301076,1909f56bfc062723c751e8b465ee728b)
Start importing Assets/Prefabs/Appliance/kitchencounter_straight_B_backsplash.prefab using Guid(2bf154795b0aa49a0bf5ab1953313c37) Importer(815301076,1909f56bfc062723c751e8b465ee728b) [PhysX] Initialized MultithreadedTaskDispatcher with 12 workers.
[PhysX] Initialized MultithreadedTaskDispatcher with 12 workers.
 -> (artifact id: 'bf4ee34a4c9d86590b6852421b774c67') in 0.091033 seconds
Number of updated asset objects reloaded before import = 0
Number of asset objects unloaded after import = 85
========================================================================
Received Prepare
Caller must complete domain reload
Begin MonoManager ReloadAssembly
Thread 0x16ddff000 may have been prematurely finalized
- Loaded All Assemblies, in  0.178 seconds
Native extension for Android target not found
Native extension for OSXStandalone target not found
Mono: successfully reloaded assembly
- Finished resetting the current domain, in  0.487 seconds
Domain Reload Profiling: 665ms
	BeginReloadAssembly (62ms)
		ExecutionOrderSort (0ms)
		DisableScriptedObjects (2ms)
		BackupInstance (0ms)
		ReleaseScriptingObjects (0ms)
		CreateAndSetChildDomain (20ms)
	RebuildCommonClasses (15ms)
	RebuildNativeTypeToScriptingClass (6ms)
	initialDomainReloadingComplete (9ms)
	LoadAllAssembliesAndSetupDomain (86ms)
		LoadAssemblies (98ms)
		RebuildTransferFunctionScriptingTraits (0ms)
		AnalyzeDomain (9ms)
			TypeCache.Refresh (4ms)
				TypeCache.ScanAssembly (0ms)
			ScanForSourceGeneratedMonoScriptInfo (0ms)
			ResolveRequiredComponents (3ms)
	FinalizeReload (488ms)
		ReleaseScriptCaches (0ms)
		RebuildScriptCaches (0ms)
		SetupLoadedEditorAssemblies (205ms)
			LogAssemblyErrors (0ms)
			InitializePlatformSupportModulesInManaged (6ms)
			SetLoadedEditorAssemblies (1ms)
			RefreshPlugins (0ms)
			BeforeProcessingInitializeOnLoad (22ms)
			ProcessInitializeOnLoadAttributes (168ms)
			ProcessInitializeOnLoadMethodAttributes (7ms)
			AfterProcessingInitializeOnLoad (0ms)
			EditorAssembliesLoaded (0ms)
		ExecutionOrderSort2 (0ms)
		AwakeInstancesAfterBackupRestoration (1ms)
Refreshing native plugins compatible for Editor in 0.61 ms, found 2 plugins.
Preloading 0 native plugins for Editor in 0.00 ms.
Unloading 3517 Unused Serialized files (Serialized files now loaded: 0)
Unloading 14 unused Assets / (28.7 KB). Loaded Objects now: 4135.
Memory consumption went from 345.8 MB to 345.8 MB.
Total: 1.929375 ms (FindLiveObjects: 0.096125 ms CreateObjectMapping: 0.027333 ms MarkObjects: 1.782042 ms  DeleteObjects: 0.023208 ms)

Prepare: number of updated asset objects reloaded= 0
AssetImportParameters requested are different than current active one (requested -> active):
  custom:scripting/monoscript/fileName/TrashCounter.cs: 88d16bed05c7fd027ca4415093501e86 -> 
  custom:container-demuxer-ogg: 62fdf1f143b41e24485cea50d1cbac27 -> 
  custom:scripting/monoscript/fileName/ChoopedIngredientSOList.cs: 7a0a9d8f0ad2d7dfec1b9330edda5b28 -> b93ebbe3d94e1c4fad23066bbb9cc5f7
  custom:scripting/monoscript/fileName/StoveCounter.cs: 84bb839d307067d4875a5b032ccb12b3 -> 
  custom:video-decoder-ogg-theora: a1e56fd34408186e4bbccfd4996cb3dc -> 
  custom:CustomObjectIndexerAttribute: 9a22284fe3817be447336de3de66b15e -> 
  custom:scripting/monoscript/fileName/FryingObjectSOList.cs: 46bd82644a8c913fd7d8784ffcb2625c -> 
  custom:container-demuxer-webm: 4f35f7cbe854078d1ac9338744f61a02 -> 
  custom:scripting/monoscript/fileName/KitchenObjSoList.cs: f2125f59e1ed53735c6cda03e60eb5f5 -> a21d60e107038a457bb0764563fd4112
  custom:container-muxer-webm: aa71ff27fc2769a1b78a27578f13a17b -> 
  custom:scripting/monoscript/fileName/ClearCounter.cs: 5d0fbef6c2002d969e99320db672c5b6 -> 733019e1f683a3c33c1b0f446554f075
  custom:video-decoder-webm-vp8: 9c59270c3fd7afecdb556c50c9e8de78 -> 
  custom:SearchIndexIgnoredProperties: e643bd26f0fe6173181afceb89e7c659 -> 
  custom:AudioImporter_EditorPlatform: 3918e3fc78b5a79bad01e8451be0beb8 -> 
  custom:scripting/monoscript/fileName/PlayerInput.cs: 2cf7c0ee91f9e507fe6d9fc925a50b9a -> dc52ec71c24d6d3edde0b9151f58bd83
  custom:scripting/monoscript/fileName/CuttingCounter.cs: ad436e863b5d1be449c3a8adf4798ba8 -> 67b15e47c662030364c26877176af684
  custom:framework-osx-AVFoundation: e770b220cccbd017edd2c1fefb359320 -> 
  custom:scripting/monoscript/fileName/Fridge.cs: b903be7b317b737ad27e8a16c7f30f06 -> dd8c4daa899428dcafacf02625ba4447
  custom:video-encoder-webm-vp8: eb34c28f22e8b96e1ab97ce403110664 -> 
  custom:audio-decoder-ogg-vorbis: bf7c407c2cedff20999df2af8eb42d56 -> 
  custom:scripting/monoscript/fileName/BaseCounter.cs: cd6051b4b8cec3afd16185ce25b1a1f0 -> 8a8847f959b2c1c10c3f4716ae577bf0
  custom:scripting/monoscript/fileName/Player.cs: 5bb3fdd25abedb90511c7231fb5a2164 -> 007e2e63cbf915a2b71612a7f593548a
  custom:audio-encoder-webm-vorbis: bf7c407c2cedff20999df2af8eb42d56 -> 
  custom:scripting/precompiled-assembly-types:Assembly-CSharp: d547453e8da30c42783a9cc5736b3c04 -> cd2bb9437acc37684b6413b74e80fa56
  custom:scripting/monoscript/fileName/ChopProgressBar.cs: 231b153a21cab90e5ff5b29fd1719d23 -> 
